region_name,year,dotations,dotations_equalization,other_dotations,subsidies,subventions,other_transfers,PST,ln_population,Urbanization,ln_grp_pc,ln_grp_pc_L1,grp_growth,russian_share,republic,turnout,UR,Putin,closeness_centrality,patronaged,t1,log_growth,closeness_centr,mean_closeness_centr,mean_patronaged,mean_t1,mean_ln_population,mean_ln_grp_pc_L1,mean_log_growth,mean_Urbanization,mean_UR,mean_turnout,mean_Putin
Белгородская область,2012,1.770814520819694,0.8965579764541955,0.8742565443654987,23.5120768413261,5.322247323131851,3.702539992317002,24.3863333856916,14.24681688705224,66.2,13.46014151432313,13.40971681842575,5.171766171820735,94.36612621715348,0,75.5,51.2,59.3,0.6271600887862697,1.0,0.0,0.05042469589738019,6.271600887862697,6.258075849451342,1.0,0.1,14.252721865917223,13.553597196052564,0.028085594452510066,65.83500000000001,52.95,68.85,65.423
Брянская область,2012,15.53227907120853,14.44988790249477,1.082391168713758,17.00577038010148,9.252968757634923,3.668820487775806,18.08816154881524,14.04500748378399,69.24,12.67150957816323,12.58263974901036,9.293837835173768,96.70319132613922,0,59.9,50.1,64.02,0.0,0.0,0.0,0.08886982915286978,0.0,5.557272194605841,0.7,0.1,14.01017982111388,12.761148914465238,0.03458679688419597,69.51,57.0,57.5,69.294
Владимирская область,2012,7.316871167318936,5.885485656556927,1.431385510762009,8.603076770689672,7.831866431701587,5.376564870533779,10.03446228145168,14.17265759045167,77.55,12.93905058657579,12.91165168439692,2.777770376828048,95.58201060163185,0,48.6,37.6,53.49,0.5120964434645948,1.0,0.0,0.027398902178870088,5.120964434645948,4.579569635101675,0.7,0.2,14.148317042139514,12.981501158236167,0.028902071409907925,77.69,41.4,43.5,59.538
Воронежская область,2012,11.77004087409208,9.995653546950868,1.774387327141209,13.08452626869527,6.457982111181273,4.044216317306894,14.85891359583648,14.66258282147784,66.16,13.03635506586528,12.9470238473212,9.344276487510484,95.50289463735784,0,64.3,50.0,61.34,0.9999993541670816,1.0,0.0,0.08933121854408022,9.999993541670817,8.947648293289495,1.0,0.1,14.66311066675936,13.110858337994335,0.02729048016193012,67.483,54.55,59.05,66.602
Ивановская область,2012,28.68796096474014,27.95487047844552,0.7330904862946133,7.714170078415654,7.655275830373774,4.307755112866381,8.447260564710266,13.85869264527328,81.06,12.61011670581729,12.63680028115729,-2.633071424193234,95.57495314218058,0,53.2,40.1,61.85,0.575963346844531,1.0,0.0,-0.026683575339999877,5.75963346844531,6.5690167994383755,0.9,0.2,13.805708923317388,12.617724326485558,0.0073315337883800066,81.444,41.25,45.85,64.706
Тверская область,2012,7.138972375746286,5.270744133077792,1.868228242668494,8.384551982424101,8.372318293915033,3.228699638165806,10.25278022509259,14.10634714968425,74.86,12.9200170440765,12.91375726722159,0.6279410203462676,93.45164623819502,0,53.5,38.4,58.02,0.5485957580095859,1.0,1.0,0.006259776854911081,5.485957580095859,5.305831705064431,0.8,0.2,14.06973721325139,12.960396311643638,0.011981358425233068,75.59299999999999,41.7,47.55,62.979
Калужская область,2012,4.399721568547195,1.057645764950402,3.342075803596793,7.356749090952064,4.863943667786067,3.490199873312496,10.69882489454886,13.830607030627,76.2,13.26719130095058,13.17920894622751,9.196885376537534,93.0800802880774,0,57.6,40.4,59.02,0.6334160497716674,1.0,0.0,0.0879823547230707,6.334160497716674,6.4246208961410645,1.0,0.1,13.85554041843769,13.249145898689758,0.01749197480236795,75.735,43.05,50.35,64.162
Костромская область,2012,17.39992593950496,14.53129292270789,2.868633016797074,9.671519000012566,8.771340884441651,4.423270475277298,12.54015201680964,13.39148170482828,70.38,12.8104536733775,12.75863003989581,5.318997868292552,96.59759640453902,0,57.3,30.7,52.78,0.85,1.0,0.0,0.051823633481690834,8.5,8.072859485517743,1.0,0.1,13.339556055879871,12.851212249900556,0.019911432202010103,71.98400000000001,33.65,48.35,57.559000000000005
Курская область,2012,8.00273000094412,7.265511057366747,0.7372189435773729,14.27865846541443,6.928652344601113,2.232764108954214,15.0158774089918,13.92847935709144,66.15,13.01724458804568,12.96798607674178,5.049187966741586,96.48180915317877,0,54.7,45.7,60.45,0.8246747920728531,1.0,0.0,0.0492585113038988,8.24674792072853,8.290882112478176,1.0,0.1,13.919282964584486,13.145400230172722,0.039278141499276845,67.375,48.7,50.85,66.61800000000001
Липецкая область,2012,0.5883218317252503,0.4594734801965201,0.1288483515287302,12.89925585951396,6.007679726553313,4.487161276332456,13.02810421104269,13.97017225005966,63.76,13.3067184884816,13.28650061684739,2.04236371751696,96.26322297018821,0,56.9,40.1,61.0,0.0,0.0,0.0,0.020217871634210738,0.0,2.0568206848455426,0.3,0.1,13.96618993541692,13.392307693976097,0.023520154098316048,63.512,48.15,54.75,66.949
Московская область,2012,0.3038995555027155,0.0,0.3038995555027155,9.245638531273242,3.26286811590326,7.491267414597191,9.549538086775957,15.80538536961003,79.96,13.4656564824299,13.43804773399145,2.799340170600839,92.91775841693203,0,51.0,32.8,56.85,0.0,0.0,0.0,0.027608748438449737,0.0,7.023968238094758,0.9,0.1,15.885742041004724,13.471572415288097,0.015701077232158946,79.455,39.4,44.6,62.141999999999996
Орловская область,2012,17.20407957301482,17.20407957301482,0.0,19.09874185536322,7.166787509522663,2.981410320129551,19.09874185536322,13.56451265101378,65.78,12.90409167599945,12.85911925529157,4.599901159861397,96.04297520231538,0,64.7,39.0,52.84,0.0,0.0,0.0,0.04497242070787877,0.0,3.830051924606397,0.6,0.2,13.52696250430007,12.959555213680265,0.02072357290982385,66.462,43.45,59.15,60.019000000000005
Рязанская область,2012,5.767633815239421,5.619425530925862,0.1482082843135593,16.84123540992377,9.177565535728743,5.015983311620508,16.98944369423733,13.95379227491134,70.88,12.99817061429025,12.94727780973745,5.221009510589147,95.11195291262811,0,52.7,39.8,59.74,0.6902169455392364,1.0,0.0,0.05089280455280054,6.9021694553923645,4.456927781319715,0.7,0.1,13.938522044765856,13.013257137578137,0.016012176634652063,71.239,47.15,48.0,64.72
Смоленская область,2012,10.93537169508291,8.7282552432717,2.207116451811207,14.87388494983491,5.956964602303862,5.367563211479982,17.08100140164612,13.7897403399657,72.68,12.89077942037623,12.84347422548549,4.844193937976082,94.66093975086856,0,49.6,36.2,56.69,0.0,0.0,0.0,0.0473051948907397,0.0,0.0,0.0,0.1,13.75185863536998,12.952967034060379,0.023782608667671033,72.503,42.15,45.0,61.73
Тамбовская область,2012,23.4906043960471,23.26900839094458,0.2215960051025255,24.38867240124215,7.915305758202046,3.627412645954708,24.61026840634468,13.89142660884378,58.77,12.74034206092133,12.64847494713495,9.621913999065711,96.98967348305317,0,68.3,66.7,71.76,0.0,0.0,0.0,0.09186711378638002,0.0,0.0,0.0,0.1,13.851756469223428,12.895621793221153,0.03668518441231594,59.628,65.1,58.8,74.775
Тульская область,2012,4.552570922586952,3.222919167943061,1.329651754643891,7.280242440208645,7.081600072125814,4.309643097017394,8.609894194852536,14.25175896103513,78.34,12.90911563900654,12.88226296195612,2.721645905696124,95.30925002623609,0,72.8,61.3,67.77,0.7405243030858282,1.0,1.0,0.02685267705041916,7.405243030858282,8.399521489189901,1.0,0.2,14.24050427557213,13.069838428029508,0.04070484021754996,75.926,57.15,59.2,71.199
Ярославская область,2012,2.415462837910047,1.377728833813635,1.037734004096412,6.287017823032619,5.453753402950869,4.181340250247032,7.324751827129031,14.05331648928704,82.05,13.05054694481742,13.00430749343567,4.732516439186663,95.96558891889833,0,55.9,29.0,54.53,0.7055550998845518,1.0,0.0,0.046239451381749674,7.055550998845518,5.257900789212982,0.6,0.2,14.039261888917235,13.116074009342586,0.025374938754583985,81.66900000000001,33.7,46.85,59.723
г. Москва,2012,0.03410532369372696,0.0,0.03410532369372696,1.872666720762536,1.658324060453265,2.25272269085728,1.906772044456263,16.28014000786433,100.0,14.38837333944725,14.37201570268734,1.649215536803617,91.65044468473364,0,61.7,46.6,46.95,0.9584899470129777,1.0,0.0,0.016357636759909866,9.584899470129777,9.757022611351823,1.0,0.0,16.338118114759993,14.357745724283001,0.006782166732758022,100.0,42.2,48.5,54.126
Республика Карелия,2012,13.19934359899043,11.34298682475018,1.856356774240252,5.832607392135094,9.37149714744087,4.097028638184764,7.688964166375346,13.35407015937903,78.42,13.4095457418571,13.38136650460191,2.858002776125312,82.18881340785018,1,50.3,32.3,55.38,0.0,0.0,0.0,0.02817923725518945,0.0,6.592661288576157,0.9,0.2,13.27598030606928,13.484420656046058,0.025210717604336,78.965,34.8,44.95,60.678
Республика Коми,2012,2.123343086132613,1.586351424236459,0.5369916618961533,3.67139695924265,4.042743367608096,3.827510942927637,4.208388621138803,13.68212544035532,77.18,14.00346850722662,13.96749159774507,3.663190984633036,65.07796414152824,1,72.6,58.8,65.02,0.0,0.0,0.0,0.03597690948154941,0.0,4.22213048271865,0.6,0.2,13.602233948025196,13.96424227136382,0.0006625953060579448,77.464,48.3,56.7,66.946
Архангельская область,2012,7.508734948495903,6.45384299566815,1.054891952827753,6.28776025534516,6.905867882263431,2.579667137067569,7.342652208172913,13.95669409808601,76.34,13.16175847923364,13.10469140629539,5.872681993268714,95.58024333912395,0,50.0,31.9,57.97,0.7195462775026603,1.0,0.0,0.05706707293825097,7.195462775026603,7.068758662357756,1.0,0.1,13.879810975329358,13.259508408329705,0.03269411072146813,77.051,38.2,43.3,63.160000000000004
Вологодская область,2012,3.143300485527487,3.143300485527487,0.0,8.936526785127787,8.141095372524326,4.639648352043554,8.936526785127787,13.9954584665496,71.19,13.63009649642501,13.58101677807252,5.030407591331132,97.26601120869842,0,56.3,33.4,59.44,0.5545847946690806,1.0,1.0,0.049079718352489365,5.545847946690806,5.559465151077335,1.0,0.1,13.978454104032071,13.637740710257905,0.01258994856479596,71.975,35.3,48.6,63.330999999999996
Калининградская область,2012,4.130100460341071,1.238824308497745,2.891276151843326,29.76363724181985,4.102986874953895,2.047213944569527,32.65491339366318,13.76544598207709,77.23,13.26663199790753,13.22780902169236,3.958643583467913,86.42750701458407,0,54.6,37.1,52.55,0.0,0.0,0.0,0.038822976215168836,0.0,3.517805176669593,0.5,0.1,13.803348201913462,13.295133041532399,0.01816559597245391,76.973,40.25,49.35,59.69
Ленинградская область,2012,1.782848986560423,0.0,1.782848986560423,5.416906642380789,5.404311997510954,2.482111123043392,7.199755628941212,14.37829902192199,64.89,13.44216196231639,13.39634104669876,4.688691307223158,92.7461159300702,0,51.5,33.0,61.9,0.7627622701454626,1.0,0.0,0.045820915617630575,7.6276227014546265,7.335358655821446,1.0,0.1,14.436191328474141,13.442904586800628,0.011770313701108037,65.303,41.5,47.8,67.033
Мурманская область,2012,7.832421383962945,2.716537333721386,5.11588405024156,4.48520822667248,3.453372810045253,4.131203625219523,9.60109227691404,13.56152628309839,92.88,13.93741118493976,13.91649987652248,2.113148185390368,88.97184610589743,0,51.9,32.0,60.05,0.0,0.0,0.0,0.02091130841728095,0.0,1.4629845967686022,0.2,0.2,13.49139371358441,14.040909289964551,0.03979363204139297,92.986,37.0,45.8,64.946
Новгородская область,2012,2.508024599463083,1.60180683702125,0.9062177624418334,26.5065340197737,7.215105973843504,4.086172035538336,27.41275178221553,13.34882142968637,70.7,13.05212347652804,12.9651957511919,9.081783837659007,95.06018883770646,0,56.6,34.6,57.91,0.7277932262419455,1.0,0.0,0.08692772533614068,7.277932262419455,7.851502783919419,1.0,0.1,13.316641027128764,13.146522818285362,0.03242789246234708,71.64500000000001,37.35,48.25,62.331999999999994
Псковская область,2012,19.19417799142019,18.01715103198374,1.177026959436447,12.19212497112066,9.620224778460425,4.578167643962712,13.36915193055711,13.40280177769523,70.15,12.71990666354748,12.70917309466648,1.07913802872226,95.01212251056963,0,52.9,36.7,59.69,0.9039140069695333,1.0,0.0,0.0107335688809993,9.039140069695332,8.057939850703216,1.0,0.1,13.355894012261155,12.758881013677406,0.013595769047086925,70.441,40.9,47.5,64.298
г. Санкт-Петербург,2012,5.795378211298809,0.0,5.795378211298809,1.395320293529162,2.728690636253531,2.412167562135615,7.190698504827971,15.4295727618625,100.0,14.1606796568168,14.13586682392727,2.512323321405208,92.47680067304842,0,55.2,35.4,58.77,0.920289260718981,1.0,1.0,0.02481283288953051,9.20289260718981,9.314087418118442,1.0,0.2,15.49722681671185,14.15777414233609,0.02000782640407799,100.0,37.55,43.95,63.64200000000001
Ненецкий автономный округ,2012,,0.0,0.0,0.3915207454403059,2.352914636687484,1.295214241661934,0.3915207454403059,10.65036505551704,69.46,16.05787091334317,16.11204335848599,-5.273125947687651,66.12571031539244,0,56.1,36.0,57.05,0.0,0.0,0.0,-0.0541724451428216,0.0,2.8070767836081694,0.4,0.3,10.645855089516278,16.134450599373572,-0.0007417630986772394,72.111,38.55,50.45,61.279999999999994
Республика Калмыкия,2012,27.79105505795279,25.90008876946439,1.890966288488398,19.04392223596744,5.923927264475274,5.583528209546708,20.93488852445584,12.56013568140487,44.68,12.79979402148668,12.7904751554333,0.9362421877466831,30.21315445326077,1,63.2,66.1,70.3,0.0,0.0,0.0,0.009318866053378727,0.0,1.475885844675597,0.2,0.1,12.528290997617901,12.84492623117244,0.006397844955817966,45.583,68.35,60.35,73.708
Краснодарский край,2012,5.815809667289977,2.486200720604118,3.329608946685859,21.77261234099191,3.785178930109476,5.341213300382655,25.10222128767777,15.48822876279806,53.54,13.19569720333061,13.17127093540327,2.472703307365043,88.25308927432054,0,72.6,56.2,63.72,0.7405243030858282,1.0,0.0,0.024426267927340817,7.405243030858282,8.459223335820525,1.0,0.1,15.54067998324553,13.190794219767906,0.0070424677028171345,55.198,57.75,61.9,69.00899999999999
Астраханская область,2012,5.37409912769037,3.733397220247044,1.640701907443325,11.74382458679511,4.207491587337329,2.31455365146918,13.38452649423844,13.82495382959157,66.41,13.07514677973197,12.96694124871173,11.42767402881464,67.57391327159684,0,56.0,60.2,68.76,0.0,0.0,0.0,0.10820553102023922,0.0,2.6100094728212637,0.3,0.1,13.810541734377562,13.269590553481365,0.04760383200078096,65.529,51.2,46.5,71.21700000000001
Волгоградская область,2012,5.371803992107479,4.051134885470602,1.320669106636877,13.87853647040345,5.091797727360731,3.483687242278684,15.19920557704033,14.76896064909162,76.18,13.00336043875921,12.97250922343446,3.133204606717066,90.0076005020229,0,52.0,35.5,63.41,0.0,0.0,0.0,0.030851215324748438,0.0,4.767324418191054,0.7,0.2,14.753148639200223,13.007406433970996,-0.0009375837079140581,76.74600000000001,43.05,47.1,67.652
Ростовская область,2012,8.620379672022862,7.30381334014295,1.31656633187991,10.06928805082439,6.269115671669819,5.038905545843826,11.3858543827043,15.2654170737768,67.51,12.84809884421175,12.82178721448933,2.666083665906926,90.34490047107509,0,59.3,50.2,62.66,0.8552183028903673,1.0,0.0,0.026311629722419738,8.552183028903674,8.404824658871652,1.0,0.0,15.260756375979733,12.950497172196648,0.027197563937771996,67.837,54.5,53.75,67.553
Республика Адыгея,2012,27.89509738473097,25.32092511564671,2.574172269084259,18.2448542553791,5.611318552013239,7.679382378882536,20.81902652446336,13.01118374123614,50.73,12.5943106728014,12.54801428278162,4.738479935805318,63.63961202296268,1,65.9,61.0,64.07,0.7114841343373648,1.0,0.0,0.04629639001977992,7.114841343373648,3.5630262896737426,0.5,0.1,13.059570643995745,12.64504410493838,0.020816969755541946,50.262,60.2,59.9,69.2
Республика Дагестан,2012,49.41791513236982,49.40960152932588,0.008313603043938689,19.43200016401653,5.055204341854156,2.891775669193617,19.44031376706047,14.89532595341609,45.1,12.32368052982778,12.2854304925997,3.899098682941271,3.597043936705582,1,91.1,91.4,92.84,0.7277932262419455,1.0,0.0,0.03825003722807985,7.277932262419455,2.734843020855516,0.5,0.3,14.933403593406263,12.396163307482151,0.01545040569252496,45.156,90.15,89.6,92.21600000000001
Кабардино-Балкарская Республика,2012,29.82710284937625,29.82710284937625,0.0,24.18306675688827,4.574162519223616,2.552056406297649,24.18306675688827,13.66854996738235,53.93,12.30218052340143,12.24879890862261,5.48321078431373,22.52089964671727,1,98.4,81.9,77.64,0.0,0.0,0.0,0.05338161477881975,0.0,5.4403455889367445,0.8,0.2,13.690886525080558,12.308210319625527,0.012181354804779864,52.86,79.8,94.25,82.362
Республика Северная Осетия - Алания,2012,39.16480234795884,34.56092032742788,4.603882020530957,18.31832845228122,6.727408045570532,3.584528423841973,22.92221047281218,13.46957488393804,63.78,12.52131837073441,12.50100719140863,2.051885499139261,20.82180223463845,1,85.8,67.9,70.06,0.0,0.0,0.0,0.02031117932577864,0.0,0.0,0.0,0.1,13.459118731636224,12.517267381598192,0.006880711986072896,63.608000000000004,67.5,85.7,73.495
Республика Ингушетия,2012,41.6319572030096,36.33381571989245,5.298141483117149,36.97225664136363,6.515321865947719,3.407355474578259,42.27039812448078,12.9823354996715,41.64,11.85190527730524,11.73936415905799,11.9118272148564,0.7848507929068043,1,86.4,91.0,91.91,0.688346438911759,1.0,0.0,0.11254111824725044,6.88346438911759,6.82859333063233,1.0,0.1,13.065479178316718,11.90951439178394,0.012066256805663932,48.587,81.7,83.9,89.288
Ставропольский край,2012,15.03453890090377,13.78660217934308,1.247936721560688,14.17860426111192,5.085695273005454,4.424243291596784,15.42654098267261,14.84704813430134,57.72,12.63042644787209,12.62933552172673,0.1091521421727082,80.89193187278804,0,50.9,49.1,64.47,0.0,0.0,0.0,0.0010909261453591057,0.0,5.893657974680566,0.8,0.2,14.867542618269079,12.68111512996347,0.01574851868743199,59.101,51.7,46.5,69.294
Карачаево-Черкесская Республика,2012,40.851713748615,29.46715856872174,11.38455517989327,22.17424816326261,4.455287332336967,11.83320325893724,33.55880334315588,13.06805501595099,42.82,12.35423074987942,12.30297783956637,5.258907025360561,31.62682350957079,1,93.2,89.8,91.36,0.4096771547716753,1.0,1.0,0.05125291031304968,4.096771547716753,5.409677154771676,0.6,0.1,13.061394703752617,12.320611363457397,0.004807182182550029,41.968,85.75,93.25,90.244
Республика Башкортостан,2012,4.340514460783811,3.594885098311123,0.7456293624726876,7.124237180402157,6.511991763262101,2.089149902373219,7.869866542874845,15.220449277807,60.83,13.05619486771116,13.01385927199097,4.324452840874349,36.05048909105547,1,79.3,70.5,75.28,0.7514788046107664,1.0,0.0,0.04233559572018919,7.514788046107665,7.450630017873901,1.0,0.1,15.22755518188148,13.08045975577841,0.009329076720191943,61.440999999999995,63.45,74.55,76.003
Республика Марий Эл,2012,27.1774667194756,26.39073512521589,0.7867315942597147,12.85666296938517,6.880592917983694,1.777658135121299,13.64339456364488,13.44750307121454,64.12,12.62290987290366,12.5263928136542,10.13283688189199,47.40038953391814,1,71.3,52.2,59.98,0.7114841343373648,1.0,0.0,0.09651705924946086,7.114841343373648,5.626577630900743,0.8,0.1,13.439098279595418,12.678866506020535,0.01923977640964498,66.176,49.45,62.35,64.18299999999999
Республика Мордовия,2012,14.9734892045987,12.84731849014608,2.12617071445262,36.52934538829635,5.518682872581107,5.016346923947254,38.65551610274897,13.62111115676431,60.88,12.5989238286368,12.57035222874741,2.898368331493262,53.35929928018452,1,94.2,91.6,87.06,0.0,0.0,0.0,0.028571599889389176,0.0,0.680851615405779,0.1,0.2,13.602410763003665,12.723619405439708,0.02969477876152098,62.263999999999996,88.0,88.6,86.547
Республика Татарстан,2012,1.168559611459606,0.0,1.168559611459606,18.33677276245192,4.92374707231423,2.833668460738837,19.50533237391152,15.15756511132205,75.8,13.61204384359244,13.56556630017936,4.757455385536846,39.71417582522228,1,79.5,77.8,82.7,0.7195462775026603,1.0,0.0,0.04647754341308108,7.195462775026603,7.09860463667785,1.0,0.0,15.184503930198208,13.640173051577909,0.012615270710136173,76.46900000000001,81.55,79.15,82.51700000000001
Удмуртская Республика,2012,6.838421703152077,3.144113061341964,3.694308641810113,9.54482393192206,6.167554956035253,5.279718774189319,13.23913257373217,14.22954220163856,66.48,13.20338907927821,13.16782932361036,3.619956507513655,62.2204206534331,1,56.6,45.1,65.75,0.0,0.0,0.0,0.03555975566785108,0.0,2.630665096225134,0.4,0.2,14.214643371335915,13.247385497285697,0.013070305571228147,65.38,47.8,50.55,68.894
Чувашская Республика,2012,17.00441977231173,16.24179442484922,0.762625347462503,12.82776376839249,8.11227109668056,4.64324459131777,13.59038911585499,14.03301986670138,59.57,12.65205635924599,12.58787268034946,6.628823542189433,26.86003905114038,1,61.7,43.4,62.32,0.0,0.0,0.0,0.06418367889652998,0.0,1.3548450698119257,0.2,0.1,14.015324518032207,12.646276986344116,0.013769500076335105,61.742999999999995,47.15,60.55,66.811
Нижегородская область,2012,3.054923532770748,1.930755710217378,1.12416782255337,5.961294134362324,5.607951240061036,5.391321802267887,7.085461956915694,15.00591076996193,79.07,13.1485398437871,13.10753394142775,4.185825494914397,95.14764485436845,0,58.9,44.6,63.9,0.0,0.0,0.0,0.04100590235935009,0.0,2.7441486780386897,0.4,0.1,14.984951678226073,13.206367438444673,0.02261661197393696,79.491,51.35,51.7,67.911
Кировская область,2012,19.45484548679349,18.94609897260723,0.5087465141862589,9.046872049106186,8.717145904437416,3.453120664650388,9.555618563292445,14.08638237650154,74.59,12.69886453230057,12.66729284392982,3.207536074477479,91.87916003881362,0,54.0,34.9,57.93,0.0,0.0,0.0,0.031571688370750195,0.0,0.0,0.0,0.1,14.029697272316138,12.76742057799933,0.028272655468727058,76.095,36.45,47.95,61.674
Самарская область,2012,0.6478479187540273,0.0,0.6478479187540273,5.126293038459504,5.108125452724948,3.489792938298459,5.774140957213531,14.98430758534111,80.31,13.39377965770766,13.34559562122779,4.93637587671556,85.55174732465221,0,53.0,39.4,58.56,0.7195462775026603,1.0,0.0,0.04818403647986891,7.195462775026603,3.4717206169145696,0.5,0.2,14.982020275793763,13.407048298633658,0.008391063280375022,80.023,45.1,52.95,63.738
Оренбургская область,2012,3.396727744507837,1.467553481660498,1.929174262847339,7.368450493358016,6.28068485185002,4.448285197481528,9.297624756205355,14.51356965528523,59.79,13.41907427044947,13.38723951755741,3.234689886996445,75.8767376585608,0,51.2,34.9,56.89,0.0,0.0,0.0,0.031834752892059726,0.0,1.3925682445400103,0.2,0.1,14.479405621805432,13.445290379354741,0.014717893964836115,59.587,37.9,46.45,61.714
Пензенская область,2012,17.09985728188936,14.672186323959,2.427670957930352,21.68339316966922,7.68166062093082,5.21181284306904,24.11106412759957,14.13071246216547,67.63,12.66598317234948,12.59452962949288,7.406825139945217,86.8020996304275,0,64.9,56.3,64.27,0.7559518927334483,1.0,0.0,0.07145354285659877,7.559518927334484,3.0619303429635636,0.4,0.1,14.098366359591276,12.77826841145454,0.0366029386578429,68.19500000000001,60.3,62.75,68.98299999999999
Пермский край,2012,0.6344672903419508,0.006787221184088034,0.6276800691578628,5.788634930030468,5.744827371105112,1.761683869638465,6.41631499918833,14.78214719559506,75.23,13.37359382692581,13.36684828352901,0.6768345817388166,87.10855422941499,0,48.1,36.3,62.94,0.0,0.0,0.0,0.006745543396800002,0.0,6.647569093528406,0.9,0.3,14.771588788703472,13.398245824194627,0.008567070829177048,75.654,39.5,41.65,66.663
Саратовская область,2012,10.20150726665659,7.792639788912995,2.408867477743597,11.55095161759447,4.987501524897928,4.206239089236337,13.95981909533807,14.73791337294484,74.84,12.78646085822916,12.72843036682452,5.974730840165154,87.55403917112397,0,67.3,64.9,70.64,0.73,1.0,0.0,0.05803049140464012,7.3,6.759308607098035,1.0,0.1,14.731359477747286,12.836899884145712,0.020306786101254026,75.899,66.55,65.9,72.947
Ульяновская область,2012,9.494559840587453,7.80738145414482,1.687178386442633,10.75433136615981,7.770995939378239,3.383508645264417,12.44150975260244,14.05958316074421,73.97,12.81159058350857,12.77971781398537,3.23861459672512,73.57869033536369,0,60.4,43.6,58.18,0.0,0.0,0.0,0.03187276952320062,0.0,0.0,0.0,0.0,14.032296613279021,12.85601346373942,0.01776994554110196,75.241,46.05,56.4,63.00699999999999
Курганская область,2012,25.9020891021805,24.64233804564798,1.259751056532519,12.60864215648406,8.60767767434826,2.744482362626683,13.86839321301658,13.69493036390532,60.7,12.61880098532625,12.643306125785,-2.420732711646811,92.47095274980636,0,56.5,44.4,63.39,0.0,0.0,0.0,-0.024505140458749963,0.0,2.1201965542942296,0.3,0.2,13.633687543490748,12.673840486292647,0.01188896439970204,62.435,42.95,49.15,66.363
Свердловская область,2012,0.8002693952259304,0.5016041847503093,0.2986652104756211,4.494349138574301,4.51134071104187,2.098911057113645,4.793014349049923,15.27681614389664,84.11,13.40411562162859,13.3376640094511,6.870925031050046,90.6531957904619,0,51.2,32.7,64.5,0.7341035721342152,1.0,0.0,0.06645161217748985,7.341035721342152,9.156499373804538,1.0,0.1,15.277535141773035,13.418360170253417,0.01509034847636297,84.94300000000001,36.6,46.35,67.53
Тюменская область,2012,10.53030976132373,0.0,10.53030976132373,1.534261860060221,1.939915156845542,1.745377485164178,12.06457162138395,14.13760854978199,61.93,13.90734961922172,13.90512564447123,0.2226449616672621,73.31976912372754,0,76.2,62.2,73.1,0.7055550998845518,1.0,0.0,0.0022239747504890772,7.055550998845518,7.07239478992211,1.0,0.1,14.218849082364192,13.851065183654274,-0.010386970251895989,64.976,60.3,78.65,75.095
Челябинская область,2012,6.791062066957948,2.984709642844335,3.806352424113614,6.541379186082455,6.914537482563156,4.009734656627072,10.34773161019607,15.06341373678799,82.16,13.19489086889665,13.17262441800372,2.251619853047604,83.79738904074622,0,59.7,50.3,65.02,0.0,0.0,0.0,0.022266450892930223,0.0,1.4601981898440337,0.2,0.2,15.063058138389987,13.21378815960539,0.013439296059669027,82.533,44.25,52.05,67.414
Ханты-Мансийский автономный округ - Югра,2012,,0.0,0.0,2.123295016668421,1.451046420659766,0.7696232479037959,2.123295016668421,14.26917200316782,91.65,15.1719990010568,15.20681352138889,-3.421546695975075,68.10534890794732,0,54.9,41.0,66.41,0.7405243030858282,1.0,0.0,-0.034814520332089316,7.405243030858282,7.309642049936467,1.0,0.0,14.312446241182107,15.101363631381437,-0.018493822206228926,91.899,44.3,47.1,69.356
Ямало-Ненецкий автономный округ,2012,,0.0,0.0,0.7904458331646997,0.7700725239550407,0.3613673465887702,0.7904458331646997,13.18720310317523,84.95,15.43716643231737,15.424049605231,1.320323002695445,61.73862802169426,0,82.2,71.7,84.58,0.6047615141867587,1.0,0.0,0.013116827086371075,6.047615141867587,6.287617879029826,1.0,0.1,13.15681205450636,15.626406435148212,0.050444200389276085,84.786,69.4,78.3,84.86800000000001
Республика Тыва,2012,50.88173741217895,50.52774370999992,0.3539937021790281,16.30210544411976,4.43073803142754,13.7828264318937,16.65609914629879,12.64560740229604,53.97,12.56303321200634,12.54712404449123,1.603639210430496,16.26883698581899,1,86.1,85.3,90.0,0.6920976456633207,1.0,0.0,0.015909167515109957,6.920976456633206,6.909227620251606,1.0,0.0,12.68017391648718,12.577339800353524,-0.0029048978322650854,54.451,83.95,88.1,90.59400000000001
Алтайский край,2012,24.82671383795209,24.10107757522459,0.7256362627275039,13.60520589074675,6.990620916300655,3.678906189333899,14.33084215347425,14.68570792603184,55.4,12.68209872355978,12.65801167136304,2.437948849409133,93.92766264596298,0,52.5,37.2,57.35,0.965778843948438,1.0,0.0,0.0240870521967409,9.657788439484381,8.48098297281967,1.0,0.1,14.644949049966584,12.76249114852617,0.02413049000470995,56.720000000000006,36.2,46.65,59.543000000000006
Красноярский край,2012,1.439636511669811,0.3038888307662988,1.135747680903512,8.46986888248188,4.917619984969102,2.462666686802625,9.605616563385391,14.86049384414505,76.87,13.87486917089049,13.82176710387593,5.453727309783329,91.31694705096045,0,49.7,36.7,60.16,0.482889421974219,1.0,0.0,0.053102067014560106,4.828894219742191,5.471818442093575,0.7,0.2,14.868241774506672,13.90333664054648,0.008165780660617017,78.179,38.55,43.2,64.396
Иркутская область,2012,2.668988192122693,2.668988192122693,0.0,7.587565986443051,5.44288875665031,2.261674543332489,7.587565986443051,14.70096799177201,79.3,13.4132077833418,13.32238945958047,9.50700389795276,91.40701771588505,0,47.1,34.9,55.45,0.9270067005782439,1.0,0.0,0.09081832376132937,9.270067005782439,2.3390715803622264,0.3,0.4,14.693891829081224,13.49487285365654,0.030863608300009913,78.506,37.35,40.9,60.733000000000004
Кемеровская область - Кузбасс,2012,1.025932666675325,0.6527112598941441,0.3732214067811814,5.874964312080704,5.278455852844059,3.633177489217522,6.248185718861885,14.82526649599782,85.53,13.3938893719246,13.43296877607121,-3.832565481609573,93.69873923071353,0,69.4,64.2,77.19,0.0,0.0,0.0,-0.039079404146610486,0.0,5.203967124119177,0.8,0.1,14.804856835034371,13.38397253710104,0.0025126278093269504,86.069,70.75,78.1,79.659
Новосибирская область,2012,3.587833431367471,3.057853875664009,0.5299795557034617,10.78518705047957,4.862482446056897,2.347433910707507,11.31516660618303,14.80892231817592,77.77,13.08447315105985,13.07814900391869,0.6344186781967132,93.10494236245461,0,56.8,33.8,56.34,0.0,0.0,0.0,0.0063241471411608075,0.0,2.8851626163274022,0.4,0.2,14.835074168230875,13.140787756219154,0.019580606761437025,78.91,36.05,45.85,60.75600000000001
Омская область,2012,7.017085831716685,3.748605196143171,3.268480635573515,14.04537773224199,6.91174027375794,1.689394943424071,17.31385836781551,14.49381614492506,71.75,12.84552569983762,12.8257222556047,2.000083327581925,85.83181391841353,0,55.7,39.6,55.55,0.6958899615299681,1.0,0.0,0.019803444232918466,6.95889961529968,7.238630859576507,1.0,0.2,14.477233397522411,12.891849038465546,0.013851675733471857,72.69800000000001,37.95,47.2,59.077999999999996
Томская область,2012,7.459435023863124,4.803603076558434,2.655831947304691,8.1264023684745,4.749967638615265,2.765824064221049,10.78223431577919,13.87397284361603,70.92,13.43745260155453,13.40902132615667,2.883930183313588,92.05339702188196,0,50.5,37.5,57.07,0.73,1.0,0.0,0.028431275397858613,7.3,7.181908666166396,1.0,0.1,13.883383049493252,13.440413736671497,0.0020421963197739144,71.572,39.1,42.2,61.318000000000005
Республика Алтай,2012,51.51323221731496,51.489751590894,0.02348062642096792,18.52625153602277,6.852510767816362,2.296522707747022,18.54973216244374,12.24475475212252,29.09,12.5474386371605,12.56386436466353,-1.629156084045302,56.62635151132507,1,63.6,53.3,66.87,0.688346438911759,1.0,0.0,-0.016425727503030174,6.88346438911759,2.355787000566351,0.3,0.1,12.25551773039436,12.631323468657445,0.02108814976007505,30.145999999999997,51.05,54.35,67.995
Республика Хакасия,2012,6.494683190248783,5.728818101193568,0.7658650890552152,15.3124583490172,5.035461324436762,2.548692592591134,16.07832343807242,13.18642678569366,67.39,13.16323352049884,13.1119775975607,5.259224131462448,81.656591192903,1,56.2,40.1,58.4,0.7604785507737682,1.0,0.0,0.051255922938141296,7.604785507737683,5.3604922594408,0.7,0.1,13.194250190951431,13.20431037255266,0.017542535983104023,68.139,39.1,47.8,61.628
Республика Бурятия,2012,32.11119633862818,32.11119633862818,0.0,17.07490825695145,5.45829773979228,2.488198740687828,17.07490825695145,13.78637521605075,58.88,12.7825441520113,12.77741454077055,0.5142790221202009,66.05043759070661,1,56.9,49.0,66.2,0.6271600887862697,1.0,0.0,0.005129611240748844,6.271600887862697,6.674006840534031,1.0,0.1,13.79338927924395,12.748006162640538,0.0026454229679838902,59.162,46.15,48.7,68.456
Республика Саха (Якутия),2012,35.6547844200749,35.64644924487074,0.00833517520415572,4.059578688094144,2.150733472175104,2.532283939484396,4.067913863298299,13.7708980552027,64.74,14.14250884521778,14.11004344468572,3.299815133923367,37.83701950647506,0,60.1,49.2,69.46,0.0,0.0,0.0,0.03246540053205926,0.0,2.1237409083227794,0.3,0.1,13.783010412041786,14.202154809336957,0.02271373016148992,65.633,47.8,54.1,67.93599999999999
Приморский край,2012,10.77259641823808,8.998723182970075,1.773873235268007,10.23885890461871,4.402537722119098,4.284271030712289,12.01273213988672,14.48120586015893,76.67,13.35479655434822,13.42366783682935,-6.655317669513916,92.51599441368536,0,48.7,33.0,57.31,0.815,1.0,0.0,-0.0688712824811315,8.149999999999999,7.58437064059278,1.0,0.2,14.459640510954193,13.37265391260488,0.007975210240877929,77.601,36.0,43.05,59.69500000000001
Хабаровский край,2012,6.441526264511582,6.441526264511582,0.0,13.8471072997733,4.779866883488991,3.197497291917806,13.8471072997733,14.10893958499252,82.03,13.4869116985232,13.48102151921383,0.590756052491459,91.81126152303911,0,53.2,38.1,56.15,0.0,0.0,0.0,0.0058901793093699695,0.0,0.0,0.0,0.2,14.09581107317058,13.498208701900916,0.00944420509220798,82.83,37.7,45.05,59.039
Амурская область,2012,10.60832568504397,7.050779501836356,3.557546183207617,19.94264022185231,5.960833704144296,3.251975769869532,23.50018640505993,13.6144892454876,67.08,13.27104881440932,13.29020219965721,-1.897112465536532,94.32830956041175,0,54.0,43.5,62.84,0.8141020383283292,1.0,0.0,-0.019153385247889787,8.141020383283292,7.597476443923663,1.0,0.2,13.586747980047912,13.261594561190638,0.018746484191135872,67.55499999999999,40.7,48.25,64.1
Камчатский край,2012,64.51556560540833,63.61099098613479,0.9045746192735395,5.015704505691106,2.189705231055244,3.341516614644416,5.920279124964646,12.66827719083094,77.39,13.71893987644258,13.68951368474522,2.98634201956447,85.9228898450654,0,53.6,45.3,59.84,0.6271600887862697,1.0,1.0,0.029426191697359272,6.271600887862697,1.9764007725271735,0.3,0.2,12.62727145068204,13.801110656901812,0.030757298557166024,77.689,46.0,46.55,62.720000000000006
Магаданская область,2012,36.52259496291057,34.97754904551627,1.545045917394305,7.137570955711412,2.759053406103985,3.400307250193248,8.682616873105717,11.93931675196057,95.67,14.23079419084799,14.18082521983373,5.123847700624172,84.13189010035116,0,52.6,41.0,56.25,0.0,0.0,0.0,0.04996897101425901,0.0,2.0568589167803495,0.3,0.2,11.879134134929277,14.37913340631017,0.048625039535500035,96.053,42.85,46.6,61.065
Сахалинская область,2012,0.05778183511914684,0.0,0.05778183511914684,7.168128159444534,1.35372794888791,1.961407749574977,7.225909994563681,13.10559558034875,80.55,14.72082093764354,14.73896482296358,-1.798027602982422,86.46405226000026,0,49.1,41.9,56.3,0.0,0.0,0.0,-0.018143885320039743,0.0,4.596819886461441,0.6,0.2,13.07874068277152,14.774164130342658,0.005006101852764111,81.62100000000001,43.65,43.1,59.486000000000004
Еврейская автономная область,2012,28.21778265111943,28.21778265111943,0.0,20.73708590962357,5.785829719823816,4.905132036506803,20.73708590962357,12.05997115058879,68.37,13.13911795850847,13.11102515905774,2.849112340435411,92.7393675532346,0,52.1,48.1,61.59,0.0,0.0,0.0,0.02809279945073051,0.0,1.3609917500399296,0.2,0.2,11.992814610304743,13.05142859923661,0.005815462641654001,69.852,46.55,45.85,63.357000000000006
Чукотский автономный округ,2012,20.11086561005259,2.349186495494739,17.76167911455785,15.76350061936505,1.779911743980197,1.672042906985503,33.5251797339229,10.83057973810414,65.99,14.57608754024821,14.57911183459768,-0.3019725778050431,52.49183348689171,0,79.1,70.3,72.64,0.6958899615299681,1.0,0.0,-0.0030242943494691588,6.95889961529968,6.804508789301023,1.0,0.0,10.798123244199113,14.708184506899169,0.031235427564129024,67.761,64.55,71.8,75.541
Забайкальский край,2012,21.81746718116478,21.5812586885821,0.2362084925826833,11.44647431259866,6.977993862801353,3.735139391830752,11.68268280518134,13.90301672918971,66.62,12.9821424781841,12.95182725893316,3.077940425984171,89.90678173459195,0,53.6,43.3,65.69,0.0,0.0,0.0,0.030315219250940828,0.0,2.1115633114582004,0.3,0.3,13.866564971078045,12.974359006659611,0.019566395341172084,67.95700000000001,41.6,46.25,67.592
Белгородская область,2013,3.354780094571207,0.4423958867136865,2.912384207857521,26.49800050228668,5.925024391320604,0.9556174791460126,29.4103847101442,14.24970888489531,66.14,13.4868083187216,13.46014151432313,2.702554535296109,94.36612621715348,0,75.5,51.2,59.3,0.6233421750663124,1.0,0.0,0.026666804398470134,6.233421750663124,6.258075849451342,1.0,0.1,14.252721865917223,13.553597196052564,0.028085594452510066,65.83500000000001,52.95,68.85,65.423
Брянская область,2013,17.35244575575731,13.90285677529513,3.449588980462177,25.07094471584004,8.097688655500997,1.324189499405704,28.52053369630222,14.03577797717298,69.33,12.69068941562741,12.67150957816323,1.93649521425534,96.70319132613922,0,59.9,50.1,64.02,0.0,0.0,0.0,0.01917983746418095,0.0,5.557272194605841,0.7,0.1,14.01017982111388,12.761148914465238,0.03458679688419597,69.51,57.0,57.5,69.294
Владимирская область,2013,9.856371218751361,5.191961623078328,4.664409595673034,15.4159779618076,7.509263094843307,0.6911988274040579,20.08038755748063,14.16727456295792,77.55,12.95833651923854,12.93905058657579,1.94731076068555,95.58201060163185,0,48.6,37.6,53.49,0.50429184549356,1.0,0.0,0.019285932662748806,5.0429184549356,4.579569635101675,0.7,0.2,14.148317042139514,12.981501158236167,0.028902071409907925,77.69,41.4,43.5,59.538
Воронежская область,2013,10.70830404458648,7.846803090380634,2.861500954205848,14.94433028749667,5.693926290284963,1.296083834664721,17.80583124170252,14.66261797164623,66.58,13.05808140747842,13.03635506586528,2.196407715926485,95.50289463735784,0,64.3,50.0,61.34,1.0,1.0,0.0,0.021726341613140576,10.0,8.947648293289495,1.0,0.1,14.66311066675936,13.110858337994335,0.02729048016193012,67.483,54.55,59.05,66.602
Ивановская область,2013,32.26039850328813,29.2281604976535,3.032238005634624,7.559763941085346,6.859848316291147,0.6377014654735196,10.59200194671997,13.84879445226224,81.12,12.66975699072315,12.61011670581729,6.145465660196336,95.57495314218058,0,53.2,40.1,61.85,0.5635491606714624,1.0,0.0,0.05964028490585882,5.635491606714624,6.5690167994383755,0.9,0.2,13.805708923317388,12.617724326485558,0.0073315337883800066,81.444,41.25,45.85,64.706
Тверская область,2013,8.545603450000476,4.186654739981961,4.358948710018514,6.578240713809082,7.23611570119524,0.9157155297538226,10.9371894238276,14.09970706287717,74.9,12.93660746173675,12.9200170440765,1.672880286958467,93.45164623819502,0,53.5,38.4,58.02,0.5340909090909075,1.0,0.0,0.016590417660250267,5.340909090909075,5.305831705064431,0.8,0.2,14.06973721325139,12.960396311643638,0.011981358425233068,75.59299999999999,41.7,47.55,62.979
Калужская область,2013,3.986090963415214,0.5830278829267327,3.403063080488481,7.596539675258811,5.347166325954475,2.59699153415986,10.99960275574729,13.83412424345506,76.12,13.23527461360083,13.26719130095058,-3.141272570937248,93.0800802880774,0,57.6,40.4,59.02,0.6300268096514724,1.0,0.0,-0.03191668734975117,6.300268096514724,6.4246208961410645,1.0,0.1,13.85554041843769,13.249145898689758,0.01749197480236795,75.735,43.05,50.35,64.162
Костромская область,2013,17.78442005629854,15.57333682832788,2.211083227970659,9.046002258201355,7.801050667462365,0.6420014156109967,11.25708548617201,13.38140829276916,70.71,12.84326657240611,12.8104536733775,3.335717902094038,96.59759640453902,0,57.3,30.7,52.78,0.8274647887323924,1.0,1.0,0.03281289902860962,8.274647887323924,8.072859485517743,1.0,0.1,13.339556055879871,12.851212249900556,0.019911432202010103,71.98400000000001,33.65,48.35,57.559000000000005
Курская область,2013,5.992648966492851,3.636114024418829,2.356534942074022,18.05645179416865,5.856921687164448,1.167209489376213,20.41298673624267,13.92682292615518,66.43,13.06004296231312,13.01724458804568,4.372743132595658,96.48180915317877,0,54.7,45.7,60.45,0.8333333333333324,1.0,0.0,0.0427983742674396,8.333333333333323,8.290882112478176,1.0,0.1,13.919282964584486,13.145400230172722,0.039278141499276845,67.375,48.7,50.85,66.61800000000001
Липецкая область,2013,2.454331246464204,0.8489588737013781,1.605372372762826,15.03205288552947,5.299068681170409,0.568746471222806,16.6374252582923,13.96934947491282,63.76,13.34097603971467,13.3067184884816,3.485109958561372,96.26322297018821,0,56.9,40.1,61.0,0.0,0.0,0.0,0.03425755123307006,0.0,2.0568206848455426,0.3,0.1,13.96618993541692,13.392307693976097,0.023520154098316048,63.512,48.15,54.75,66.949
Московская область,2013,1.493381208758303,0.0,1.493381208758303,7.251776840412792,3.678782248756798,3.41166119353021,8.745158049171096,15.82407513293536,79.94,13.46872821088608,13.4656564824299,0.3076451048303452,92.91775841693203,0,51.0,32.8,56.85,0.7436708860759474,1.0,1.0,0.0030717284561809777,7.436708860759475,7.023968238094758,0.9,0.1,15.885742041004724,13.471572415288097,0.015701077232158946,79.455,39.4,44.6,62.141999999999996
Орловская область,2013,19.17469558367888,16.19457904226187,2.980116541417012,20.83585789791137,6.871555157141644,0.4817863356274789,23.81597443932838,13.55674112434286,65.87,12.9297031207987,12.90409167599945,2.594223582611965,96.04297520231538,0,64.7,39.0,52.84,0.0,0.0,0.0,0.02561144479925126,0.0,3.830051924606397,0.6,0.2,13.52696250430007,12.959555213680265,0.02072357290982385,66.462,43.45,59.15,60.019000000000005
Рязанская область,2013,8.105064368162882,5.566843825939204,2.53822054222368,10.90745991708594,8.298730504157605,1.221373561874525,13.44568045930962,13.95153334448804,70.88,13.02512215730392,12.99817061429025,2.731802082205914,95.11195291262811,0,52.7,39.8,59.74,0.6772334293948125,1.0,0.0,0.026951543013669976,6.772334293948124,4.456927781319715,0.7,0.1,13.938522044765856,13.013257137578137,0.016012176634652063,71.239,47.15,48.0,64.72
Смоленская область,2013,10.7707685117236,7.170887845632248,3.59988066609135,11.23653602468067,5.734963447573905,0.5046786954642826,14.83641669077202,13.78104125894367,72.63,12.94349538681503,12.89077942037623,5.413019424128307,94.66093975086856,0,49.6,36.2,56.69,0.0,0.0,1.0,0.052715966438800166,0.0,0.0,0.0,0.1,13.75185863536998,12.952967034060379,0.023782608667671033,72.503,42.15,45.0,61.73
Тамбовская область,2013,27.85621090737461,25.79505846168142,2.061152445693181,19.10825857374988,8.215364245692417,0.7460578475922229,21.16941101944306,13.88506087405011,58.94,12.83471867303771,12.74034206092133,9.897355474587343,96.98967348305317,0,68.3,66.7,71.76,0.0,0.0,0.0,0.09437661211637938,0.0,0.0,0.0,0.1,13.851756469223428,12.895621793221153,0.03668518441231594,59.628,65.1,58.8,74.775
Тульская область,2013,4.453836084280038,1.972416107100107,2.481419977179931,7.300707089928784,6.311366823764536,0.6702498858357462,9.782127067108714,14.24792459305856,77.68,12.95600949644356,12.90911563900654,4.801076462728449,95.30925002623609,0,72.8,61.3,67.77,0.7389937106918224,1.0,0.0,0.046893857437019904,7.389937106918224,8.399521489189901,1.0,0.2,14.24050427557213,13.069838428029508,0.04070484021754996,75.926,57.15,59.2,71.199
Ярославская область,2013,2.761537211696172,0.8698893194436653,1.891647892252506,7.010923748988295,4.632960179531205,0.8527399624226458,8.902571641240801,14.05204011559228,81.97,13.07749106526076,13.05054694481742,2.73103955101055,95.96558891889833,0,55.9,29.0,54.53,0.0,0.0,1.0,0.026944120443340935,0.0,5.257900789212982,0.6,0.2,14.039261888917235,13.116074009342586,0.025374938754583985,81.66900000000001,33.7,46.85,59.723
г. Москва,2013,,0.0,0.0,0.8612132080217596,1.712154167551837,0.5289661470829948,0.8612132080217596,16.29565128543189,100.0,14.38281239273287,14.38837333944725,-0.5545513271642988,91.65044468473364,0,61.7,46.6,46.95,0.9710743801652875,1.0,0.0,-0.005560946714380677,9.710743801652875,9.757022611351823,1.0,0.0,16.338118114759993,14.357745724283001,0.006782166732758022,100.0,42.2,48.5,54.126
Республика Карелия,2013,14.4092350848801,8.093466748680896,6.315768336199204,9.372638860253488,9.684958090882457,0.5707673231784633,15.68840719645269,13.33878840993038,78.65,13.43180310504218,13.4095457418571,2.250690624421137,82.18881340785018,1,50.3,32.3,55.38,0.734375,1.0,1.0,0.02225736318507998,7.34375,6.592661288576157,0.9,0.2,13.27598030606928,13.484420656046058,0.025210717604336,78.965,34.8,44.95,60.678
Республика Коми,2013,4.04012905654745,0.8062151928071875,3.233913863740262,3.223568699852506,4.228357608790414,2.11005847712189,6.457482563592768,13.66427362903892,77.25,13.98776353501418,14.00346850722662,-1.558229220467966,65.07796414152824,1,72.6,58.8,65.02,0.0,0.0,0.0,-0.015704972212439827,0.0,4.22213048271865,0.6,0.2,13.602233948025196,13.96424227136382,0.0006625953060579448,77.464,48.3,56.7,66.946
Архангельская область,2013,13.62492215337075,9.651272235127607,3.973649918243145,8.767091887593553,5.296292049516499,1.101643789621227,12.7407418058367,13.93896105871291,76.5,13.19929414590292,13.16175847923364,3.824902730613711,95.58024333912395,0,50.0,31.9,57.97,0.7078313253012025,1.0,1.0,0.03753566666927988,7.078313253012025,7.068758662357756,1.0,0.1,13.879810975329358,13.259508408329705,0.03269411072146813,77.051,38.2,43.3,63.160000000000004
Вологодская область,2013,6.953159427575832,2.038522836983257,4.914636590592575,8.185455371661144,7.658239851167001,0.5630051730292144,13.10009196225372,13.99320643276813,71.38,13.58839664267729,13.63009649642501,-4.084237506090604,97.26601120869842,0,56.3,33.4,59.44,0.5402298850574699,1.0,0.0,-0.04169985374771912,5.4022988505747,5.559465151077335,1.0,0.1,13.978454104032071,13.637740710257905,0.01258994856479596,71.975,35.3,48.6,63.330999999999996
Калининградская область,2013,2.116109754947954,0.9179066151101988,1.198203139837755,25.90194415933288,4.260439638662881,2.511072538350162,27.10014729917064,13.77430828281317,77.15,13.26772002802461,13.26663199790753,0.1088622236579351,86.42750701458407,0,54.6,37.1,52.55,0.0,0.0,0.0,0.0010880301170814732,0.0,3.517805176669593,0.5,0.1,13.803348201913462,13.295133041532399,0.01816559597245391,76.973,40.25,49.35,59.69
Ленинградская область,2013,1.023368493731487,0.0,1.023368493731487,6.82013011166177,4.590415504049083,0.9436790604126938,7.843498605393258,14.39157882991219,65.18,13.41478322994669,13.44216196231639,-2.700733208546235,92.7461159300702,0,51.5,33.0,61.9,0.734375,1.0,1.0,-0.027378732369701453,7.34375,7.335358655821446,1.0,0.1,14.436191328474141,13.442904586800628,0.011770313701108037,65.303,41.5,47.8,67.033
Мурманская область,2013,7.661627047336515,1.423261063135244,6.238365984201272,4.350715873600684,2.946045049825686,1.466389050617238,10.58908185780196,13.543225343212,92.94,13.96368029447532,13.93741118493976,2.661718377652278,88.97184610589743,0,51.9,32.0,60.05,0.0,0.0,1.0,0.026269109535560276,0.0,1.4629845967686022,0.2,0.2,13.49139371358441,14.040909289964551,0.03979363204139297,92.986,37.0,45.8,64.946
Новгородская область,2013,4.611743167594658,1.594577759742008,3.01716540785265,12.22063573329101,9.374249755720609,0.6350171164637428,15.23780114114366,13.34226969452556,70.75,13.07749696592944,13.05212347652804,2.56981363767701,95.06018883770646,0,56.6,34.6,57.91,0.716463414634145,1.0,0.0,0.025373489401399496,7.16463414634145,7.851502783919419,1.0,0.1,13.316641027128764,13.146522818285362,0.03242789246234708,71.64500000000001,37.35,48.25,62.331999999999994
Псковская область,2013,19.93877361849181,17.99764407941755,1.941129539074257,16.80887657807775,7.641383577087494,0.5803058454081801,18.75000611715201,13.39245310807823,70.12,12.73524287467553,12.71990666354748,1.545441430383776,95.01212251056963,0,52.9,36.7,59.69,0.896946564885495,1.0,0.0,0.015336211128049726,8.96946564885495,8.057939850703216,1.0,0.1,13.355894012261155,12.758881013677406,0.013595769047086925,70.441,40.9,47.5,64.298
г. Санкт-Петербург,2013,5.373579597009374,0.0,5.373579597009374,2.407812651220319,2.577758042477522,0.5102332230938821,7.781392248229693,15.45131772541844,100.0,14.15677461138919,14.1606796568168,-0.3897430652952893,92.47680067304842,0,55.2,35.4,58.77,0.91796875,1.0,0.0,-0.0039050454276097213,9.1796875,9.314087418118442,1.0,0.2,15.49722681671185,14.15777414233609,0.02000782640407799,100.0,37.55,43.95,63.64200000000001
Ненецкий автономный округ,2013,,0.0,0.0,0.2785077053422554,13.18543951580856,1.934979686212252,0.2785077053422554,10.65124128258694,70.33,16.05097661394771,16.05787091334317,-0.6870588235294073,66.12571031539244,0,56.1,36.0,57.05,0.0,0.0,0.0,-0.006894299395458603,0.0,2.8070767836081694,0.4,0.3,10.645855089516278,16.134450599373572,-0.0007417630986772394,72.111,38.55,50.45,61.279999999999994
Республика Калмыкия,2013,37.27630043569076,34.71678224453417,2.559518191156597,20.04053507844666,6.513158160547087,0.945657225514757,22.60005326960326,12.55115414444269,44.94,12.83444330519743,12.79979402148668,3.525656378243847,30.21315445326077,1,63.2,66.1,70.3,0.0,0.0,0.0,0.03464928371075082,0.0,1.475885844675597,0.2,0.1,12.528290997617901,12.84492623117244,0.006397844955817966,45.583,68.35,60.35,73.708
Краснодарский край,2013,3.843980088209721,1.706015211477101,2.137964876732619,13.62462470585997,4.433147368521766,1.216525839838564,15.76258958259259,15.50186358455395,53.97,13.22032109369181,13.19569720333061,2.492956213544639,88.25308927432054,0,72.6,56.2,63.72,0.7253086419753075,1.0,0.0,0.02462389036119994,7.2530864197530756,8.459223335820525,1.0,0.1,15.54067998324553,13.190794219767906,0.0070424677028171345,55.198,57.75,61.9,69.00899999999999
Астраханская область,2013,6.759365289159866,3.00136298904301,3.758002300116856,8.095680212183417,3.675309729858409,0.603377302371985,11.85368251230027,13.82290415781793,66.26,13.22733910993533,13.07514677973197,16.43841611401782,67.57391327159684,0,56.0,60.2,68.76,0.0,0.0,0.0,0.15219233020336098,0.0,2.6100094728212637,0.3,0.1,13.810541734377562,13.269590553481365,0.04760383200078096,65.529,51.2,46.5,71.21700000000001
Волгоградская область,2013,6.011903958455668,2.877146164186223,3.134757794269444,9.156035040070067,5.405183152597353,1.677899844735409,12.29079283433951,14.76550952949721,76.3,13.02071446352261,13.00336043875921,1.750548070605085,90.0076005020229,0,52.0,35.5,63.41,0.0,0.0,1.0,0.0173540247634012,0.0,4.767324418191054,0.7,0.2,14.753148639200223,13.007406433970996,-0.0009375837079140581,76.74600000000001,43.05,47.1,67.652
Ростовская область,2013,8.823514037030082,6.974997621812729,1.848516415217353,10.46977082263812,6.157069449844147,2.523604809427611,12.31828723785547,15.2644456248839,67.65,12.87765774995657,12.84809884421175,3.000010660838104,90.34490047107509,0,59.3,50.2,62.66,0.8736059479553899,1.0,0.0,0.029558905744821118,8.7360594795539,8.404824658871652,1.0,0.0,15.260756375979733,12.950497172196648,0.027197563937771996,67.837,54.5,53.75,67.553
Республика Адыгея,2013,32.0420118630509,29.4018561288493,2.640155734201605,18.50017220471263,5.41665826560001,0.8559428310739556,21.14032793891424,13.02162770620291,50.63,12.61050863878105,12.5943106728014,1.63298642293721,63.63961202296268,1,65.9,61.0,64.07,0.705705705705705,1.0,0.0,0.016197965979650064,7.05705705705705,3.5630262896737426,0.5,0.1,13.059570643995745,12.64504410493838,0.020816969755541946,50.262,60.2,59.9,69.2
Республика Дагестан,2013,57.92148764040213,54.23211262096067,3.689375019441453,13.19015490686792,3.442060461836165,1.345252549503784,16.87952992630937,14.90216496867099,45.04,12.37793661393269,12.32368052982778,5.57549295964701,3.597043936705582,1,91.1,91.4,92.84,0.0,0.0,0.0,0.05425608410491023,0.0,2.734843020855516,0.5,0.3,14.933403593406263,12.396163307482151,0.01545040569252496,45.156,90.15,89.6,92.21600000000001
Кабардино-Балкарская Республика,2013,38.62073198757946,34.752900402199,3.867831585380456,20.38951049472745,4.088547844764609,0.9375218938112169,24.2573420801079,13.67186418093193,53.62,12.28679372861758,12.30218052340143,-1.526902287478316,22.52089964671727,1,98.4,81.9,77.64,0.0,0.0,0.0,-0.015386794783850632,0.0,5.4403455889367445,0.8,0.2,13.690886525080558,12.308210319625527,0.012181354804779864,52.86,79.8,94.25,82.362
Республика Северная Осетия - Алания,2013,43.57631200483485,39.55599143855347,4.020320566281367,14.76076908826996,5.70396029274845,0.8567601252135333,18.78108965455133,13.46599563408053,63.72,12.5602647644292,12.52131837073441,3.971474689020349,20.82180223463845,1,85.8,67.9,70.06,0.0,0.0,0.0,0.038946393694789805,0.0,0.0,0.0,0.1,13.459118731636224,12.517267381598192,0.006880711986072896,63.608000000000004,67.5,85.7,73.495
Республика Ингушетия,2013,43.22401184446353,40.35048013325829,2.873531711205227,29.2877468975836,8.13990778477888,7.762773906788394,32.16127860878883,13.00550366535348,43.48,11.96151822285708,11.85190527730524,11.58460936709718,0.7848507929068043,1,86.4,91.0,91.91,0.6752873563218376,1.0,0.0,0.10961294555183976,6.752873563218376,6.82859333063233,1.0,0.1,13.065479178316718,11.90951439178394,0.012066256805663932,48.587,81.7,83.9,89.288
Ставропольский край,2013,19.73379666364504,16.55487189764678,3.178924765998262,13.16581875406453,5.022321862354082,0.8045658077979061,16.34474352006279,14.8523364460456,58.1,12.6527533031608,12.63042644787209,2.25779648690847,80.89193187278804,0,50.9,49.1,64.47,0.0,0.0,1.0,0.02232685528871059,0.0,5.893657974680566,0.8,0.2,14.867542618269079,12.68111512996347,0.01574851868743199,59.101,51.7,46.5,69.294
Карачаево-Черкесская Республика,2013,37.45015322912551,34.63383037866038,2.816322850465132,29.88729020840712,4.966681197578501,3.95636063981808,32.70361305887225,13.06353015008222,42.49,12.34971487109604,12.35423074987942,-0.4505697534321174,31.62682350957079,1,93.2,89.8,91.36,1.0,1.0,0.0,-0.00451587878337989,10.0,5.409677154771676,0.6,0.1,13.061394703752617,12.320611363457397,0.004807182182550029,41.968,85.75,93.25,90.244
Республика Башкортостан,2013,4.286109029582524,1.895148664880033,2.390960364702491,8.4448249843517,6.386025762658681,0.9200208090163836,10.83578534905419,15.22323489799572,61.05,13.07907699427102,13.05619486771116,2.314593070844206,36.05048909105547,1,79.3,70.5,75.28,0.7507987220447274,1.0,0.0,0.02288212655986044,7.507987220447275,7.450630017873901,1.0,0.1,15.22755518188148,13.08045975577841,0.009329076720191943,61.440999999999995,63.45,74.55,76.003
Республика Марий Эл,2013,31.20180492167076,27.11813578860973,4.083669133061031,12.93291220930769,5.565095601865474,0.5471429614405365,17.01658134236872,13.44542031567131,64.69,12.64381438268747,12.62290987290366,2.112453957884508,47.40038953391814,1,71.3,52.2,59.98,0.69940476190476,1.0,0.0,0.020904509783809644,6.9940476190476,5.626577630900743,0.8,0.1,13.439098279595418,12.678866506020535,0.01923977640964498,66.176,49.45,62.35,64.18299999999999
Республика Мордовия,2013,18.24684008422863,16.50390445487554,1.742935629353092,23.14658801954812,5.31066536790718,2.37337606641956,24.88952364890121,13.61422389505534,61.11,12.63050370293614,12.5989238286368,3.208380927455567,53.35929928018452,1,94.2,91.6,87.06,0.0,0.0,1.0,0.03157987429934117,0.0,0.680851615405779,0.1,0.2,13.602410763003665,12.723619405439708,0.02969477876152098,62.263999999999996,88.0,88.6,86.547
Республика Татарстан,2013,2.157826730391496,0.0,2.157826730391496,12.08908545887437,4.439874773760788,3.23076973336604,14.24691218926587,15.16474692556589,76.0,13.62857855596592,13.61204384359244,1.66721672775143,39.71417582522228,1,79.5,77.8,82.7,0.7078313253012025,1.0,0.0,0.016534712373479366,7.078313253012025,7.09860463667785,1.0,0.0,15.184503930198208,13.640173051577909,0.012615270710136173,76.46900000000001,81.55,79.15,82.51700000000001
Удмуртская Республика,2013,5.003349852246177,1.82016192434051,3.183187927905667,13.13087727132057,5.921249083599094,0.6149603691706198,16.31406519922623,14.22706111212834,64.66,13.23251209973486,13.20338907927821,2.955124254881536,62.2204206534331,1,56.6,45.1,65.75,0.0,0.0,0.0,0.02912302045664994,0.0,2.630665096225134,0.4,0.2,14.214643371335915,13.247385497285697,0.013070305571228147,65.38,47.8,50.55,68.894
Чувашская Республика,2013,22.85010099335462,19.75717042473318,3.092930568621439,11.57748609591745,7.291455710980068,0.5950365937753723,14.67041666453889,14.02889383236392,59.95,12.63699957416667,12.65205635924599,-1.494399846832328,26.86003905114038,1,61.7,43.4,62.32,0.0,0.0,0.0,-0.015056785079320179,0.0,1.3548450698119257,0.2,0.1,14.015324518032207,12.646276986344116,0.013769500076335105,61.742999999999995,47.15,60.55,66.811
Нижегородская область,2013,4.506431927533221,1.033803843768954,3.472628083764267,5.673920168041807,5.296795497095315,1.831061658017858,9.146548251806074,15.00255671140637,79.17,13.17169652963884,13.1485398437871,2.342688349800737,95.14764485436845,0,58.9,44.6,63.9,0.0,0.0,0.0,0.023156685851740022,0.0,2.7441486780386897,0.4,0.1,14.984951678226073,13.206367438444673,0.02261661197393696,79.491,51.35,51.7,67.911
Кировская область,2013,21.91990897808108,18.96602388275769,2.953885095323396,11.88385345833082,7.016116634794907,0.5218483047783251,14.83773855365422,14.07343034497321,74.88,12.71779863550644,12.69886453230057,1.911449002692711,91.87916003881362,0,54.0,34.9,57.93,0.0,0.0,0.0,0.0189341032058703,0.0,0.0,0.0,0.1,14.029697272316138,12.76742057799933,0.028272655468727058,76.095,36.45,47.95,61.674
Самарская область,2013,1.980866804471605,0.147728164811172,1.833138639660433,6.408355992281921,5.233995933480085,1.580521984956011,8.241494631942354,14.98478011002813,80.31,13.43444907635181,13.39377965770766,4.150774558646321,85.55174732465221,0,53.0,39.4,58.56,0.0,0.0,1.0,0.04066941864414986,0.0,3.4717206169145696,0.5,0.2,14.982020275793763,13.407048298633658,0.008391063280375022,80.023,45.1,52.95,63.738
Оренбургская область,2013,4.136436644657493,0.9221254523159439,3.214311192341548,8.397442355831025,6.342419866791746,1.071597776640636,11.61175354817257,14.50637062507305,59.75,13.44803479244316,13.41907427044947,2.938395564667484,75.8767376585608,0,51.2,34.9,56.89,0.0,0.0,0.0,0.02896052199369059,0.0,1.3925682445400103,0.2,0.1,14.479405621805432,13.445290379354741,0.014717893964836115,59.587,37.9,46.45,61.714
Пензенская область,2013,22.61077325919866,16.80158972715002,5.809183532048643,14.59411435008077,7.24614540142285,0.4764624719724562,20.40329788212942,14.12391321861012,67.81,12.71775578154755,12.66598317234948,5.313624178970944,86.8020996304275,0,64.9,56.3,64.27,0.7507987220447274,1.0,0.0,0.05177260919807125,7.507987220447275,3.0619303429635636,0.4,0.1,14.098366359591276,12.77826841145454,0.0366029386578429,68.19500000000001,60.3,62.75,68.98299999999999
Пермский край,2013,1.900674891337667,0.0112510326936229,1.889423858644044,4.999221568953905,4.942960971090087,1.028287968966886,6.888645427597949,14.7820749245497,75.41,13.38163426762034,13.37359382692581,0.80728518462303,87.10855422941499,0,48.1,36.3,62.94,0.7014925373134324,1.0,1.0,0.008040440694530915,7.014925373134324,6.647569093528406,0.9,0.3,14.771588788703472,13.398245824194627,0.008567070829177048,75.654,39.5,41.65,66.663
Саратовская область,2013,12.45569309030845,9.05972292980512,3.395970160503328,11.21007790607929,4.584133867909195,1.19647085043178,14.60604806658262,14.73797419817628,75.1,12.82850120901635,12.78646085822916,4.293656121296952,87.55403917112397,0,67.3,64.9,70.64,0.6657223796033974,1.0,1.0,0.042040350787189595,6.657223796033974,6.759308607098035,1.0,0.1,14.731359477747286,12.836899884145712,0.020306786101254026,75.899,66.55,65.9,72.947
Ульяновская область,2013,10.15532821591926,7.841616881873102,2.313711334046162,9.646086172129555,7.70595461789543,1.471875262908529,11.95979750617572,14.05300661750288,74.21,12.83796975404608,12.81159058350857,2.673018051053933,73.57869033536369,0,60.4,43.6,58.18,0.0,0.0,0.0,0.026379170537509822,0.0,0.0,0.0,0.0,14.032296613279021,12.85601346373942,0.01776994554110196,75.241,46.05,56.4,63.00699999999999
Курганская область,2013,30.99946751062544,28.14637703350402,2.853090477121421,10.68361646828037,6.191492183008076,1.035540869979926,13.53670694540179,13.68065257151742,61.2,12.66069394474712,12.61880098532625,4.278285269614647,92.47095274980636,0,56.5,44.4,63.39,0.0,0.0,0.0,0.04189295942087057,0.0,2.1201965542942296,0.3,0.2,13.633687543490748,12.673840486292647,0.01188896439970204,62.435,42.95,49.15,66.363
Свердловская область,2013,1.654851245548398,0.1195845402746469,1.535266705273751,4.290229500635423,4.339549866559725,1.677358677632648,5.825496205909173,15.27831840637931,84.27,13.4224159864421,13.40411562162859,1.846884265575333,90.6531957904619,0,51.2,32.7,64.5,0.93625498007968,1.0,1.0,0.01830036481351094,9.362549800796799,9.156499373804538,1.0,0.1,15.277535141773035,13.418360170253417,0.01509034847636297,84.94300000000001,36.6,46.35,67.53
Тюменская область,2013,7.340607747155005,0.0,7.340607747155005,1.808744751020456,2.459343589251431,0.7457758520554729,9.14935249817546,14.15797693662472,62.91,13.97224107632981,13.90734961922172,6.704319814373161,73.31976912372754,0,76.2,62.2,73.1,0.7014925373134324,1.0,0.0,0.06489145710809119,7.014925373134324,7.07239478992211,1.0,0.1,14.218849082364192,13.851065183654274,-0.010386970251895989,64.976,60.3,78.65,75.095
Челябинская область,2013,7.582451753241099,2.159984020668545,5.422467732572554,7.660754646882157,6.139459762565717,1.441407666176215,13.08322237945471,15.06491130910769,82.29,13.2082819090707,13.19489086889665,1.348110170939476,83.79738904074622,0,59.7,50.3,65.02,0.0,0.0,0.0,0.013391040174051128,0.0,1.4601981898440337,0.2,0.2,15.063058138389987,13.21378815960539,0.013439296059669027,82.533,44.25,52.05,67.414
Ханты-Мансийский автономный округ - Югра,2013,,0.0,0.0,1.250671251764863,1.5770238847386,0.6787776334080144,1.250671251764863,14.28120177712145,91.77,15.15996922710316,15.1719990010568,-1.195770550148578,68.10534890794732,0,54.9,41.0,66.41,0.7389937106918224,1.0,0.0,-0.012029773953640799,7.389937106918224,7.309642049936467,1.0,0.0,14.312446241182107,15.101363631381437,-0.018493822206228926,91.899,44.3,47.1,69.356
Ямало-Ненецкий автономный округ,2013,,0.0,0.0,0.4914104170156685,0.7799636735629177,0.3479529474150455,0.4914104170156685,13.18271878651569,85.04,15.47990946109401,15.43716643231737,4.366966731750832,61.73862802169426,0,82.2,71.7,84.58,0.6151832460732974,1.0,0.0,0.04274302877663949,6.151832460732974,6.287617879029826,1.0,0.1,13.15681205450636,15.626406435148212,0.050444200389276085,84.786,69.4,78.3,84.86800000000001
Республика Тыва,2013,61.9558062355399,58.48862357604209,3.467182659497813,14.76070242862911,4.173935871127802,2.750094337395303,18.22788508812692,12.65057896350238,54.29,12.56801198165316,12.56303321200634,0.4991184315134012,16.26883698581899,1,86.1,85.3,90.0,0.6891495601173,1.0,0.0,0.0049787696468204246,6.891495601173,6.909227620251606,1.0,0.0,12.68017391648718,12.577339800353524,-0.0029048978322650854,54.451,83.95,88.1,90.59400000000001
Алтайский край,2013,27.02596480705049,24.53005558281613,2.495909224234354,14.64347680698357,6.289086137147545,1.198221784341031,17.13938603121792,14.67787674727795,55.77,12.73776723172783,12.68209872355978,5.72471568445756,93.92766264596298,0,52.5,37.2,57.35,0.96707818930041,1.0,0.0,0.0556685081680488,9.6707818930041,8.48098297281967,1.0,0.1,14.644949049966584,12.76249114852617,0.02413049000470995,56.720000000000006,36.2,46.65,59.543000000000006
Красноярский край,2013,5.402217206640699,0.2045194333093323,5.197697773331368,6.100797822585519,5.02140525571678,0.8541185393026433,11.29849559591689,14.86325437427588,77.2,13.90069609761157,13.87486917089049,2.616333165100726,91.31694705096045,0,49.7,36.7,60.16,1.0,1.0,0.0,0.025826926721080667,10.0,5.471818442093575,0.7,0.2,14.868241774506672,13.90333664054648,0.008165780660617017,78.179,38.55,43.2,64.396
Иркутская область,2013,5.226160405114715,1.526933238258967,3.699227166855749,6.635727166734447,5.369684105886334,1.211130276633809,10.3349543335902,14.69996257456922,79.12,13.43401582784077,13.4132077833418,2.102604126017882,91.40701771588505,0,47.1,34.9,55.45,0.0,0.0,1.0,0.020808044498970446,0.0,2.3390715803622264,0.3,0.4,14.693891829081224,13.49487285365654,0.030863608300009913,78.506,37.35,40.9,60.733000000000004
Кемеровская область - Кузбасс,2013,3.455732471800542,0.3171511976838567,3.138581274116686,5.282469668074348,5.510912281565059,2.481597268632556,8.421050942191034,14.8218156533472,85.64,13.35651822005496,13.3938893719246,-3.668146848353604,93.69873923071353,0,69.4,64.2,77.19,0.0,0.0,0.0,-0.03737115186963891,0.0,5.203967124119177,0.8,0.1,14.804856835034371,13.38397253710104,0.0025126278093269504,86.069,70.75,78.1,79.659
Новосибирская область,2013,3.478588564763806,1.641516492943517,1.83707207182029,9.28795833543837,4.207734453907238,0.9971720318097834,11.12503040725866,14.81766811207509,78.11,13.12451752133011,13.08447315105985,4.085695627228003,93.10494236245461,0,56.8,33.8,56.34,0.0,0.0,0.0,0.04004437027026064,0.0,2.8851626163274022,0.4,0.2,14.835074168230875,13.140787756219154,0.019580606761437025,78.91,36.05,45.85,60.75600000000001
Омская область,2013,5.323428223372592,1.997932978586301,3.32549524478629,15.99619074163719,5.548367666012053,0.6532423197859608,19.32168598642348,14.49225342042887,71.95,12.89683051622863,12.84552569983762,5.264370744193414,85.83181391841353,0,55.7,39.6,55.55,0.7366771159874599,1.0,1.0,0.05130481639100992,7.366771159874599,7.238630859576507,1.0,0.2,14.477233397522411,12.891849038465546,0.013851675733471857,72.69800000000001,37.95,47.2,59.077999999999996
Томская область,2013,8.129476122786418,2.610676373798812,5.518799748987606,9.411024466262814,4.662603070463814,0.5033976887093174,14.92982421525042,13.87930849243523,71.18,13.44995687086366,13.43745260155453,1.258277456029178,92.05339702188196,0,50.5,37.5,57.07,0.7366771159874599,1.0,1.0,0.012504269309131288,7.366771159874599,7.181908666166396,1.0,0.1,13.883383049493252,13.440413736671497,0.0020421963197739144,71.572,39.1,42.2,61.318000000000005
Республика Алтай,2013,54.18762181168686,52.13175716411305,2.055864647573812,21.76101509495414,5.409831137100551,0.3893735237923357,23.81687974252795,12.24760798555901,29.45,12.54758091270381,12.5474386371605,0.01422856649497817,56.62635151132507,1,63.6,53.3,66.87,0.0,0.0,0.0,0.00014227554330936698,0.0,2.355787000566351,0.3,0.1,12.25551773039436,12.631323468657445,0.02108814976007505,30.145999999999997,51.05,54.35,67.995
Республика Хакасия,2013,11.09325482771087,6.601454988512478,4.491799839198394,12.18953369325714,5.261963105099884,2.238479491859552,16.68133353245553,13.1889859753444,67.6,13.19989504400139,13.16323352049884,3.734184557467013,81.656591192903,1,56.2,40.1,58.4,0.7654723127035825,1.0,0.0,0.03666152350255025,7.654723127035825,5.3604922594408,0.7,0.1,13.194250190951431,13.20431037255266,0.017542535983104023,68.139,39.1,47.8,61.628
Республика Бурятия,2013,32.57938647507848,30.29654677253559,2.28283970254289,19.80003821450677,4.674692194979501,0.6453225209420501,22.08287791704966,13.78716252244879,59.07,12.78972501526244,12.7825441520113,0.7206707473895513,66.05043759070661,1,56.9,49.0,66.2,0.6233421750663124,1.0,0.0,0.007180863251141645,6.233421750663124,6.674006840534031,1.0,0.1,13.79338927924395,12.748006162640538,0.0026454229679838902,59.162,46.15,48.7,68.456
Республика Саха (Якутия),2013,40.2753221645366,37.55082958168336,2.724492582853245,4.396014090251234,2.053328905861552,2.284116411763621,7.120506673104479,13.77084158998787,65.07,14.15152505180409,14.14250884521778,0.9056975010300006,37.83701950647506,0,60.1,49.2,69.46,0.0,0.0,0.0,0.00901620658630975,0.0,2.1237409083227794,0.3,0.1,13.783010412041786,14.202154809336957,0.02271373016148992,65.633,47.8,54.1,67.93599999999999
Приморский край,2013,12.02186002983612,8.911131181808976,3.11072884802715,8.875561415410283,5.067704478397324,3.386490919200629,11.98629026343743,14.47713920726756,76.93,13.33251923189999,13.35479655434822,-2.203101531208806,92.51599441368536,0,48.7,33.0,57.31,0.734375,1.0,1.0,-0.022277322448228887,7.34375,7.58437064059278,1.0,0.2,14.459640510954193,13.37265391260488,0.007975210240877929,77.601,36.0,43.05,59.69500000000001
Хабаровский край,2013,7.750766599365487,5.547968689654721,2.202797909710766,19.52240354348039,3.803491637225079,9.494497371537772,21.72520145319116,14.10742018171514,82.28,13.50134732706712,13.4869116985232,1.454032541139494,91.81126152303911,0,53.2,38.1,56.15,0.0,0.0,0.0,0.014435628543919776,0.0,0.0,0.0,0.2,14.09581107317058,13.498208701900916,0.00944420509220798,82.83,37.7,45.05,59.039
Амурская область,2013,12.55688201976118,4.874961711398857,7.681920308362327,26.6637289189794,4.162791131122471,12.71335450935186,34.34564922734172,13.60718665124834,67.24,13.16630190483996,13.27104881440932,-9.944758505512684,94.32830956041175,0,54.0,43.5,62.84,0.8216783216783199,1.0,0.0,-0.10474690956936072,8.216783216783199,7.597476443923663,1.0,0.2,13.586747980047912,13.261594561190638,0.018746484191135872,67.55499999999999,40.7,48.25,64.1
Камчатский край,2013,64.40233799091556,62.21927891935847,2.18305907155709,6.869346529941948,2.069046751258283,1.134430389067545,9.05240560149904,12.66199002780084,77.52,13.72021449764914,13.71893987644258,0.1275433881416488,85.9228898450654,0,53.6,45.3,59.84,0.6233421750663124,1.0,0.0,0.0012746212065604112,6.233421750663124,1.9764007725271735,0.3,0.2,12.62727145068204,13.801110656901812,0.030757298557166024,77.689,46.0,46.55,62.720000000000006
Магаданская область,2013,37.03115663836257,35.07306525254411,1.958091385818462,10.76166785111316,2.443293798748979,2.372521085773418,12.71975923693162,11.92449854802926,95.76,14.28387110689639,14.23079419084799,5.451075080009771,84.13189010035116,0,52.6,41.0,56.25,0.0,0.0,0.0,0.05307691604840059,0.0,2.0568589167803495,0.3,0.2,11.879134134929277,14.37913340631017,0.048625039535500035,96.053,42.85,46.6,61.065
Сахалинская область,2013,0.4478199274853039,0.0,0.4478199274853039,6.285698635012816,1.195143886636842,1.089397779974966,6.733518562498119,13.09712761733607,80.97,14.74319180582522,14.72082093764354,2.262297247405343,86.46405226000026,0,49.1,41.9,56.3,0.0,0.0,0.0,0.02237086818167988,0.0,4.596819886461441,0.6,0.2,13.07874068277152,14.774164130342658,0.005006101852764111,81.62100000000001,43.65,43.1,59.486000000000004
Еврейская автономная область,2013,24.76971592236503,21.15464462937469,3.615071292990336,24.9150252954018,3.900707656774033,12.13394778264309,28.53009658839214,12.04549888179377,68.52,12.96121833465604,13.13911795850847,-16.29735632386354,92.7393675532346,0,52.1,48.1,61.59,0.0,0.0,0.0,-0.1778996238524293,0.0,1.3609917500399296,0.2,0.2,11.992814610304743,13.05142859923661,0.005815462641654001,69.852,46.55,45.85,63.357000000000006
Чукотский автономный округ,2013,15.71027040488508,1.199856354304846,14.51041405058024,15.38991958699729,1.836597378706881,0.401877159864437,29.90033363757753,10.82275385301181,66.41,14.58790544661007,14.57608754024821,1.18880137191173,52.49183348689171,0,79.1,70.3,72.64,0.6811594202898549,1.0,0.0,0.011817906361860864,6.811594202898549,6.804508789301023,1.0,0.0,10.798123244199113,14.708184506899169,0.031235427564129024,67.761,64.55,71.8,75.541
Забайкальский край,2013,29.02562962140578,23.62640940043749,5.399220220968292,11.76839304726903,5.933557004402166,0.7705173269248011,17.16761326823732,13.89531846884443,67.01,12.97065791911261,12.9821424781841,-1.141886325928243,89.90678173459195,0,53.6,43.3,65.69,0.0,0.0,0.0,-0.011484559071490708,0.0,2.1115633114582004,0.3,0.3,13.866564971078045,12.974359006659611,0.019566395341172084,67.95700000000001,41.6,46.25,67.592
Белгородская область,2014,8.974440139867458,0.1464484248411008,8.827991715026357,20.0506668017994,5.132768030467565,2.845538185462642,28.87865851682576,14.25225402462795,66.06,13.51187834602194,13.4868083187216,2.538692308835433,94.36612621715348,0,75.5,51.2,59.3,0.6223773485315888,1.0,0.0,0.025070027300339248,6.2237734853158875,6.258075849451342,1.0,0.1,14.252721865917223,13.553597196052564,0.028085594452510066,65.83500000000001,52.95,68.85,65.423
Брянская область,2014,17.58450575700417,13.76719830682297,3.8173074501812,21.20873500090534,6.467015462454888,5.342283902835407,25.02604245108654,14.02690374333377,69.46,12.73396507618395,12.69068941562741,4.42257070191141,96.70319132613922,0,59.9,50.1,64.02,0.0,0.0,0.0,0.04327566055653875,0.0,5.557272194605841,0.7,0.1,14.01017982111388,12.761148914465238,0.03458679688419597,69.51,57.0,57.5,69.294
Владимирская область,2014,11.56182684294544,6.987575422161191,4.57425142078425,9.724068667081518,6.840671527737713,1.463532322560133,14.29832008786577,14.1627404373813,77.59,12.97083881446433,12.95833651923854,1.258077563947646,95.58201060163185,0,48.6,37.6,53.49,0.7437322632870516,1.0,1.0,0.01250229522579005,7.437322632870515,4.579569635101675,0.7,0.2,14.148317042139514,12.981501158236167,0.028902071409907925,77.69,41.4,43.5,59.538
Воронежская область,2014,9.254938046724154,5.952831955227963,3.302106091496192,11.6283513968159,5.748817309527281,1.320021693332119,14.93045748831209,14.66336483495162,66.92,13.11465961079229,13.05808140747842,5.820936704371404,95.50289463735784,0,64.3,50.0,61.34,0.9999995600001923,1.0,0.0,0.05657820331386887,9.999995600001924,8.947648293289495,1.0,0.1,14.66311066675936,13.110858337994335,0.02729048016193012,67.483,54.55,59.05,66.602
Ивановская область,2014,32.49033899526731,26.2033236237969,6.287015371470411,5.934391864699686,6.063149805138123,1.372588999085074,12.2214072361701,13.8381962800476,81.2,12.57388291842727,12.66975699072315,-9.142157594005552,95.57495314218058,0,53.2,40.1,61.85,0.4784944131183718,1.0,1.0,-0.09587407229587974,4.784944131183718,6.5690167994383755,0.9,0.2,13.805708923317388,12.617724326485558,0.0073315337883800066,81.444,41.25,45.85,64.706
Тверская область,2014,9.109711848906283,4.938314642499632,4.171397206406651,5.571798860728779,6.023717773140918,1.115976130241854,9.743196067135429,14.09225023012469,75.07,12.9330033471298,12.93660746173675,-0.3597627581563345,93.45164623819502,0,53.5,38.4,58.02,0.5539416649793583,1.0,0.0,-0.003604114606950759,5.539416649793583,5.305831705064431,0.8,0.2,14.06973721325139,12.960396311643638,0.011981358425233068,75.59299999999999,41.7,47.55,62.979
Калужская область,2014,2.632254711387932,0.0869916795654586,2.545263031822474,8.01600346805742,4.747026549464527,4.69265778194149,10.56126649987989,13.84166551544113,76.16,13.25826254664958,13.23527461360083,2.325419191427169,93.0800802880774,0,57.6,40.4,59.02,0.6282350176942371,1.0,0.0,0.02298793304874991,6.282350176942371,6.4246208961410645,1.0,0.1,13.85554041843769,13.249145898689758,0.01749197480236795,75.735,43.05,50.35,64.162
Костромская область,2014,17.37755975114682,13.12760299229778,4.249956758849041,6.236101267629127,7.775163496867413,0.827542203379503,10.48605802647817,13.37183566554203,71.12,12.85683122090278,12.84326657240611,1.365706573743086,96.59759640453902,0,57.3,30.7,52.78,0.8090905530910657,1.0,0.0,0.013564648496670273,8.090905530910657,8.072859485517743,1.0,0.1,13.339556055879871,12.851212249900556,0.019911432202010103,71.98400000000001,33.65,48.35,57.559000000000005
Курская область,2014,8.028909295941606,4.779921723070821,3.248987572870785,15.28225683976973,5.582245321062794,1.354168888027155,18.53124441264051,13.92550511982521,66.61,13.10537765405986,13.06004296231312,4.637801539409758,96.48180915317877,0,54.7,45.7,60.45,0.8140240320733263,1.0,0.0,0.04533469174674032,8.140240320733263,8.290882112478176,1.0,0.1,13.919282964584486,13.145400230172722,0.039278141499276845,67.375,48.7,50.85,66.61800000000001
Липецкая область,2014,4.159569311688307,1.600208809157992,2.559360502530313,10.99916087370256,4.514467871939036,4.015642177701671,13.55852137623287,13.96922342768096,63.72,13.39084417884135,13.34097603971467,5.113248399013504,96.26322297018821,0,56.9,40.1,61.0,0.0,0.0,0.0,0.04986813912667998,0.0,2.0568206848455426,0.3,0.1,13.96618993541692,13.392307693976097,0.023520154098316048,63.512,48.15,54.75,66.949
Московская область,2014,2.236756565931854,0.0,2.236756565931854,6.601098919451494,3.518366228715834,3.311582833504159,8.837855485383347,15.84273811839656,79.88,13.45106472575797,13.46872821088608,-1.750840023042288,92.91775841693203,0,51.0,32.8,56.85,0.7876102729205062,1.0,0.0,-0.01766348512811078,7.876102729205062,7.023968238094758,0.9,0.1,15.885742041004724,13.471572415288097,0.015701077232158946,79.455,39.4,44.6,62.141999999999996
Орловская область,2014,18.72865558167078,13.15861470870474,5.570040872966042,19.91202841594524,5.942190450614094,0.9875889547903542,25.48206928891128,13.54936686042877,66.12,12.95098028988178,12.9297031207987,2.150514204734533,96.04297520231538,0,64.7,39.0,52.84,0.0,0.0,0.0,0.021277169083079528,0.0,3.830051924606397,0.6,0.2,13.52696250430007,12.959555213680265,0.02072357290982385,66.462,43.45,59.15,60.019000000000005
Рязанская область,2014,9.776795410824612,5.7247802540972,4.052015156727411,10.44345672394999,7.116259693073938,0.8495834964254276,14.4954718806774,13.94857008927976,70.96,13.0180350766587,13.02512215730392,-0.7062026511006514,95.11195291262811,0,52.7,39.8,59.74,0.6971276306006564,1.0,0.0,-0.007087080645220567,6.971276306006564,4.456927781319715,0.7,0.1,13.938522044765856,13.013257137578137,0.016012176634652063,71.239,47.15,48.0,64.72
Смоленская область,2014,9.573087244628995,6.157790236521082,3.415297008107913,7.179609513740388,5.472958562445713,7.256017212207047,10.5949065218483,13.77340857794532,72.58,12.95512008908292,12.94349538681503,1.169253169679574,94.66093975086856,0,49.6,36.2,56.69,0.0,0.0,0.0,0.011624702267889475,0.0,0.0,0.0,0.1,13.75185863536998,12.952967034060379,0.023782608667671033,72.503,42.15,45.0,61.73
Тамбовская область,2014,25.07039072780857,22.24819483719339,2.822195890615176,17.98247873140992,6.18606133129589,6.749655664251224,20.8046746220251,13.87876700759929,59.19,12.89644724637664,12.83471867303771,6.367359617009294,96.98967348305317,0,68.3,66.7,71.76,0.0,0.0,0.0,0.06172857333893056,0.0,0.0,0.0,0.1,13.851756469223428,12.895621793221153,0.03668518441231594,59.628,65.1,58.8,74.775
Тульская область,2014,5.067035012470217,2.387900593534683,2.679134418935534,5.728193981825316,5.371620855693537,0.8177002256746285,8.40732840076085,14.24543670713675,77.12,13.01487771580147,12.95600949644356,6.063546030820799,95.30925002623609,0,72.8,61.3,67.77,0.7416663403334749,1.0,0.0,0.05886821935790998,7.4166634033347485,8.399521489189901,1.0,0.2,14.24050427557213,13.069838428029508,0.04070484021754996,75.926,57.15,59.2,71.199
Ярославская область,2014,2.480206766868305,0.1206710051962689,2.359535761672036,5.532939855121371,4.327309352021177,1.011717064814661,7.892475616793407,14.05045539931662,81.87,13.09789753577701,13.07749106526076,2.061610608148556,95.96558891889833,0,55.9,29.0,54.53,0.0,0.0,0.0,0.020406470516249442,0.0,5.257900789212982,0.6,0.2,14.039261888917235,13.116074009342586,0.025374938754583985,81.66900000000001,33.7,46.85,59.723
г. Москва,2014,,0.0,0.0,0.2497310737161477,1.699072313277466,0.5151080786773685,0.2497310737161477,16.30952312278079,100.0,14.37093855804664,14.38281239273287,-1.180361889614756,91.65044468473364,0,61.7,46.6,46.95,0.9744521259855901,1.0,0.0,-0.011873834686229046,9.744521259855901,9.757022611351823,1.0,0.0,16.338118114759993,14.357745724283001,0.006782166732758022,100.0,42.2,48.5,54.126
Республика Карелия,2014,20.63337822737529,9.618034845166964,11.01534338220833,4.112004673722311,8.50254791857658,8.156510127408243,15.12734805593064,13.32405119178925,78.87,13.44753982351639,13.43180310504218,1.586119270989106,82.18881340785018,1,50.3,32.3,55.38,0.7375687362432343,1.0,0.0,0.01573671847421032,7.375687362432343,6.592661288576157,0.9,0.2,13.27598030606928,13.484420656046058,0.025210717604336,78.965,34.8,44.95,60.678
Республика Коми,2014,4.030154097184464,0.8989136763392633,3.1312404208452,2.073552425749072,4.208576061758981,1.018593857441168,5.204792846594271,13.64719485961932,77.37,13.9608904169046,13.98776353501418,-2.65152487258703,65.07796414152824,1,72.6,58.8,65.02,0.0,0.0,0.0,-0.026873118109579153,0.0,4.22213048271865,0.6,0.2,13.602233948025196,13.96424227136382,0.0006625953060579448,77.464,48.3,56.7,66.946
Архангельская область,2014,14.09264569916293,9.401926057360587,4.690719641802341,3.953553435597627,5.350849356081373,2.823588332544516,8.644273077399967,13.9222587104087,76.69,13.22693643424547,13.19929414590292,2.802788108432619,95.58024333912395,0,50.0,31.9,57.97,0.7139034291979991,1.0,0.0,0.027642288342550003,7.139034291979991,7.068758662357756,1.0,0.1,13.879810975329358,13.259508408329705,0.03269411072146813,77.051,38.2,43.3,63.160000000000004
Вологодская область,2014,9.492915522160347,3.420183488042996,6.072732034117352,5.783522452182139,6.303887903113887,0.7494767488164961,11.85625448629949,13.99094344224231,71.62,13.62021843544466,13.58839664267729,3.233351961213704,97.26601120869842,0,56.3,33.4,59.44,0.5550933108524959,1.0,0.0,0.03182179276736896,5.550933108524959,5.559465151077335,1.0,0.1,13.978454104032071,13.637740710257905,0.01258994856479596,71.975,35.3,48.6,63.330999999999996
Калининградская область,2014,3.926274215868374,1.632967882580373,2.293306333288001,34.9113634515441,3.485253046192429,0.8347933179076814,37.2046697848321,13.78201064975699,77.08,13.30499102672352,13.26772002802461,3.79742724043617,86.42750701458407,0,54.6,37.1,52.55,0.0,0.0,0.0,0.03727099869890971,0.0,3.517805176669593,0.5,0.1,13.803348201913462,13.295133041532399,0.01816559597245391,76.973,40.25,49.35,59.69
Ленинградская область,2014,1.636287701019981,0.0,1.636287701019981,6.406548903146078,3.297453518023772,2.314829924412196,8.042836604166059,14.40283767284501,65.34,13.40552238967654,13.41478322994669,-0.9218090756141661,92.7461159300702,0,51.5,33.0,61.9,0.7437322632870516,1.0,0.0,-0.009260840270149728,7.437322632870515,7.335358655821446,1.0,0.1,14.436191328474141,13.442904586800628,0.011770313701108037,65.303,41.5,47.8,67.033
Мурманская область,2014,9.476285811415567,2.33005279389821,7.146233017517356,2.581831581112114,3.170895827371346,1.510699282501967,9.72806459862947,13.52648758690965,92.98,13.99333427604422,13.96368029447532,3.009803937276012,88.97184610589743,0,51.9,32.0,60.05,0.0,0.0,0.0,0.029653981568898757,0.0,1.4629845967686022,0.2,0.2,13.49139371358441,14.040909289964551,0.03979363204139297,92.986,37.0,45.8,64.946
Новгородская область,2014,5.666391699661228,2.442989316845372,3.223402382815856,6.826538584183569,9.212481158453821,1.056356080345481,10.04994096699943,13.33580885404611,71.02,13.13465092072441,13.07749696592944,5.881880808054651,95.06018883770646,0,56.6,34.6,57.91,0.7295078757378463,1.0,0.0,0.057153954794969763,7.295078757378462,7.851502783919419,1.0,0.1,13.316641027128764,13.146522818285362,0.03242789246234708,71.64500000000001,37.35,48.25,62.331999999999994
Псковская область,2014,19.51321857468706,14.29339282342563,5.219825751261431,13.91913464159537,5.678845417521301,8.80557801945067,19.1389603928568,13.38199622263264,70.16,12.74068721829757,12.73524287467553,0.5459190993278407,95.01212251056963,0,52.9,36.7,59.69,0.9020266301353076,1.0,0.0,0.005444343622039938,9.020266301353075,8.057939850703216,1.0,0.1,13.355894012261155,12.758881013677406,0.013595769047086925,70.441,40.9,47.5,64.298
г. Санкт-Петербург,2014,3.325993035412055,0.0,3.325993035412055,0.7132316880519262,2.577517155020105,0.9825783034371942,4.039224723463981,15.47106019360235,100.0,14.14698247405845,14.15677461138919,-0.9744350459715334,92.47680067304842,0,55.2,35.4,58.77,0.9206892500691424,1.0,0.0,-0.009792137330739692,9.206892500691424,9.314087418118442,1.0,0.2,15.49722681671185,14.15777414233609,0.02000782640407799,100.0,37.55,43.95,63.64200000000001
Ненецкий автономный округ,2014,,0.0,0.0,0.5614635554408294,16.05428765407901,0.4615027981868389,0.5614635554408294,10.65140696894305,71.21,16.08617807142889,16.05097661394771,3.582836315440674,66.12571031539244,0,56.1,36.0,57.05,0.0,0.0,0.0,0.03520145748117898,0.0,2.8070767836081694,0.4,0.3,10.645855089516278,16.134450599373572,-0.0007417630986772394,72.111,38.55,50.45,61.279999999999994
Республика Калмыкия,2014,35.32344638686986,31.94135842008413,3.38208796678573,19.79716810982423,7.936181863285142,2.051892325318434,23.17925607660996,12.54432543887614,45.16,12.88720094265238,12.83444330519743,5.41741218328764,30.21315445326077,1,63.2,66.1,70.3,0.0,0.0,0.0,0.05275763745494899,0.0,1.475885844675597,0.2,0.1,12.528290997617901,12.84492623117244,0.006397844955817966,45.583,68.35,60.35,73.708
Краснодарский край,2014,6.693203116348191,2.71109662756837,3.982106488779821,5.159284135896963,4.930363923095387,1.826061092213035,9.141390624676784,15.51563360752647,54.35,13.21352668445571,13.22032109369181,-0.6771379425169366,88.25308927432054,0,72.6,56.2,63.72,0.5009378658912778,1.0,0.0,-0.006794409236100307,5.009378658912778,8.459223335820525,1.0,0.1,15.54067998324553,13.190794219767906,0.0070424677028171345,55.198,57.75,61.9,69.00899999999999
Астраханская область,2014,9.995815577648171,3.422327867520842,6.573487710127329,5.282862954235874,5.212668783933629,1.581340840390155,11.8563506643632,13.82376340930999,66.01,13.2314673999543,13.22733910993533,0.4136823146584145,67.57391327159684,0,56.0,60.2,68.76,0.0,0.0,0.0,0.004128290018968528,0.0,2.6100094728212637,0.3,0.1,13.810541734377562,13.269590553481365,0.04760383200078096,65.529,51.2,46.5,71.21700000000001
Волгоградская область,2014,13.72159219092238,5.752668720513056,7.968923470409321,8.393554902589068,5.236762609113177,1.122647706496721,16.36247837299839,14.76206625045844,76.41,13.07008667444979,13.02071446352261,5.061132698881843,90.0076005020229,0,52.0,35.5,63.41,0.0,0.0,0.0,0.049372210927179694,0.0,4.767324418191054,0.7,0.2,14.753148639200223,13.007406433970996,-0.0009375837079140581,76.74600000000001,43.05,47.1,67.652
Ростовская область,2014,10.69395481311449,6.857552203477262,3.836402609637224,10.67247170092581,6.825771500518475,2.405800869206896,14.50887431056303,15.26377569325435,67.73,12.90982634864549,12.87765774995657,3.269160107854718,90.34490047107509,0,59.3,50.2,62.66,0.8530347684346679,1.0,0.0,0.0321685986889193,8.530347684346678,8.404824658871652,1.0,0.0,15.260756375979733,12.950497172196648,0.027197563937771996,67.837,54.5,53.75,67.553
Республика Адыгея,2014,30.79398515365025,27.27115957866987,3.522825574980385,11.72594122766894,6.778282910416451,1.13861312768907,15.24876680264932,13.03281277931975,50.56,12.6366193504079,12.61050863878105,2.645458263975664,63.63961202296268,1,65.9,61.0,64.07,0.7119996867201361,1.0,0.0,0.02611071162684908,7.119996867201362,3.5630262896737426,0.5,0.1,13.059570643995745,12.64504410493838,0.020816969755541946,50.262,60.2,59.9,69.2
Республика Дагестан,2014,56.03818741433521,52.01297624965597,4.025211164679238,7.174375471868474,7.346085216886489,4.305561808196842,11.19958663654771,14.91077491522576,45.01,12.43042176673774,12.37793661393269,5.388691469789175,3.597043936705582,1,91.1,91.4,92.84,0.0,0.0,1.0,0.05248515280505117,0.0,2.734843020855516,0.5,0.3,14.933403593406263,12.396163307482151,0.01545040569252496,45.156,90.15,89.6,92.21600000000001
Кабардино-Балкарская Республика,2014,37.47655182751894,31.74507047883626,5.731481348682682,11.62229685668151,6.965034571455488,6.386219838203336,17.35377820536419,13.67637032228945,53.38,12.29816093641635,12.28679372861758,1.143206000188468,22.52089964671727,1,98.4,81.9,77.64,0.6971276306006564,1.0,1.0,0.011367207798770096,6.971276306006564,5.4403455889367445,0.8,0.2,13.690886525080558,12.308210319625527,0.012181354804779864,52.86,79.8,94.25,82.362
Республика Северная Осетия - Алания,2014,41.81345250916172,36.65355925042203,5.159893258739685,14.88020057515275,6.936736259169336,1.282181540497832,20.04009383389243,13.46502499167751,63.71,12.57612401932598,12.5602647644292,1.598568033324543,20.82180223463845,1,85.8,67.9,70.06,0.0,0.0,0.0,0.015859254896779973,0.0,0.0,0.0,0.1,13.459118731636224,12.517267381598192,0.006880711986072896,63.608000000000004,67.5,85.7,73.495
Республика Ингушетия,2014,38.40231952354927,34.48941947849885,3.912900045050406,25.5339591921888,15.44030871695401,9.615718055370644,29.44685923723921,13.02692458933032,45.14,11.99363806580828,11.96151822285708,3.264125266509299,0.7848507929068043,1,86.4,91.0,91.91,0.6917095402073868,1.0,0.0,0.032119842951200184,6.917095402073868,6.82859333063233,1.0,0.1,13.065479178316718,11.90951439178394,0.012066256805663932,48.587,81.7,83.9,89.288
Ставропольский край,2014,18.77388383766861,12.78094691879038,5.992936918878232,10.64113500321174,6.640638107270068,3.285338501601482,16.63407192208997,14.85772637773277,58.47,12.68946454749226,12.6527533031608,3.739342435336622,80.89193187278804,0,50.9,49.1,64.47,0.7355368664464212,1.0,1.0,0.036711244331460335,7.355368664464212,5.893657974680566,0.8,0.2,14.867542618269079,12.68111512996347,0.01574851868743199,59.101,51.7,46.5,69.294
Карачаево-Черкесская Республика,2014,41.04268301520829,38.30232689465757,2.740356120550723,22.09206582897453,5.913131380680163,2.120771820205468,24.83242194952525,13.06101124101333,42.26,12.33203107284741,12.34971487109604,-1.75283574979902,31.62682350957079,1,93.2,89.8,91.36,1.0,1.0,0.0,-0.017683798248629756,10.0,5.409677154771676,0.6,0.1,13.061394703752617,12.320611363457397,0.004807182182550029,41.968,85.75,93.25,90.244
Республика Башкортостан,2014,9.191551565602238,4.831871136113515,4.359680429488722,6.419066457953086,6.516454049153163,2.046616891999621,10.77874688744181,15.22662532838624,61.28,13.09450831812109,13.07907699427102,1.555100153053646,36.05048909105547,1,79.3,70.5,75.28,0.7521123451269051,1.0,0.0,0.015431323850069845,7.521123451269051,7.450630017873901,1.0,0.1,15.22755518188148,13.08045975577841,0.009329076720191943,61.440999999999995,63.45,74.55,76.003
Республика Марий Эл,2014,28.60671401283449,23.86323676494682,4.743477247887667,12.24730412071388,5.846705814963555,0.8941134972955687,16.99078136860155,13.44393805149174,65.17,12.70356555499102,12.64381438268747,6.157236507266761,47.40038953391814,1,71.3,52.2,59.98,0.7063488955556908,1.0,0.0,0.05975117230354954,7.063488955556908,5.626577630900743,0.8,0.1,13.439098279595418,12.678866506020535,0.01923977640964498,66.176,49.45,62.35,64.18299999999999
Республика Мордовия,2014,15.14959578813316,12.89280142986885,2.256794358264311,12.37592964768072,4.195739002194721,0.6905847268953419,14.63272400594503,13.60950800672173,61.43,12.71310612992682,12.63050370293614,8.610991471202256,53.35929928018452,1,94.2,91.6,87.06,0.0,0.0,0.0,0.08260242699067888,0.0,0.680851615405779,0.1,0.2,13.602410763003665,12.723619405439708,0.02969477876152098,62.263999999999996,88.0,88.6,86.547
Республика Татарстан,2014,2.033406332884579,0.0,2.033406332884579,8.83835575433075,4.057566319202463,1.28064869783968,10.87176208721533,15.17161448990832,76.18,13.64249353080602,13.62857855596592,1.401223872036472,39.71417582522228,1,79.5,77.8,82.7,0.7139034291979991,1.0,0.0,0.013914974840099958,7.139034291979991,7.09860463667785,1.0,0.0,15.184503930198208,13.640173051577909,0.012615270710136173,76.46900000000001,81.55,79.15,82.51700000000001
Удмуртская Республика,2014,9.646240108731705,3.575211966062416,6.07102814266929,7.519798388756947,5.910260670675775,0.8539686514740426,13.59082653142624,14.22486808078778,64.9,13.24465546192858,13.23251209973486,1.221739217053486,62.2204206534331,1,56.6,45.1,65.75,0.0,0.0,0.0,0.012143362193720364,0.0,2.630665096225134,0.4,0.2,14.214643371335915,13.247385497285697,0.013070305571228147,65.38,47.8,50.55,68.894
Чувашская Республика,2014,21.07545050363773,16.33352181204874,4.741928691588989,11.28537710975415,6.560770866979812,1.292694400286019,16.02730580134314,14.02538567159242,60.4,12.64250573760085,12.63699957416667,0.5521350212886134,26.86003905114038,1,61.7,43.4,62.32,0.0,0.0,0.0,0.005506163434180422,0.0,1.3548450698119257,0.2,0.1,14.015324518032207,12.646276986344116,0.013769500076335105,61.742999999999995,47.15,60.55,66.811
Нижегородская область,2014,7.826189994432604,1.657045865929694,6.169144128502911,5.496015012816977,4.774447964962165,2.626704438327235,11.66515914131989,14.9985497757006,79.33,13.20429092219653,13.17169652963884,3.313140845760798,95.14764485436845,0,58.9,44.6,63.9,0.0,0.0,0.0,0.032594392557689034,0.0,2.7441486780386897,0.4,0.1,14.984951678226073,13.206367438444673,0.02261661197393696,79.491,51.35,51.7,67.911
Кировская область,2014,21.42515078565846,15.11911815637997,6.306032629278493,10.43402810755733,6.669140534592464,0.8465745556235105,16.74006073683582,14.06118868767011,75.22,12.75180178459105,12.71779863550644,3.458786472770958,91.87916003881362,0,54.0,34.9,57.93,0.0,0.0,0.0,0.034003149084609774,0.0,0.0,0.0,0.1,14.029697272316138,12.76742057799933,0.028272655468727058,76.095,36.45,47.95,61.674
Самарская область,2014,1.923430968028394,0.0,1.923430968028394,6.86590703934204,5.690590345582802,1.219599937409905,8.789338007370434,14.98560377589053,80.3,13.45244716473,13.43444907635181,1.816103004909864,85.55174732465221,0,53.0,39.4,58.56,0.0,0.0,0.0,0.017998088378190502,0.0,3.4717206169145696,0.5,0.2,14.982020275793763,13.407048298633658,0.008391063280375022,80.023,45.1,52.95,63.738
Оренбургская область,2014,4.923943660187128,1.837371491068559,3.086572169118569,5.577664701647201,7.160925778408436,3.146181282328908,8.66423687076577,14.499120402377,59.7,13.44826040020225,13.44803479244316,0.02256332104335623,75.8767376585608,0,51.2,34.9,56.89,0.0,0.0,0.0,0.00022560775908964104,0.0,1.3925682445400103,0.2,0.1,14.479405621805432,13.445290379354741,0.014717893964836115,59.587,37.9,46.45,61.714
Пензенская область,2014,19.82941479077283,13.294400919989,6.535013870783835,11.15877750214383,6.260739030571344,5.438979911604924,17.69379137292766,14.11836543897548,67.97,12.75770498789952,12.71775578154755,4.075790895888254,86.8020996304275,0,64.9,56.3,64.27,0.7829908578300626,1.0,0.0,0.03994920635197019,7.829908578300627,3.0619303429635636,0.4,0.1,14.098366359591276,12.77826841145454,0.0366029386578429,68.19500000000001,60.3,62.75,68.98299999999999
Пермский край,2014,7.357254133698373,1.282832032731287,6.074422100967087,5.947323767209505,5.024308090426939,2.152766193458169,12.02174586817659,14.7814014116179,75.59,13.41477497068964,13.38163426762034,3.369597320571073,87.10855422941499,0,48.1,36.3,62.94,0.7158173794103254,1.0,0.0,0.03314070306930006,7.158173794103254,6.647569093528406,0.9,0.3,14.771588788703472,13.398245824194627,0.008567070829177048,75.654,39.5,41.65,66.663
Саратовская область,2014,13.74602231824304,7.594336661725169,6.151685656517871,8.148159539384544,5.317450170112532,1.156913184497049,14.29984519590241,14.73840980541806,75.42,12.83106111075437,12.82850120901635,0.2563181084139554,87.55403917112397,0,67.3,64.9,70.64,0.6828641496676493,1.0,0.0,0.0025599017380191214,6.828641496676493,6.759308607098035,1.0,0.1,14.731359477747286,12.836899884145712,0.020306786101254026,75.899,66.55,65.9,72.947
Ульяновская область,2014,10.65639678729556,6.854043835170283,3.802352952125281,6.520612908449933,6.629329280662654,7.263260553891794,10.32296586057521,14.0474076847015,74.46,12.84855622835851,12.83796975404608,1.064270929983602,73.57869033536369,0,60.4,43.6,58.18,0.0,0.0,0.0,0.010586474312429317,0.0,0.0,0.0,0.0,14.032296613279021,12.85601346373942,0.01776994554110196,75.241,46.05,56.4,63.00699999999999
Курганская область,2014,31.90149631765021,25.69145574240941,6.210040575240809,7.459851199342022,6.137796685262226,1.114265844384201,13.66989177458283,13.66800773210848,61.75,12.64390997346525,12.66069394474712,-1.664390515263214,92.47095274980636,0,56.5,44.4,63.39,0.0,0.0,0.0,-0.01678397128186937,0.0,2.1201965542942296,0.3,0.2,13.633687543490748,12.673840486292647,0.01188896439970204,62.435,42.95,49.15,66.363
Свердловская область,2014,3.221084494430756,0.06718702037249631,3.15389747405826,3.377307427978156,4.598932944540087,1.704473569930542,6.531204902036416,15.2796521415197,84.45,13.42208175163479,13.4224159864421,-0.03341789570818765,90.6531957904619,0,51.2,32.7,64.5,0.9401404314086327,1.0,0.0,-0.00033423480731009647,9.401404314086326,9.156499373804538,1.0,0.1,15.277535141773035,13.418360170253417,0.01509034847636297,84.94300000000001,36.6,46.35,67.53
Тюменская область,2014,,0.0,0.0,1.301871641440182,2.397459652942445,0.6000703249709161,1.301871641440182,14.17669979712232,63.67,13.77319466170093,13.97224107632981,-18.04881448884522,73.31976912372754,0,76.2,62.2,73.1,0.7158173794103254,1.0,0.0,-0.19904641462887973,7.158173794103254,7.07239478992211,1.0,0.1,14.218849082364192,13.851065183654274,-0.010386970251895989,64.976,60.3,78.65,75.095
Челябинская область,2014,8.98063480877421,3.581044428506185,5.399590380268027,5.202259658089185,6.248325888698377,2.224591239690508,10.60185003835721,15.06670715748689,82.45,13.23410122772447,13.2082819090707,2.6155524561013,83.79738904074622,0,59.7,50.3,65.02,0.0,0.0,0.0,0.02581931865376852,0.0,1.4601981898440337,0.2,0.2,15.063058138389987,13.21378815960539,0.013439296059669027,82.533,44.25,52.05,67.414
Ханты-Мансийский автономный округ - Югра,2014,1.015739521457032,0.0,1.015739521457032,1.03114923909009,1.564164723621814,0.596597485877665,2.046888760547122,14.29064972771891,91.86,15.13743603695706,15.15996922710316,-2.228121397454852,68.10534890794732,0,54.9,41.0,66.41,0.7416663403334749,1.0,0.0,-0.022533190146099003,7.4166634033347485,7.309642049936467,1.0,0.0,14.312446241182107,15.101363631381437,-0.018493822206228926,91.899,44.3,47.1,69.356
Ямало-Ненецкий автономный округ,2014,,0.0,0.0,0.4402882613004126,0.7521532969869973,0.2583247432597733,0.4402882613004126,13.17332831788964,84.98,15.54473463660816,15.47990946109401,6.697247516359628,61.73862802169426,0,82.2,71.7,84.58,0.6402874880576774,1.0,0.0,0.06482517551414979,6.402874880576775,6.287617879029826,1.0,0.1,13.15681205450636,15.626406435148212,0.050444200389276085,84.786,69.4,78.3,84.86800000000001
Республика Тыва,2014,59.49200204919764,56.17641153302753,3.315590516170107,10.53532346437712,7.423782011427728,2.856345143683823,13.85091398054723,12.65688071317806,54.38,12.60668359762022,12.56801198165316,3.9429095681647,16.26883698581899,1,86.1,85.3,90.0,0.7139034291979991,1.0,0.0,0.03867161596705948,7.139034291979991,6.909227620251606,1.0,0.0,12.68017391648718,12.577339800353524,-0.0029048978322650854,54.451,83.95,88.1,90.59400000000001
Алтайский край,2014,23.93917316210371,20.54777317076745,3.391399991336256,8.96391861212258,6.300033797997277,10.3316976518858,12.35531860345884,14.67054867087306,56.09,12.74908732940227,12.73776723172783,1.138441243412669,93.92766264596298,0,52.5,37.2,57.35,0.9569888262367435,1.0,0.0,0.011320097674440532,9.569888262367435,8.48098297281967,1.0,0.1,14.644949049966584,12.76249114852617,0.02413049000470995,56.720000000000006,36.2,46.65,59.543000000000006
Красноярский край,2014,7.013074022126197,0.2057940057481221,6.807280016378075,6.518678448433397,5.180491736522972,2.647481815147297,13.32595846481147,14.86563718609701,77.54,13.9082636166436,13.90069609761157,0.759622506965507,91.31694705096045,0,49.7,36.7,60.16,1.0,1.0,0.0,0.007567519032029679,10.0,5.471818442093575,0.7,0.2,14.868241774506672,13.90333664054648,0.008165780660617017,78.179,38.55,43.2,64.396
Иркутская область,2014,5.77787386804735,2.415924700846795,3.361949167200555,5.055675396635404,6.495514777210023,1.103843499503737,8.41762456383596,14.69872794682739,78.97,13.48213404148145,13.43401582784077,4.929468893842048,91.40701771588505,0,47.1,34.9,55.45,0.0,0.0,1.0,0.04811821364067903,0.0,2.3390715803622264,0.3,0.4,14.693891829081224,13.49487285365654,0.030863608300009913,78.506,37.35,40.9,60.733000000000004
Кемеровская область - Кузбасс,2014,5.34345175588917,1.857495629160153,3.485956126729017,4.821108899225162,6.117610444880296,3.451123711378769,8.307065025954179,14.81816795904865,85.78,13.38094845353604,13.35651822005496,2.473109669181794,93.69873923071353,0,69.4,64.2,77.19,0.5907077046903789,1.0,0.0,0.02443023348108042,5.907077046903789,5.203967124119177,0.8,0.1,14.804856835034371,13.38397253710104,0.0025126278093269504,86.069,70.75,78.1,79.659
Новосибирская область,2014,8.258758294204332,2.136664256722399,6.122094037481934,5.143180211853267,4.360556025917094,3.361073700210575,11.2652742493352,14.82507740232976,78.47,13.14180084366582,13.12451752133011,1.743354314148182,93.10494236245461,0,56.8,33.8,56.34,0.0,0.0,0.0,0.017283322335709173,0.0,2.8851626163274022,0.4,0.2,14.835074168230875,13.140787756219154,0.019580606761437025,78.91,36.05,45.85,60.75600000000001
Омская область,2014,7.863542468906316,2.88757143486519,4.975971034041127,11.15109363569462,6.273303758384172,0.7994508996828026,16.12706466973574,14.49199467762768,72.2,12.916891886326,12.89683051622863,2.026395180355345,85.83181391841353,0,55.7,39.6,55.55,0.7416663403334749,1.0,0.0,0.020061370097371523,7.4166634033347485,7.238630859576507,1.0,0.2,14.477233397522411,12.891849038465546,0.013851675733471857,72.69800000000001,37.95,47.2,59.077999999999996
Томская область,2014,11.93111494985966,6.227579255610208,5.703535694249451,5.71408249211449,4.779707722380427,0.6199621430383805,11.41761818636394,13.88360088895072,71.49,13.44766247701084,13.44995687086366,-0.2291763743131447,92.05339702188196,0,50.5,37.5,57.07,0.7416663403334749,1.0,0.0,-0.0022943938528197094,7.4166634033347485,7.181908666166396,1.0,0.1,13.883383049493252,13.440413736671497,0.0020421963197739144,71.572,39.1,42.2,61.318000000000005
Республика Алтай,2014,45.46174477173252,41.69276529763916,3.768979474093361,5.872207782910835,5.988851463247928,27.7363352264038,9.641187257004196,12.25081653933957,29.73,12.62503026194071,12.54758091270381,8.052750152998755,56.62635151132507,1,63.6,53.3,66.87,0.0,0.0,0.0,0.07744934923690039,0.0,2.355787000566351,0.3,0.1,12.25551773039436,12.631323468657445,0.02108814976007505,30.145999999999997,51.05,54.35,67.995
Республика Хакасия,2014,10.77461575906801,6.747440254715251,4.027175504352765,10.36063430929581,5.847743689556276,13.02347557291332,14.38780981364857,13.19231285786165,67.89,13.21538991572472,13.19989504400139,1.561553968748308,81.656591192903,1,56.2,40.1,58.4,0.7807014108773429,1.0,0.0,0.01549487172332853,7.807014108773429,5.3604922594408,0.7,0.1,13.194250190951431,13.20431037255266,0.017542535983104023,68.139,39.1,47.8,61.628
Республика Бурятия,2014,35.61002214789343,31.50957148693447,4.100450660958968,10.19484575704221,6.195031546135658,6.308632192978194,14.29529641800118,13.79008607762402,59.22,12.76965530125223,12.78972501526244,-1.986965789171358,66.05043759070661,1,56.9,49.0,66.2,0.6223773485315888,1.0,0.0,-0.020069714010210404,6.2237734853158875,6.674006840534031,1.0,0.1,13.79338927924395,12.748006162640538,0.0026454229679838902,59.162,46.15,48.7,68.456
Республика Саха (Якутия),2014,34.74597147754376,32.67327287489091,2.07269860265285,2.722310025286919,2.440726169578569,1.450623718390293,4.795008627939769,13.77217290181906,65.28,14.18169240703227,14.15152505180409,3.062700033834997,37.83701950647506,0,60.1,49.2,69.46,0.0,0.0,0.0,0.030167355228179815,0.0,2.1237409083227794,0.3,0.1,13.783010412041786,14.202154809336957,0.02271373016148992,65.633,47.8,54.1,67.93599999999999
Приморский край,2014,12.37717294928989,7.566257481807343,4.810915467482549,6.193074425867668,5.604340700579435,3.042377716729042,11.00398989335022,14.47239979204004,77.17,13.35017487239405,13.33251923189999,1.7812422652004,92.51599441368536,0,48.7,33.0,57.31,0.733516160769371,1.0,0.0,0.0176556404940591,7.33516160769371,7.58437064059278,1.0,0.2,14.459640510954193,13.37265391260488,0.007975210240877929,77.601,36.0,43.05,59.69500000000001
Хабаровский край,2014,11.90629695372643,5.812558307428455,6.093738646297977,7.416548551225552,4.239564016193306,6.467470686007464,13.51028719752353,14.1054346152887,82.51,13.51328322434674,13.50134732706712,1.20074143584723,91.81126152303911,0,53.2,38.1,56.15,0.0,0.0,0.0,0.011935897279620633,0.0,0.0,0.0,0.2,14.09581107317058,13.498208701900916,0.00944420509220798,82.83,37.7,45.05,59.039
Амурская область,2014,9.1374402938184,5.42488504339175,3.71255525042665,12.26214099493657,6.267015949691587,6.443177318662747,15.97469624536322,13.60185312086047,67.4,13.20216464026266,13.16630190483996,3.65135601300106,94.32830956041175,0,54.0,43.5,62.84,0.8042165136146124,1.0,0.0,0.035862735422700354,8.042165136146124,7.597476443923663,1.0,0.2,13.586747980047912,13.261594561190638,0.018746484191135872,67.55499999999999,40.7,48.25,64.1
Камчатский край,2014,63.76167403937977,60.98831579640159,2.773358242978175,4.213606781002055,1.988285564968613,0.8774090908010772,6.986965023980231,12.6508578208302,77.58,13.74030644599124,13.72021449764914,2.029515016136219,85.9228898450654,0,53.6,45.3,59.84,0.0,0.0,0.0,0.020091948342100707,0.0,1.9764007725271735,0.3,0.2,12.62727145068204,13.801110656901812,0.030757298557166024,77.689,46.0,46.55,62.720000000000006
Магаданская область,2014,35.40011664055559,31.76939947049424,3.630717170061351,6.401479649376711,2.750974833746515,2.621226662535031,10.03219681943806,11.90906051648203,95.84,14.32886794068516,14.28387110689639,4.602454796880417,84.13189010035116,0,52.6,41.0,56.25,0.0,0.0,1.0,0.04499683378877073,0.0,2.0568589167803495,0.3,0.2,11.879134134929277,14.37913340631017,0.048625039535500035,96.053,42.85,46.6,61.065
Сахалинская область,2014,0.4638124238181483,0.0,0.4638124238181483,2.567156033673943,0.8254064375718745,0.8304277819100959,3.030968457492091,13.08777193263471,81.23,14.759523104263,14.74319180582522,1.646538302277412,86.46405226000026,0,49.1,41.9,56.3,0.0,0.0,0.0,0.01633129843778036,0.0,4.596819886461441,0.6,0.2,13.07874068277152,14.774164130342658,0.005006101852764111,81.62100000000001,43.65,43.1,59.486000000000004
Еврейская автономная область,2014,27.80003067811649,24.76566360935373,3.034367068762756,8.377730218574522,5.923454163019926,13.5787494231465,11.41209728733728,12.02990213222072,68.96,12.98279715590663,12.96121833465604,2.181332776767353,92.7393675532346,0,52.1,48.1,61.59,0.0,0.0,0.0,0.021578821250589186,0.0,1.3609917500399296,0.2,0.2,11.992814610304743,13.05142859923661,0.005815462641654001,69.852,46.55,45.85,63.357000000000006
Чукотский автономный округ,2014,45.48015706596634,38.34359084648644,7.136566219479905,3.851759729209308,1.595676322628192,1.761948669232062,10.98832594868921,10.81655308905459,66.94,14.73299820943391,14.58790544661007,15.61468127370134,52.49183348689171,0,79.1,70.3,72.64,0.6953121940626329,1.0,0.0,0.14509276282383965,6.953121940626329,6.804508789301023,1.0,0.0,10.798123244199113,14.708184506899169,0.031235427564129024,67.761,64.55,71.8,75.541
Забайкальский край,2014,27.75204996684722,22.62993687778126,5.12211308906597,7.355033263354484,8.124793832592196,1.081605764579438,12.47714635242045,13.88824508737716,67.33,12.9179812961741,12.97065791911261,-5.131325358340022,89.90678173459195,0,53.6,43.3,65.69,0.0,0.0,1.0,-0.05267662293850961,0.0,2.1115633114582004,0.3,0.3,13.866564971078045,12.974359006659611,0.019566395341172084,67.95700000000001,41.6,46.25,67.592
Белгородская область,2015,4.025818840088395,1.151182548719117,2.874636291369279,19.40955018712429,5.736420769128364,2.244591978504031,22.28418647849357,14.25447878282791,65.98,13.53921239006352,13.51187834602194,2.771104618253029,94.36612621715348,0,75.5,51.2,59.3,0.6229113083057274,1.0,0.0,0.027334044041580796,6.229113083057274,6.258075849451342,1.0,0.1,14.252721865917223,13.553597196052564,0.028085594452510066,65.83500000000001,52.95,68.85,65.423
Брянская область,2015,16.56450427978184,14.185934665153,2.378569614628846,20.19976466168883,15.86325002459985,2.090474470224969,22.57833427631768,14.01983004303522,69.54,12.75592738897625,12.73396507618395,2.220525968256037,96.70319132613922,0,59.9,50.1,64.02,0.8105585036649076,1.0,1.0,0.021962312792300764,8.105585036649076,5.557272194605841,0.7,0.1,14.01017982111388,12.761148914465238,0.03458679688419597,69.51,57.0,57.5,69.294
Владимирская область,2015,9.82039052561681,7.663892256237858,2.156498269378952,7.971494830545297,6.446968311799615,3.356634690119338,10.12799309992425,14.15825664419725,77.67,12.9591932257185,12.97083881446433,-1.157804134124429,95.58201060163185,0,48.6,37.6,53.49,0.7290498273187148,1.0,0.0,-0.011645588745828661,7.290498273187148,4.579569635101675,0.7,0.2,14.148317042139514,12.981501158236167,0.028902071409907925,77.69,41.4,43.5,59.538
Воронежская область,2015,8.121312846485194,5.834271313291222,2.287041533193973,12.61200445137124,6.006763352782398,2.855342570485885,14.89904598456521,14.66491633798418,67.2,13.11809564927077,13.11465961079229,0.3441948425686681,95.50289463735784,0,64.3,50.0,61.34,0.9999993800003838,1.0,0.0,0.003436038478481507,9.999993800003837,8.947648293289495,1.0,0.1,14.66311066675936,13.110858337994335,0.02729048016193012,67.483,54.55,59.05,66.602
Ивановская область,2015,28.75525192718762,25.86702418764994,2.888227739537676,4.554851782602109,6.817764729873595,3.0000745130869,7.443079522139785,13.82676103336212,81.29,12.59823439037929,12.57388291842727,2.465039048208562,95.57495314218058,0,53.2,40.1,61.85,0.4728257938045294,1.0,0.0,0.02435147195201992,4.728257938045294,6.5690167994383755,0.9,0.2,13.805708923317388,12.617724326485558,0.0073315337883800066,81.444,41.25,45.85,64.706
Тверская область,2015,7.597841235639242,4.427126837248438,3.170714398390804,4.683613370932297,5.906162852516704,3.2524095306274,7.854327769323101,14.08415888245639,75.32,12.93507662247255,12.9330033471298,0.2075426064157337,93.45164623819502,0,53.5,38.4,58.02,0.0,0.0,0.0,0.0020732753427505912,0.0,5.305831705064431,0.8,0.2,14.06973721325139,12.960396311643638,0.011981358425233068,75.59299999999999,41.7,47.55,62.979
Калужская область,2015,0.8897359697812574,0.0,0.8897359697812574,4.683753840137317,6.021595124327769,10.07950015422008,5.573489809918574,13.84944714235964,76.15,13.19496820980081,13.25826254664958,-6.133285130577604,93.0800802880774,0,57.6,40.4,59.02,0.6289152727231314,1.0,0.0,-0.0632943368487684,6.289152727231314,6.4246208961410645,1.0,0.1,13.85554041843769,13.249145898689758,0.01749197480236795,75.735,43.05,50.35,64.162
Костромская область,2015,19.04956372572855,13.81962039077587,5.229943334952682,5.294675746286417,7.304682105883319,2.611764712018802,10.5246190812391,13.36177547536456,71.49,12.85279248670075,12.85683122090278,-0.4030589483527192,96.59759640453902,0,57.3,30.7,52.78,0.8156244943128136,1.0,0.0,-0.00403873420203027,8.156244943128137,8.072859485517743,1.0,0.1,13.339556055879871,12.851212249900556,0.019911432202010103,71.98400000000001,33.65,48.35,57.559000000000005
Курская область,2015,6.019536216247024,4.625372048391771,1.394164167855253,12.59442602066266,7.671262087732996,3.220306269272038,13.98859018851791,13.92559290819439,66.99,13.1338773225426,13.10537765405986,2.890966973315301,96.48180915317877,0,54.7,45.7,60.45,0.8207542081135218,1.0,0.0,0.028499668482741214,8.207542081135218,8.290882112478176,1.0,0.1,13.919282964584486,13.145400230172722,0.039278141499276845,67.375,48.7,50.85,66.61800000000001
Липецкая область,2015,2.562367837567491,1.647074236911294,0.9152936006561967,9.808908794671012,4.641851476409583,2.268801621535944,10.72420239532721,13.96959552134654,63.64,13.40042241602894,13.39084417884135,0.9624255308205765,96.26322297018821,0,56.9,40.1,61.0,0.0,0.0,0.0,0.009578237187589878,0.0,2.0568206848455426,0.3,0.1,13.96618993541692,13.392307693976097,0.023520154098316048,63.512,48.15,54.75,66.949
Московская область,2015,0.7201934442134951,0.0,0.7201934442134951,6.889340500172798,3.083615207485361,2.871473536240092,7.609533944386293,15.86139777216189,79.75,13.45807281874121,13.45106472575797,0.7032707132699656,92.91775841693203,0,51.0,32.8,56.85,0.7744802319884272,1.0,0.0,0.007008092983239678,7.744802319884272,7.023968238094758,0.9,0.1,15.885742041004724,13.471572415288097,0.015701077232158946,79.455,39.4,44.6,62.141999999999996
Орловская область,2015,16.07809198556399,13.39644742333635,2.681644562227634,16.39293889389413,9.481731412142775,3.185798731339715,19.07458345612176,13.54216259290097,66.45,12.9819010840269,12.95098028988178,3.140380743085158,96.04297520231538,0,64.7,39.0,52.84,0.5077817863426066,1.0,1.0,0.0309207941451195,5.077817863426066,3.830051924606397,0.6,0.2,13.52696250430007,12.959555213680265,0.02072357290982385,66.462,43.45,59.15,60.019000000000005
Рязанская область,2015,7.882876639085788,6.253471332449047,1.629405306636742,8.559873211260461,8.783925576446062,2.669052549000086,10.1892785178972,13.94492699576324,71.1,13.00249535075845,13.0180350766587,-1.541960736765502,95.11195291262811,0,52.7,39.8,59.74,0.0,0.0,0.0,-0.015539725900250545,0.0,4.456927781319715,0.7,0.1,13.938522044765856,13.013257137578137,0.016012176634652063,71.239,47.15,48.0,64.72
Смоленская область,2015,8.64936989936366,6.9516014351145,1.697768464249157,4.611406566314649,5.586699885871541,3.608079050614038,6.309175030563806,13.76637703485391,72.51,12.95311088752218,12.95512008908292,-0.2007184466427336,94.66093975086856,0,49.6,36.2,56.69,0.0,0.0,0.0,-0.0020092015607389158,0.0,0.0,0.0,0.1,13.75185863536998,12.952967034060379,0.023782608667671033,72.503,42.15,45.0,61.73
Тамбовская область,2015,22.26878433546824,21.12583617618861,1.142948159279626,15.25725831808802,6.575219008161792,3.447513967808566,16.40020647736765,13.86989835942218,59.42,12.97203952659666,12.89644724637664,7.852274944265214,96.98967348305317,0,68.3,66.7,71.76,0.0,0.0,0.0,0.07559228022001996,0.0,0.0,0.0,0.1,13.851756469223428,12.895621793221153,0.03668518441231594,59.628,65.1,58.8,74.775
Тульская область,2015,3.674251990159241,2.0251571264666,1.649094863692641,3.448229789290215,10.19313973164772,3.161306871491234,5.097324652982856,14.2444428126388,76.6,13.07035979558349,13.01487771580147,5.705007433494114,95.30925002623609,0,72.8,61.3,67.77,0.7372876784748579,1.0,0.0,0.05548207978202058,7.372876784748579,8.399521489189901,1.0,0.2,14.24050427557213,13.069838428029508,0.04070484021754996,75.926,57.15,59.2,71.199
Ярославская область,2015,3.593244705521374,0.0,3.593244705521374,4.752724681177029,4.559121297831453,2.825812362917876,8.345969386698403,14.04894260077068,81.78,13.10340235559249,13.09789753577701,0.5519999176516022,95.96558891889833,0,55.9,29.0,54.53,0.0,0.0,0.0,0.005504819815479678,0.0,5.257900789212982,0.6,0.2,14.039261888917235,13.116074009342586,0.025374938754583985,81.66900000000001,33.7,46.85,59.723
г. Москва,2015,,0.0,0.0,0.2484353056684857,1.655337607250094,2.53883914075089,0.2484353056684857,16.32332391762422,100.0,14.33591412675159,14.37093855804664,-3.441817444508488,91.65044468473364,0,61.7,46.6,46.95,0.9702596214873598,1.0,0.0,-0.03502443129505117,9.702596214873598,9.757022611351823,1.0,0.0,16.338118114759993,14.357745724283001,0.006782166732758022,100.0,42.2,48.5,54.126
Республика Карелия,2015,19.73031913944077,12.98358561733552,6.746733522105252,3.044239036861287,8.371380987275447,2.732196256200188,9.790972558966539,13.30784493612893,79.01,13.46773810044624,13.44753982351639,2.040364247157744,82.18881340785018,1,50.3,32.3,55.38,0.7331456128654494,1.0,0.0,0.020198276929850323,7.331456128654494,6.592661288576157,0.9,0.2,13.27598030606928,13.484420656046058,0.025210717604336,78.965,34.8,44.95,60.678
Республика Коми,2015,2.205213025906057,0.4118245357392824,1.793388490166774,1.889728908719064,3.999980904983186,1.805264126001487,3.683117398885838,13.63047652573275,77.49,13.9604625919562,13.9608904169046,-0.04277334443540948,65.07796414152824,1,72.6,58.8,65.02,0.0,0.0,0.0,-0.000427824948401323,0.0,4.22213048271865,0.6,0.2,13.602233948025196,13.96424227136382,0.0006625953060579448,77.464,48.3,56.7,66.946
Архангельская область,2015,13.95231703455343,10.53085191026902,3.421465124284408,3.219744697765028,4.93968469871913,5.072569147201865,6.641209822049436,13.90585296424399,76.94,13.24434168074326,13.22693643424547,1.755760043634402,95.58024333912395,0,50.0,31.9,57.97,0.7092386907067928,1.0,0.0,0.017405246497789406,7.092386907067928,7.068758662357756,1.0,0.1,13.879810975329358,13.259508408329705,0.03269411072146813,77.051,38.2,43.3,63.160000000000004
Вологодская область,2015,6.461084559754739,4.645452964191751,1.815631595562987,6.405745202363851,6.347420281987202,2.296361372563995,8.221376797926837,13.98850121701675,71.86,13.63557688593677,13.62021843544466,1.547699761535259,97.26601120869842,0,56.3,33.4,59.44,0.548318987773319,1.0,0.0,0.015358450492110265,5.48318987773319,5.559465151077335,1.0,0.1,13.978454104032071,13.637740710257905,0.01258994856479596,71.975,35.3,48.6,63.330999999999996
Калининградская область,2015,5.62677175023434,2.795037584370168,2.831734165864172,30.49656884388632,3.649421674213115,2.143313166541191,33.32830300975049,13.78914502181729,76.98,13.28274301685317,13.30499102672352,-2.200234809990753,86.42750701458407,0,54.6,37.1,52.55,0.0,0.0,0.0,-0.022248009870351027,0.0,3.517805176669593,0.5,0.1,13.803348201913462,13.295133041532399,0.01816559597245391,76.973,40.25,49.35,59.69
Ленинградская область,2015,0.8506667760261086,0.0,0.8506667760261086,4.614894155608481,3.184014751931335,1.57519646977814,5.46556093163459,14.41164616216528,65.32,13.441687265999,13.40552238967654,3.682678058565636,92.7461159300702,0,51.5,33.0,61.9,0.7372876784748579,1.0,0.0,0.036164876322461126,7.372876784748579,7.335358655821446,1.0,0.1,14.436191328474141,13.442904586800628,0.011770313701108037,65.303,41.5,47.8,67.033
Мурманская область,2015,7.098171080013394,3.015988135955706,4.082182944057687,1.910828446369672,2.736243651945865,1.419495835903903,5.993011390427359,13.5130545531094,92.99,14.01869588070975,13.99333427604422,2.568594629777232,88.97184610589743,0,51.9,32.0,60.05,0.0,0.0,0.0,0.02536160466553028,0.0,1.4629845967686022,0.2,0.2,13.49139371358441,14.040909289964551,0.03979363204139297,92.986,37.0,45.8,64.946
Новгородская область,2015,3.698190792337618,2.428060672634767,1.270130119702851,6.157073825600489,7.758786753278148,3.010948796842469,7.42720394530334,13.32977584144255,71.3,13.16244542510948,13.13465092072441,2.818437533015294,95.06018883770646,0,56.6,34.6,57.91,0.7249995505002768,1.0,0.0,0.027794504385070695,7.249995505002768,7.851502783919419,1.0,0.1,13.316641027128764,13.146522818285362,0.03242789246234708,71.64500000000001,37.35,48.25,62.331999999999994
Псковская область,2015,18.37959144949104,16.07811865611877,2.301472793372275,8.654430740478386,6.97742634834933,6.59857355210202,10.95590353385066,13.37180605505244,70.28,12.73067467856025,12.74068721829757,-0.9962581137838766,95.01212251056963,0,52.9,36.7,59.69,0.8969066604127139,1.0,0.0,-0.010012539737319415,8.96906660412714,8.057939850703216,1.0,0.1,13.355894012261155,12.758881013677406,0.013595769047086925,70.441,40.9,47.5,64.298
г. Санкт-Петербург,2015,0.2943320406125796,0.0,0.2943320406125796,0.8595314188354473,2.519095555389213,1.939372703388045,1.153863459448027,15.48392222439974,100.0,14.14802334843004,14.14698247405845,0.1041416269320861,92.47680067304842,0,55.2,35.4,58.77,0.9157889058950885,1.0,0.0,0.0010408743715899504,9.157889058950886,9.314087418118442,1.0,0.2,15.49722681671185,14.15777414233609,0.02000782640407799,100.0,37.55,43.95,63.64200000000001
Ненецкий автономный округ,2015,0.1971821047148123,0.0,0.1971821047148123,1.054937931157578,1.025315513201468,2.692581314848312,1.25212003587239,10.65464417359897,71.99,16.17186707596737,16.08617807142889,8.946745617966979,66.12571031539244,0,56.1,36.0,57.05,0.0,0.0,1.0,0.08568900453848016,0.0,2.8070767836081694,0.4,0.3,10.645855089516278,16.134450599373572,-0.0007417630986772394,72.111,38.55,50.45,61.279999999999994
Республика Калмыкия,2015,36.32003754842092,32.01031263980875,4.309724908612175,17.1918436367001,7.845392458838504,3.666969108445446,21.50156854531227,12.53812799921234,45.35,12.85153417821749,12.88720094265238,-3.503820049790851,30.21315445326077,1,63.2,66.1,70.3,0.0,0.0,0.0,-0.035666764434889586,0.0,1.475885844675597,0.2,0.1,12.528290997617901,12.84492623117244,0.006397844955817966,45.583,68.35,60.35,73.708
Краснодарский край,2015,5.731229000778311,2.624059549379011,3.1071694513993,5.441584782111389,5.385432337117781,3.201571065718742,8.548754233510689,15.52800204711763,54.66,13.18502886293467,13.21352668445571,-2.809558858285954,88.25308927432054,0,72.6,56.2,63.72,0.4924525248681116,1.0,0.0,-0.028497821521039413,4.924525248681116,8.459223335820525,1.0,0.1,15.54067998324553,13.190794219767906,0.0070424677028171345,55.198,57.75,61.9,69.00899999999999
Астраханская область,2015,10.03657191884636,3.094781948905215,6.941789969941143,3.959505865333718,5.624210714095538,2.667057376817175,10.90129583527486,13.82206006305443,65.74,13.22413000155772,13.2314673999543,-0.7310545406136404,67.57391327159684,0,56.0,60.2,68.76,0.0,0.0,0.0,-0.007337398396579431,0.0,2.6100094728212637,0.3,0.1,13.810541734377562,13.269590553481365,0.04760383200078096,65.529,51.2,46.5,71.21700000000001
Волгоградская область,2015,9.020504534083559,6.687032015538649,2.333472518544911,10.58063447146011,5.327809660422456,3.520334713405107,12.91410699000502,14.75907748892242,76.53,13.00907010600989,13.07008667444979,-5.919234806815854,90.0076005020229,0,52.0,35.5,63.41,0.68865392659657,1.0,1.0,-0.0610165684399,6.8865392659657,4.767324418191054,0.7,0.2,14.753148639200223,13.007406433970996,-0.0009375837079140581,76.74600000000001,43.05,47.1,67.652
Ростовская область,2015,9.566815651876624,7.497048329139674,2.069767322736949,7.613008340821116,6.97435209668647,4.750942621483184,9.682775663558065,15.26353340200992,67.76,12.9492893530432,12.90982634864549,4.025201342329221,90.34490047107509,0,59.3,50.2,62.66,0.8613856045547864,1.0,0.0,0.03946300439771022,8.613856045547864,8.404824658871652,1.0,0.0,15.260756375979733,12.950497172196648,0.027197563937771996,67.837,54.5,53.75,67.553
Республика Адыгея,2015,29.21478235843526,25.43699785183254,3.777784506602714,8.458691147862638,6.541365922608218,5.151236877987221,12.23647565446535,13.04461802877948,50.56,12.63278227059735,12.6366193504079,-0.3829727626459389,63.63961202296268,1,65.9,61.0,64.07,0.7073166346344176,1.0,0.0,-0.003837079810550037,7.073166346344176,3.5630262896737426,0.5,0.1,13.059570643995745,12.64504410493838,0.020816969755541946,50.262,60.2,59.9,69.2
Республика Дагестан,2015,55.34246471194613,51.4538056818707,3.888659030075422,7.40684533902527,7.792886654814142,2.830878314781263,11.29550436910069,14.92033716436722,45.05,12.40676059321677,12.43042176673774,-2.3383442745737,3.597043936705582,1,91.1,91.4,92.84,0.0,0.0,0.0,-0.023661173520970635,0.0,2.734843020855516,0.5,0.3,14.933403593406263,12.396163307482151,0.01545040569252496,45.156,90.15,89.6,92.21600000000001
Кабардино-Балкарская Республика,2015,32.88145447983515,30.93687285960392,1.944581620231234,14.45712584808589,6.991906192727529,2.894230824787397,16.40170746831712,13.68270119033125,53.16,12.31065182261514,12.29816093641635,1.256922314396935,22.52089964671727,1,98.4,81.9,77.64,0.6832456496861242,1.0,0.0,0.012490886198790463,6.8324564968612425,5.4403455889367445,0.8,0.2,13.690886525080558,12.308210319625527,0.012181354804779864,52.86,79.8,94.25,82.362
Республика Северная Осетия - Алания,2015,41.3092511384767,37.84595251236125,3.463298626115444,12.47407273160357,7.502516379192836,3.015881145448329,15.93737135771901,13.46469697407238,63.69,12.55010806159151,12.57612401932598,-2.568045844783862,20.82180223463845,1,85.8,67.9,70.06,0.0,0.0,0.0,-0.026015957734468742,0.0,0.0,0.0,0.1,13.459118731636224,12.517267381598192,0.006880711986072896,63.608000000000004,67.5,85.7,73.495
Республика Ингушетия,2015,38.34464566021443,33.14448136884783,5.200164291366597,33.22248831983454,15.34927826725584,2.021140628942348,38.42265261120114,13.04598328748336,46.8,11.95028667508619,11.99363806580828,-4.242515197568375,0.7848507929068043,1,86.4,91.0,91.91,0.6850389453545918,1.0,0.0,-0.0433513907220906,6.850389453545917,6.82859333063233,1.0,0.1,13.065479178316718,11.90951439178394,0.012066256805663932,48.587,81.7,83.9,89.288
Ставропольский край,2015,16.49875295039971,14.75553456197996,1.743218388419746,10.84261558314459,6.82211380120326,2.643124902514328,12.58583397156434,14.86302427012818,58.74,12.69312639646832,12.68946454749226,0.3668561736223541,80.89193187278804,0,50.9,49.1,64.47,0.7290498273187148,1.0,0.0,0.0036618489760602557,7.290498273187148,5.893657974680566,0.8,0.2,14.867542618269079,12.68111512996347,0.01574851868743199,59.101,51.7,46.5,69.294
Карачаево-Черкесская Республика,2015,33.60009772526767,32.63335321466918,0.9667445105985004,28.29747617744732,5.154199383464976,4.188580399709976,29.26422068804582,13.06030285016896,42.12,12.28249824725503,12.33203107284741,-4.832608163638796,31.62682350957079,1,93.2,89.8,91.36,1.0,1.0,0.0,-0.04953282559238126,10.0,5.409677154771676,0.6,0.1,13.061394703752617,12.320611363457397,0.004807182182550029,41.968,85.75,93.25,90.244
Республика Башкортостан,2015,7.945136838080493,6.0593725648808,1.885764273199693,5.324848068300972,6.697070351376526,2.486606912938406,7.210612341500665,15.22889660282016,61.39,13.07509088485219,13.09450831812109,-1.923012919212608,36.05048909105547,1,79.3,70.5,75.28,0.7543347924280346,1.0,0.0,-0.019417433268900552,7.543347924280345,7.450630017873901,1.0,0.1,15.22755518188148,13.08045975577841,0.009329076720191943,61.440999999999995,63.45,74.55,76.003
Республика Марий Эл,2015,23.92815515898381,22.14931051701026,1.778844641973549,13.69427494195229,5.720457063095895,1.951429931210498,15.47311958392584,13.44252619266073,65.58,12.7364760808814,12.70356555499102,3.345806736404322,47.40038953391814,1,71.3,52.2,59.98,0.7016124682260754,1.0,0.0,0.03291052589038124,7.016124682260754,5.626577630900743,0.8,0.1,13.439098279595418,12.678866506020535,0.01923977640964498,66.176,49.45,62.35,64.18299999999999
Республика Мордовия,2015,15.60105664695176,13.06205610791808,2.539000539033679,13.86749289834065,4.916862628605188,4.998143525339889,16.40649343737433,13.60791180774586,61.83,12.72564226894102,12.71310612992682,1.261504578890915,53.35929928018452,1,94.2,91.6,87.06,0.0,0.0,0.0,0.012536139014200032,0.0,0.680851615405779,0.1,0.2,13.602410763003665,12.723619405439708,0.02969477876152098,62.263999999999996,88.0,88.6,86.547
Республика Татарстан,2015,0.8259686057951628,0.0,0.8259686057951628,8.253278204424602,3.964647406715648,2.663949278333253,9.079246810219765,15.17822841466328,76.33,13.63587960605105,13.64249353080602,-0.6592100894927122,39.71417582522228,1,79.5,77.8,82.7,0.7092386907067928,1.0,0.0,-0.006613924754969247,7.092386907067928,7.09860463667785,1.0,0.0,15.184503930198208,13.640173051577909,0.012615270710136173,76.46900000000001,81.55,79.15,82.51700000000001
Удмуртская Республика,2015,6.756606068175181,4.198651968797374,2.557954099377806,6.954706685801105,6.165779815835601,2.482805710111106,9.51266078517891,14.22268686779795,65.05,13.24483467224774,13.24465546192858,0.01792263782891546,62.2204206534331,1,56.6,45.1,65.75,0.0,0.0,1.0,0.00017921031915868468,0.0,2.630665096225134,0.4,0.2,14.214643371335915,13.247385497285697,0.013070305571228147,65.38,47.8,50.55,68.894
Чувашская Республика,2015,19.80048377636722,16.40681711227998,3.393666664087243,10.71850059177073,6.366836086403802,2.646294269497859,14.11216725585797,14.02282143129511,60.94,12.61769878110203,12.64250573760085,-2.450179255749341,26.86003905114038,1,61.7,43.4,62.32,0.0,0.0,0.0,-0.024806956498819588,0.0,1.3548450698119257,0.2,0.1,14.015324518032207,12.646276986344116,0.013769500076335105,61.742999999999995,47.15,60.55,66.811
Нижегородская область,2015,4.781800029390219,1.971552131525285,2.810247897864933,4.411905627591441,4.71774751614673,3.833665581505769,7.222153525456374,14.99433877007243,79.47,13.17287475018154,13.20429092219653,-3.092781158217817,95.14764485436845,0,58.9,44.6,63.9,0.0,0.0,0.0,-0.03141617201498903,0.0,2.7441486780386897,0.4,0.1,14.984951678226073,13.206367438444673,0.02261661197393696,79.491,51.35,51.7,67.911
Кировская область,2015,17.32026959162019,14.8581645792117,2.462105012408491,8.123055920142788,6.575000680004879,3.773129965438285,10.58516093255128,14.04979501824089,75.55,12.75516328232301,12.75180178459105,0.3367153901411735,91.87916003881362,0,54.0,34.9,57.93,0.0,0.0,0.0,0.0033614977319604833,0.0,0.0,0.0,0.1,14.029697272316138,12.76742057799933,0.028272655468727058,76.095,36.45,47.95,61.674
Самарская область,2015,3.1725384479185,0.0,3.1725384479185,7.126963812653219,5.913756605038905,2.691464268807361,10.29950226057172,14.98572262828546,80.23,13.42186910485036,13.45244716473,-3.011527997229635,85.55174732465221,0,53.0,39.4,58.56,0.0,0.0,0.0,-0.03057805987963924,0.0,3.4717206169145696,0.5,0.2,14.982020275793763,13.407048298633658,0.008391063280375022,80.023,45.1,52.95,63.738
Оренбургская область,2015,3.664308151843902,1.630733970646057,2.033574181197845,5.479347375521657,7.25021512314403,5.847773550739997,7.512921556719502,14.49213803652693,59.58,13.41546189604047,13.44826040020225,-3.226646577526182,75.8767376585608,0,51.2,34.9,56.89,0.0,0.0,0.0,-0.03279850416177865,0.0,1.3925682445400103,0.2,0.1,14.479405621805432,13.445290379354741,0.014717893964836115,59.587,37.9,46.45,61.714
Пензенская область,2015,20.2094032036884,14.87659735537294,5.332805848315456,9.317392118319434,6.899575421038752,2.552780917433413,14.65019796663489,14.11317588151942,68.08,12.80115325747267,12.75770498789952,4.440596534817054,86.8020996304275,0,64.9,56.3,64.27,0.7721888703553251,1.0,0.0,0.04344826957314929,7.721888703553251,3.0619303429635636,0.4,0.1,14.098366359591276,12.77826841145454,0.0366029386578429,68.19500000000001,60.3,62.75,68.98299999999999
Пермский край,2015,4.76914484153035,2.244613201987972,2.524531639542378,4.251314185424087,5.37220676026948,2.76127287970569,6.775845824966464,14.77998479383631,75.69,13.41218356707369,13.41477497068964,-0.2588048828089051,87.10855422941499,0,48.1,36.3,62.94,0.7092386907067928,1.0,0.0,-0.0025914036159502274,7.092386907067928,6.647569093528406,0.9,0.3,14.771588788703472,13.398245824194627,0.008567070829177048,75.654,39.5,41.65,66.663
Саратовская область,2015,10.66897520490921,8.072924381194134,2.596050823715071,9.521967414020244,5.297854288308981,5.12851945995541,12.11801823773532,14.73908708386517,75.67,12.82033349645376,12.83106111075437,-1.067027865436754,87.55403917112397,0,67.3,64.9,70.64,0.6761653838862693,1.0,0.0,-0.010727614300609645,6.761653838862694,6.759308607098035,1.0,0.1,14.731359477747286,12.836899884145712,0.020306786101254026,75.899,66.55,65.9,72.947
Ульяновская область,2015,8.803866181927843,7.415122767386665,1.388743414541177,6.584927780661753,7.172788468022602,3.138651038344225,7.973671195202931,14.04256485234464,74.75,12.83421624129859,12.84855622835851,-1.423765915636166,73.57869033536369,0,60.4,43.6,58.18,0.0,0.0,0.0,-0.014339987059919679,0.0,0.0,0.0,0.0,14.032296613279021,12.85601346373942,0.01776994554110196,75.241,46.05,56.4,63.00699999999999
Курганская область,2015,28.76202008502087,25.14370369942627,3.618316385594599,7.78831666787813,7.009539150435562,5.93911863268086,11.40663305347273,13.65560585545432,62.2,12.62996787477981,12.64390997346525,-1.384535774003326,92.47095274980636,0,56.5,44.4,63.39,0.0,0.0,1.0,-0.013942098685440385,0.0,2.1201965542942296,0.3,0.2,13.633687543490748,12.673840486292647,0.01188896439970204,62.435,42.95,49.15,66.363
Свердловская область,2015,1.756845945788123,0.0,1.756845945788123,2.615029624515295,4.502606775824698,3.35325905174015,4.371875570303418,15.28071637174535,84.65,13.39364632461301,13.42208175163479,-2.803494520189032,90.6531957904619,0,51.2,32.7,64.5,0.9354832909681007,1.0,0.0,-0.028435427021779702,9.354832909681006,9.156499373804538,1.0,0.1,15.277535141773035,13.418360170253417,0.01509034847636297,84.94300000000001,36.6,46.35,67.53
Тюменская область,2015,,0.0,0.0,1.18325465051595,2.82530740882511,1.130502421783343,1.18325465051595,14.19545202494015,64.1,13.80608566703494,13.77319466170093,3.343789388448504,73.31976912372754,0,76.2,62.2,73.1,0.7092386907067928,1.0,0.0,0.032891005334009904,7.092386907067928,7.07239478992211,1.0,0.1,14.218849082364192,13.851065183654274,-0.010386970251895989,64.976,60.3,78.65,75.095
Челябинская область,2015,6.905606884654516,4.115899486320081,2.789707398334435,4.261799543776239,6.0899272717246,3.007873862420576,7.051506942110674,15.06831009721949,82.55,13.22748574616832,13.23410122772447,-0.6593647432322602,83.79738904074622,0,59.7,50.3,65.02,0.0,0.0,1.0,-0.0066154815561496605,0.0,1.4601981898440337,0.2,0.2,15.063058138389987,13.21378815960539,0.013439296059669027,82.533,44.25,52.05,67.414
Ханты-Мансийский автономный округ - Югра,2015,0.3475449053801623,0.0,0.3475449053801623,0.4713488178347133,1.432067064737926,0.9479634551529771,0.8188937232148756,14.30046868423283,91.91,15.10945310981545,15.13743603695706,-2.759503160813914,68.10534890794732,0,54.9,41.0,66.41,0.7372876784748579,1.0,0.0,-0.027982927141611214,7.372876784748579,7.309642049936467,1.0,0.0,14.312446241182107,15.101363631381437,-0.018493822206228926,91.899,44.3,47.1,69.356
Ямало-Ненецкий автономный округ,2015,,0.0,0.0,0.248000635008856,0.971950638692589,0.5280708634414809,0.248000635008856,13.16013111241901,84.82,15.53874902266201,15.54473463660816,-0.5967735847239974,61.73862802169426,0,82.2,71.7,84.58,0.6304343917393708,1.0,0.0,-0.005985613946149826,6.304343917393708,6.287617879029826,1.0,0.1,13.15681205450636,15.626406435148212,0.050444200389276085,84.786,69.4,78.3,84.86800000000001
Республика Тыва,2015,64.13100713130719,62.68452858487264,1.446478546434554,5.227286536218605,8.326499451849472,1.660511773059424,6.673765082653158,12.66401634528347,54.59,12.58544904113531,12.60668359762022,-2.101069065421746,16.26883698581899,1,86.1,85.3,90.0,0.7035036069544477,1.0,0.0,-0.02123455648490946,7.035036069544477,6.909227620251606,1.0,0.0,12.68017391648718,12.577339800353524,-0.0029048978322650854,54.451,83.95,88.1,90.59400000000001
Алтайский край,2015,22.04264646220878,19.42574909981787,2.616897362390906,9.897952750149496,6.512093310157124,9.49043492229111,12.5148501125404,14.66318234843091,56.37,12.76144119335545,12.74908732940227,1.243048814029213,93.92766264596298,0,52.5,37.2,57.35,0.9560433632970701,1.0,0.0,0.012353863953180166,9.560433632970701,8.48098297281967,1.0,0.1,14.644949049966584,12.76249114852617,0.02413049000470995,56.720000000000006,36.2,46.65,59.543000000000006
Красноярский край,2015,3.885352465900065,1.668783313141957,2.216569152758108,3.967743976637346,4.152270155152748,2.999551873918056,6.184313129395454,14.86825550684715,77.85,13.88339968694615,13.9082636166436,-2.455736822746168,91.31694705096045,0,49.7,36.7,60.16,0.0,0.0,1.0,-0.02486392969744955,0.0,5.471818442093575,0.7,0.2,14.868241774506672,13.90333664054648,0.008165780660617017,78.179,38.55,43.2,64.396
Иркутская область,2015,6.728320293914764,2.677016175830194,4.05130411808457,4.987709564697453,5.753619840286335,2.733620982424227,9.039013682782024,14.69781545874927,78.84,13.4870385508291,13.48213404148145,0.4916556140110773,91.40701771588505,0,47.1,34.9,55.45,0.0,0.0,0.0,0.004904509347650077,0.0,2.3390715803622264,0.3,0.4,14.693891829081224,13.49487285365654,0.030863608300009913,78.506,37.35,40.9,60.733000000000004
Кемеровская область - Кузбасс,2015,5.155659700579672,3.643262815135753,1.512396885443918,5.025777014087443,5.998148696789737,3.382221576764247,6.538173899531361,14.81470758583418,85.92,13.37435849089701,13.38094845353604,-0.6568296454475209,93.69873923071353,0,69.4,64.2,77.19,0.5799996404002223,1.0,0.0,-0.006589962639031555,5.799996404002224,5.203967124119177,0.8,0.1,14.804856835034371,13.38397253710104,0.0025126278093269504,86.069,70.75,78.1,79.659
Новосибирская область,2015,4.847372319510959,2.646167349831676,2.201204969679283,4.032278618651338,4.555420662170175,3.999728215899768,6.233483588330621,14.83129108649877,78.76,13.11538445217929,13.14180084366582,-2.607053077329213,93.10494236245461,0,56.8,33.8,56.34,0.0,0.0,1.0,-0.026416391486529633,0.0,2.8851626163274022,0.4,0.2,14.835074168230875,13.140787756219154,0.019580606761437025,78.91,36.05,45.85,60.75600000000001
Омская область,2015,7.957066425054538,3.907686423873565,4.049380001180972,8.376173681883863,6.185147865987419,3.529324012865614,12.42555368306483,14.49183756927522,72.45,12.88658978719375,12.916891886326,-2.984759292621286,85.83181391841353,0,55.7,39.6,55.55,0.7372876784748579,1.0,0.0,-0.03030209913225157,7.372876784748579,7.238630859576507,1.0,0.2,14.477233397522411,12.891849038465546,0.013851675733471857,72.69800000000001,37.95,47.2,59.077999999999996
Томская область,2015,9.482954929901153,6.5424683667655,2.940486563135654,3.239588881648114,4.929536374594259,1.638417142635094,6.180075444783768,13.88626813810323,71.73,13.44898724912786,13.44766247701084,0.1325650015232993,92.05339702188196,0,50.5,37.5,57.07,0.7372876784748579,1.0,0.0,0.0013247721170195348,7.372876784748579,7.181908666166396,1.0,0.1,13.883383049493252,13.440413736671497,0.0020421963197739144,71.572,39.1,42.2,61.318000000000005
Республика Алтай,2015,54.84034545143739,53.52603980511901,1.314305646318382,8.719241766114525,7.190207119446823,12.62277548185947,10.03354741243291,12.25443414640805,29.99,12.6234106575349,12.62503026194071,-0.1618293554380368,56.62635151132507,1,63.6,53.3,66.87,0.0,0.0,0.0,-0.0016196044058105485,0.0,2.355787000566351,0.3,0.1,12.25551773039436,12.631323468657445,0.02108814976007505,30.145999999999997,51.05,54.35,67.995
Республика Хакасия,2015,10.18813912605584,7.53208281249385,2.656056313561992,5.56377890348554,5.376691725171382,18.66348115664919,8.219835217047532,13.19573836670603,68.08,13.1968507690703,13.21538991572472,-1.836835375520174,81.656591192903,1,56.2,40.1,58.4,0.7721888703553251,1.0,0.0,-0.018539146654418914,7.721888703553251,5.3604922594408,0.7,0.1,13.194250190951431,13.20431037255266,0.017542535983104023,68.139,39.1,47.8,61.628
Республика Бурятия,2015,32.92522827329585,30.88434276252277,2.040885510773084,5.810116723200893,7.258046697217653,2.92926154462006,7.851002233973977,13.79383022888898,59.26,12.76190312858974,12.76965530125223,-0.7722202067747208,66.05043759070661,1,56.9,49.0,66.2,0.6229113083057274,1.0,0.0,-0.0077521726624905085,6.229113083057274,6.674006840534031,1.0,0.1,13.79338927924395,12.748006162640538,0.0026454229679838902,59.162,46.15,48.7,68.456
Республика Саха (Якутия),2015,29.39533581295878,28.53154845357815,0.863787359380634,2.382847701657798,2.320056812711249,1.227629905544938,3.246635061038432,13.77546014070171,65.4,14.19526228521604,14.18169240703227,1.366236686057998,37.83701950647506,0,60.1,49.2,69.46,0.0,0.0,0.0,0.013569878183771422,0.0,2.1237409083227794,0.3,0.1,13.783010412041786,14.202154809336957,0.02271373016148992,65.633,47.8,54.1,67.93599999999999
Приморский край,2015,11.04928133213287,7.284518969712675,3.76476236242019,7.475961086574737,5.132116956336271,3.770277210213345,11.24072344899493,14.46875251114452,77.38,13.34880961146602,13.35017487239405,-0.1364329383310436,92.51599441368536,0,48.7,33.0,57.31,0.7290498273187148,1.0,0.0,-0.0013652609280292438,7.290498273187148,7.58437064059278,1.0,0.2,14.459640510954193,13.37265391260488,0.007975210240877929,77.601,36.0,43.05,59.69500000000001
Хабаровский край,2015,9.739559146436937,6.30074033627298,3.438818810163956,6.003460574653896,4.781186013971308,2.460733433836391,9.442279384817851,14.10298385862474,82.72,13.47178209348151,13.51328322434674,-4.065174955271901,91.81126152303911,0,53.2,38.1,56.15,0.0,0.0,0.0,-0.041501130865229996,0.0,0.0,0.0,0.2,14.09581107317058,13.498208701900916,0.00944420509220798,82.83,37.7,45.05,59.039
Амурская область,2015,8.27864955921578,5.282039585158428,2.996609974057351,7.556592531437868,7.139524439507945,2.778177112306173,10.55320250549522,13.59739434836409,67.48,13.24295534200643,13.20216464026266,4.163407053450596,94.32830956041175,0,54.0,43.5,62.84,0.8042165136146124,1.0,0.0,0.040790701743770086,8.042165136146124,7.597476443923663,1.0,0.2,13.586747980047912,13.261594561190638,0.018746484191135872,67.55499999999999,40.7,48.25,64.1
Камчатский край,2015,60.83192396665188,59.22863286110196,1.60329110554992,4.292900163872155,1.864571967522701,1.222055955091941,5.896191269422076,12.63879617740917,77.65,13.77118984365287,13.74030644599124,3.136523727659024,85.9228898450654,0,53.6,45.3,59.84,0.0,0.0,0.0,0.030883397661629175,0.0,1.9764007725271735,0.3,0.2,12.62727145068204,13.801110656901812,0.030757298557166024,77.689,46.0,46.55,62.720000000000006
Магаданская область,2015,24.77940420334444,23.12524957523022,1.654154628114219,6.448790694442659,2.625647061276304,1.45544746600547,8.102945322556877,11.89445983685317,95.88,14.36523011209554,14.32886794068516,3.703136159723597,84.13189010035116,0,52.6,41.0,56.25,0.0,0.0,0.0,0.03636217141037967,0.0,2.0568589167803495,0.3,0.2,11.879134134929277,14.37913340631017,0.048625039535500035,96.053,42.85,46.6,61.065
Сахалинская область,2015,0.2281193967612408,0.0,0.2281193967612408,0.8951478480668175,0.5916693729402427,0.5127217592841149,1.123267244828058,13.07952059246176,81.39,14.79830364947077,14.759523104263,3.954232607075546,86.46405226000026,0,49.1,41.9,56.3,0.0,0.0,0.0,0.038780545207769634,0.0,4.596819886461441,0.6,0.2,13.07874068277152,14.774164130342658,0.005006101852764111,81.62100000000001,43.65,43.1,59.486000000000004
Еврейская автономная область,2015,32.08187859648819,26.19661004380232,5.885268552685873,6.432157872144961,6.896876380315399,5.9563840222225,12.31742642483083,12.01460337569918,69.53,12.9809497535932,12.98279715590663,-0.1845696916118134,92.7393675532346,0,52.1,48.1,61.59,0.0,0.0,0.0,-0.0018474023134302797,0.0,1.3609917500399296,0.2,0.2,11.992814610304743,13.05142859923661,0.005815462641654001,69.852,46.55,45.85,63.357000000000006
Чукотский автономный округ,2015,37.01179214692626,34.14607855868834,2.865713588237917,6.825074887313101,1.372472401580696,1.011874233031531,9.690788475551019,10.80871733705086,67.51,14.74880213108682,14.73299820943391,1.592946410515661,52.49183348689171,0,79.1,70.3,72.64,0.68865392659657,1.0,0.0,0.01580392165290867,6.8865392659657,6.804508789301023,1.0,0.0,10.798123244199113,14.708184506899169,0.031235427564129024,67.761,64.55,71.8,75.541
Забайкальский край,2015,25.52108956471849,20.83135075178406,4.689738812934429,5.395146005277599,8.198897578969536,4.930386590287212,10.08488481821203,13.88132826060023,67.62,12.91585737829889,12.9179812961741,-0.2121663957634023,89.90678173459195,0,53.6,43.3,65.69,0.0,0.0,0.0,-0.002123917875209713,0.0,2.1115633114582004,0.3,0.3,13.866564971078045,12.974359006659611,0.019566395341172084,67.95700000000001,41.6,46.25,67.592
Белгородская область,2016,3.552917681697644,2.631896036953467,0.9210216447441766,17.46911260633852,5.816452348259461,2.022892947022021,18.3901342510827,14.25632028713357,65.94,13.5708056618441,13.53921239006352,3.209763669065913,94.36612621715348,0,75.5,51.2,59.3,0.6261911581808453,1.0,0.0,0.03159327178057936,6.2619115818084525,6.258075849451342,1.0,0.1,14.252721865917223,13.553597196052564,0.028085594452510066,65.83500000000001,52.95,68.85,65.423
Брянская область,2016,18.58850068243057,16.62760969230652,1.960890990124053,21.34593420386068,11.66613297720242,1.943150386642953,23.30682519398473,14.01481049618602,69.57,12.76394244480525,12.75592738897625,0.8047262377227193,96.70319132613922,0,59.9,50.1,64.02,0.8167710758880583,1.0,0.0,0.008015055829000417,8.167710758880583,5.557272194605841,0.7,0.1,14.01017982111388,12.761148914465238,0.03458679688419597,69.51,57.0,57.5,69.294
Владимирская область,2016,10.80604127289002,8.475772258085229,2.33026901480479,4.192568996438424,6.123580800675969,2.854829843869647,6.522838011243214,14.15387814013992,77.73,12.96955380145337,12.9591932257185,1.041443233408623,95.58201060163185,0,48.6,37.6,53.49,0.7265201282761191,1.0,0.0,0.010360575734869926,7.265201282761192,4.579569635101675,0.7,0.2,14.148317042139514,12.981501158236167,0.028902071409907925,77.69,41.4,43.5,59.538
Воронежская область,2016,6.485517700994217,5.447577526755594,1.037940174238623,11.00409434471774,5.595447178464748,1.934229238684994,12.04203451895636,14.66641334137292,67.44,13.13050155105102,13.11809564927077,1.248317419376899,95.50289463735784,0,64.3,50.0,61.34,1.0,1.0,0.0,0.012405901780249806,10.0,8.947648293289495,1.0,0.1,14.66311066675936,13.110858337994335,0.02729048016193012,67.483,54.55,59.05,66.602
Ивановская область,2016,25.33828138079388,22.38201727265261,2.956264108141276,2.441292183114676,6.959930360428032,2.204714506207471,5.397556291255952,13.81506145713359,81.36,12.57326998223623,12.59823439037929,-2.465537426304376,95.57495314218058,0,53.2,40.1,61.85,0.4781823389744629,1.0,0.0,-0.024964408143059558,4.781823389744629,6.5690167994383755,0.9,0.2,13.805708923317388,12.617724326485558,0.0073315337883800066,81.444,41.25,45.85,64.706
Тверская область,2016,7.260155467188753,5.082340245321532,2.17781522186722,4.232280134944586,5.815548422384445,3.566377370999156,6.410095356811807,14.07686123199942,75.54,12.95726288542327,12.93507662247255,2.243420834799559,93.45164623819502,0,53.5,38.4,58.02,0.0,0.0,0.0,0.022186262950720348,0.0,5.305831705064431,0.8,0.2,14.06973721325139,12.960396311643638,0.011981358425233068,75.59299999999999,41.7,47.55,62.979
Калужская область,2016,1.349593508941039,0.0,1.349593508941039,9.593265987722955,5.199523215785245,8.719538219883226,10.94285949666399,13.85681755485187,75.93,13.214239728255,13.19496820980081,1.945841281477523,93.0800802880774,0,57.6,40.4,59.02,0.6322122270095071,1.0,0.0,0.019271518454189618,6.322122270095071,6.4246208961410645,1.0,0.1,13.85554041843769,13.249145898689758,0.01749197480236795,75.735,43.05,50.35,64.162
Костромская область,2016,15.3336435214965,11.87011470283185,3.463528818664643,3.866261215820179,6.148520258128887,4.166042061590543,7.329790034484821,13.35049128614491,71.82,12.83155348421484,12.85279248670075,-2.101504323197845,96.59759640453902,0,57.3,30.7,52.78,0.821875895112361,1.0,0.0,-0.021239002485909708,8.218758951123611,8.072859485517743,1.0,0.1,13.339556055879871,12.851212249900556,0.019911432202010103,71.98400000000001,33.65,48.35,57.559000000000005
Курская область,2016,6.19929322281468,5.121729030168088,1.077564192646593,13.99675947314594,7.735176758594391,1.932153360159335,15.07432366579253,13.92773059323158,67.35,13.16999834962249,13.1338773225426,3.678131751342373,96.48180915317877,0,54.7,45.7,60.45,0.832279387455553,1.0,0.0,0.036121027079889956,8.32279387455553,8.290882112478176,1.0,0.1,13.919282964584486,13.145400230172722,0.039278141499276845,67.375,48.7,50.85,66.61800000000001
Липецкая область,2016,3.404900269020048,1.981841441161427,1.423058827858621,11.622478209669,4.095564698973115,1.284160691504953,13.04553703752762,13.9710345800395,63.48,13.41485670649227,13.40042241602894,1.453896787557629,96.26322297018821,0,56.9,40.1,61.0,0.0,0.0,0.0,0.014434290463329447,0.0,2.0568206848455426,0.3,0.1,13.96618993541692,13.392307693976097,0.023520154098316048,63.512,48.15,54.75,66.949
Московская область,2016,0.6536989223364332,0.0,0.6536989223364332,2.361898524170678,2.876724024735495,3.503179188555135,3.015597446507111,15.88020628757889,79.64,13.47173149346171,13.45807281874121,1.375238056456141,92.91775841693203,0,51.0,32.8,56.85,0.782738947726058,1.0,0.0,0.013658674720501196,7.82738947726058,7.023968238094758,0.9,0.1,15.885742041004724,13.471572415288097,0.015701077232158946,79.455,39.4,44.6,62.141999999999996
Орловская область,2016,15.1478159741559,12.69440088572764,2.453415088428255,10.42123577928697,9.419019254845823,3.275873899533371,12.87465086771522,13.53480012704639,66.66,12.96803991342985,12.9819010840269,-1.376554690055043,96.04297520231538,0,64.7,39.0,52.84,0.5136724344452257,1.0,0.0,-0.013861170597049721,5.136724344452257,3.830051924606397,0.6,0.2,13.52696250430007,12.959555213680265,0.02072357290982385,66.462,43.45,59.15,60.019000000000005
Рязанская область,2016,7.815553770563471,5.693822867944615,2.121730902618857,8.301656768842323,7.398006207445164,2.777841256487564,10.42338767146118,13.94217228336484,71.22,12.99620931850469,13.00249535075845,-0.6266316485952217,95.11195291262811,0,52.7,39.8,59.74,0.0,0.0,0.0,-0.006286032253759899,0.0,4.456927781319715,0.7,0.1,13.938522044765856,13.013257137578137,0.016012176634652063,71.239,47.15,48.0,64.72
Смоленская область,2016,8.48543281877847,6.680358347644123,1.805074471134345,4.321344848929284,4.896541360586649,3.211709212125658,6.126419320063629,13.75817695230855,72.55,12.93804234312819,12.95311088752218,-1.495558198371494,94.66093975086856,0,49.6,36.2,56.69,0.0,0.0,0.0,-0.015068544393990635,0.0,0.0,0.0,0.1,13.75185863536998,12.952967034060379,0.023782608667671033,72.503,42.15,45.0,61.73
Тамбовская область,2016,21.04481555397158,18.17296076880584,2.871854785165747,15.27246189503654,6.50908037140568,2.492593773561137,18.14431668020229,13.85929870908938,59.61,12.9323979604927,12.97203952659666,-3.886611961970253,96.98967348305317,0,68.3,66.7,71.76,0.0,0.0,1.0,-0.03964156610395975,0.0,0.0,0.0,0.1,13.851756469223428,12.895621793221153,0.03668518441231594,59.628,65.1,58.8,74.775
Тульская область,2016,3.675317214219324,1.937568260377768,1.737748953841555,3.131726923240358,9.051070260019726,2.306639232937562,4.869475877081912,14.24395819942426,76.12,13.11102619843086,13.07035979558349,4.15046046154961,95.30925002623609,0,72.8,61.3,67.77,0.7372876784748579,1.0,0.0,0.040666402847369554,7.372876784748579,8.399521489189901,1.0,0.2,14.24050427557213,13.069838428029508,0.04070484021754996,75.926,57.15,59.2,71.199
Ярославская область,2016,0.7527776116332159,0.0,0.7527776116332159,3.360240951685828,4.875579288298407,2.341118688177583,4.113018563319044,14.04701585226116,81.73,13.11725767496728,13.10340235559249,1.395174915271435,95.96558891889833,0,55.9,29.0,54.53,0.0,0.0,0.0,0.013855319374791009,0.0,5.257900789212982,0.6,0.2,14.039261888917235,13.116074009342586,0.025374938754583985,81.66900000000001,33.7,46.85,59.723
г. Москва,2016,,0.0,0.0,0.1934356475255583,1.470422498803722,2.262065367360718,0.1934356475255583,16.33534506592856,100.0,14.33384330930041,14.33591412675159,-0.2068674787993885,91.65044468473364,0,61.7,46.6,46.95,0.9887228813381767,1.0,0.0,-0.002070817451180318,9.887228813381766,9.757022611351823,1.0,0.0,16.338118114759993,14.357745724283001,0.006782166732758022,100.0,42.2,48.5,54.126
Республика Карелия,2016,17.75342541842791,15.40840113339995,2.345024285027964,2.741073127030046,7.456624887490864,5.284273967680983,5.08609741205801,13.28959667677681,79.04,13.48698586013144,13.46773810044624,1.943419202558272,82.18881340785018,1,50.3,32.3,55.38,0.6144866505512955,1.0,0.0,0.019247759685200094,6.1448665055129545,6.592661288576157,0.9,0.2,13.27598030606928,13.484420656046058,0.025210717604336,78.965,34.8,44.95,60.678
Республика Коми,2016,1.844933422468297,0.9660692035417353,0.8788642189265614,1.503052749689826,3.717506219889287,2.283958938748899,2.381916968616387,13.61435841329071,77.56,13.96146706658819,13.9604625919562,0.1004979285585295,65.07796414152824,1,72.6,58.8,65.02,0.7305563512109862,1.0,1.0,0.001004474631990604,7.305563512109861,4.22213048271865,0.6,0.2,13.602233948025196,13.96424227136382,0.0006625953060579448,77.464,48.3,56.7,66.946
Архангельская область,2016,12.77800162220681,10.70337484387907,2.074626778327736,2.343116080099197,4.880010700293607,4.084441101444444,4.417742858426933,13.88949309367975,77.13,13.25266937961024,13.24434168074326,0.836247060702755,95.58024333912395,0,50.0,31.9,57.97,0.7205487299615212,1.0,0.0,0.008327698866979816,7.205487299615212,7.068758662357756,1.0,0.1,13.879810975329358,13.259508408329705,0.03269411072146813,77.051,38.2,43.3,63.160000000000004
Вологодская область,2016,5.50962978091222,4.547264050259034,0.9623657306531858,3.618983185745903,5.337820178270678,3.492118860889625,4.581348916399089,13.9854583748199,72.03,13.6396192284667,13.63557688593677,0.4050523816635286,97.26601120869842,0,56.3,33.4,59.44,0.553684813549379,1.0,0.0,0.004042342529929854,5.53684813549379,5.559465151077335,1.0,0.1,13.978454104032071,13.637740710257905,0.01258994856479596,71.975,35.3,48.6,63.330999999999996
Калининградская область,2016,2.558484587393368,2.037085915374386,0.5213986720189814,17.7726204556446,2.341056455693839,37.36231494512114,18.29401912766358,13.79823010730483,76.89,13.29541942314715,13.28274301685317,1.275709250886181,86.42750701458407,0,54.6,37.1,52.55,0.0,0.0,0.0,0.012676406293980591,0.0,3.517805176669593,0.5,0.1,13.803348201913462,13.295133041532399,0.01816559597245391,76.973,40.25,49.35,59.69
Ленинградская область,2016,0.7865255600319359,0.0,0.7865255600319359,3.306774949258041,3.074065730725781,1.066353578386164,4.093300509289977,14.42071083315526,65.12,13.45046251313736,13.441687265999,0.8813862489960966,92.7461159300702,0,51.5,33.0,61.9,0.7471599046476005,1.0,0.0,0.008775247138359532,7.471599046476005,7.335358655821446,1.0,0.1,14.436191328474141,13.442904586800628,0.011770313701108037,65.303,41.5,47.8,67.033
Мурманская область,2016,5.561425662863101,1.957006690813089,3.604418972050012,1.571733593428863,2.527101854196424,1.55642835208148,5.176152565478874,13.49959223498042,93.0,14.03814027051627,14.01869588070975,1.963466320312546,88.97184610589743,0,51.9,32.0,60.05,0.0,0.0,0.0,0.019444389806519524,0.0,1.4629845967686022,0.2,0.2,13.49139371358441,14.040909289964551,0.03979363204139297,92.986,37.0,45.8,64.946
Новгородская область,2016,4.182116694745567,3.161741655478021,1.020375039267546,6.720861530943052,6.03485851680658,2.210311358740338,7.741236570210599,13.32416234521869,71.37,13.18393227048962,13.16244542510948,2.171934991933644,95.06018883770646,0,56.6,34.6,57.91,0.724518695415853,1.0,0.0,0.02148684538014045,7.24518695415853,7.851502783919419,1.0,0.1,13.316641027128764,13.146522818285362,0.03242789246234708,71.64500000000001,37.35,48.25,62.331999999999994
Псковская область,2016,15.67988616233923,12.68431640526471,2.995569757074524,13.99715956661337,6.259166039339324,4.52111359978363,16.99272932368789,13.36251506682909,70.37,12.74694128052003,12.73067467856025,1.639962341970769,95.01212251056963,0,52.9,36.7,59.69,0.9131954390137332,1.0,0.0,0.016266601959779692,9.131954390137333,8.057939850703216,1.0,0.1,13.355894012261155,12.758881013677406,0.013595769047086925,70.441,40.9,47.5,64.298
г. Санкт-Петербург,2016,0.3188641497188477,0.0,0.3188641497188477,0.619431511001875,2.293393979880203,1.793027786591911,0.9382956607207227,15.49602128397198,100.0,14.1586637758273,14.14802334843004,1.069723806264844,92.47680067304842,0,55.2,35.4,58.77,0.9326251292055152,1.0,0.0,0.010640427397259344,9.326251292055153,9.314087418118442,1.0,0.2,15.49722681671185,14.15777414233609,0.02000782640407799,100.0,37.55,43.95,63.64200000000001
Ненецкий автономный округ,2016,2.915450132987195,0.0,2.915450132987195,2.007892649285544,1.297828337884989,5.066986365255989,4.923342782272739,10.65492722584759,72.27,16.2540852452305,16.17186707596737,8.569264875828342,66.12571031539244,0,56.1,36.0,57.05,0.0,0.0,0.0,0.08221816926312897,0.0,2.8070767836081694,0.4,0.3,10.645855089516278,16.134450599373572,-0.0007417630986772394,72.111,38.55,50.45,61.279999999999994
Республика Калмыкия,2016,35.60443675328029,29.71590778950293,5.888528963777357,16.45729930684502,7.619885505993526,4.052033538676667,22.34582827062238,12.53301389193407,45.47,12.83746546607898,12.85153417821749,-1.397021028037393,30.21315445326077,1,63.2,66.1,70.3,0.0,0.0,0.0,-0.014068712138509909,0.0,1.475885844675597,0.2,0.1,12.528290997617901,12.84492623117244,0.006397844955817966,45.583,68.35,60.35,73.708
Краснодарский край,2016,5.743866129952313,3.159458536659001,2.584407593293313,3.345337876398528,5.337117748766768,1.949322935881798,5.929745469691841,15.54094520044935,55.03,13.17308520993604,13.18502886293467,-1.187261069132994,88.25308927432054,0,72.6,56.2,63.72,1.0,1.0,1.0,-0.011943652998629872,10.0,8.459223335820525,1.0,0.1,15.54067998324553,13.190794219767906,0.0070424677028171345,55.198,57.75,61.9,69.00899999999999
Астраханская область,2016,19.2678660596133,3.97872630574442,15.28913975386888,2.285881643802272,5.930513719564361,1.89315690435685,17.57502139767115,13.81823384644578,65.53,13.25557138519934,13.22413000155772,3.194088520604299,67.57391327159684,0,56.0,60.2,68.76,0.0,0.0,0.0,0.031441383641620746,0.0,2.6100094728212637,0.3,0.1,13.810541734377562,13.269590553481365,0.04760383200078096,65.529,51.2,46.5,71.21700000000001
Волгоградская область,2016,9.112714190464038,7.222488773204212,1.890225417259826,7.645997454992622,5.317333704112121,2.909642873044092,9.536222872252448,14.75627534196084,76.65,12.99777332859198,13.00907010600989,-1.123320842798781,90.0076005020229,0,52.0,35.5,63.41,0.6976134918725594,1.0,0.0,-0.011296777417909354,6.976134918725593,4.767324418191054,0.7,0.2,14.753148639200223,13.007406433970996,-0.0009375837079140581,76.74600000000001,43.05,47.1,67.652
Ростовская область,2016,8.108597393314772,6.97670078221617,1.131896611098601,5.03205296464095,6.313177363461249,2.985417227836304,6.163949575739552,15.26318384457733,67.82,12.98113757753516,12.9492893530432,3.236080632802496,90.34490047107509,0,59.3,50.2,62.66,0.8737551044383903,1.0,0.0,0.03184822449195934,8.737551044383903,8.404824658871652,1.0,0.0,15.260756375979733,12.950497172196648,0.027197563937771996,67.837,54.5,53.75,67.553
Республика Адыгея,2016,24.91998992058242,21.71717632900331,3.202813591579113,8.33852366285631,6.164096953306364,3.208364041139405,11.54133725443542,13.05529151673687,50.51,12.64093053688055,12.63278227059735,0.8181553755208348,63.63961202296268,1,65.9,61.0,64.07,0.7265201282761191,1.0,0.0,0.0081482662832002,7.265201282761192,3.5630262896737426,0.5,0.1,13.059570643995745,12.64504410493838,0.020816969755541946,50.262,60.2,59.9,69.2
Республика Дагестан,2016,53.40415496590942,51.96841336499695,1.435741600912475,6.743603206171454,8.340557290437578,1.634856055297638,8.179344807083929,14.92963720747557,45.12,12.41136345527742,12.40676059321677,0.4613471501910382,3.597043936705582,1,91.1,91.4,92.84,0.0,0.0,0.0,0.0046028620606506365,0.0,2.734843020855516,0.5,0.3,14.933403593406263,12.396163307482151,0.01545040569252496,45.156,90.15,89.6,92.21600000000001
Кабардино-Балкарская Республика,2016,30.83461226684222,28.35555130294395,2.479060963898277,14.34704015880376,6.721982187223271,1.694189688692828,16.82610112270203,13.68906145518491,52.93,12.32898417035184,12.31065182261514,1.850141678742667,22.52089964671727,1,98.4,81.9,77.64,0.6957679535342733,1.0,0.0,0.018332347736699006,6.957679535342733,5.4403455889367445,0.8,0.2,13.690886525080558,12.308210319625527,0.012181354804779864,52.86,79.8,94.25,82.362
Республика Северная Осетия - Алания,2016,42.03328091155486,34.833692799502,7.199588112052859,3.395899705834776,7.57456677208291,2.919171539105296,10.59548781788764,13.46308656591308,63.66,12.50672110382007,12.55010806159151,-4.245920948189297,20.82180223463845,1,85.8,67.9,70.06,0.0,0.0,0.0,-0.04338695777144075,0.0,0.0,0.0,0.1,13.459118731636224,12.517267381598192,0.006880711986072896,63.608000000000004,67.5,85.7,73.495
Республика Ингушетия,2016,37.818563329025,33.36566882198049,4.4528945070445,33.2511472660263,15.52967835300765,1.354299738500257,37.7040417730708,13.06130466138264,48.41,11.90656582666521,11.95028667508619,-4.277887002959291,0.7848507929068043,1,86.4,91.0,91.91,0.6939321541845768,1.0,0.0,-0.04372084842098012,6.939321541845768,6.82859333063233,1.0,0.1,13.065479178316718,11.90951439178394,0.012066256805663932,48.587,81.7,83.9,89.288
Ставропольский край,2016,16.95921874205171,14.91671468715066,2.042504054901057,8.650666380403774,6.414456937640598,1.405771183395799,10.69317043530483,14.86804260729759,58.95,12.69210008056845,12.69312639646832,-0.1025789417836043,80.89193187278804,0,50.9,49.1,64.47,0.7408458772843816,1.0,0.0,-0.001026315899871122,7.408458772843815,5.893657974680566,0.8,0.2,14.867542618269079,12.68111512996347,0.01574851868743199,59.101,51.7,46.5,69.294
Карачаево-Черкесская Республика,2016,36.52855928443234,35.37432864469749,1.15423063973485,20.93164660848707,5.683114589148007,3.171832246794631,22.08587724822192,13.05954497601217,41.99,12.32535729743046,12.28249824725503,4.379076235685919,31.62682350957079,1,93.2,89.8,91.36,1.0,1.0,0.0,0.042859050175430013,10.0,5.409677154771676,0.6,0.1,13.061394703752617,12.320611363457397,0.004807182182550029,41.968,85.75,93.25,90.244
Республика Башкортостан,2016,8.071096779834754,6.77885145287684,1.292245326957915,3.933765299240636,5.736691723200503,2.279142264529371,5.226010626198551,15.23048590897669,61.43,13.0784891202067,13.07509088485219,0.3404015902302993,36.05048909105547,1,79.3,70.5,75.28,0.7667646834867485,1.0,0.0,0.0033982353545116695,7.667646834867485,7.450630017873901,1.0,0.1,15.22755518188148,13.08045975577841,0.009329076720191943,61.440999999999995,63.45,74.55,76.003
Республика Марий Эл,2016,23.35114905544942,19.55972182671217,3.791427228737246,8.684057937030081,5.634205286328377,2.956406516848299,12.47548516576733,13.44116468447498,65.95,12.68338140327109,12.7364760808814,-5.170977362051588,47.40038953391814,1,71.3,52.2,59.98,0.0,0.0,0.0,-0.053094677610310725,0.0,5.626577630900743,0.8,0.1,13.439098279595418,12.678866506020535,0.01923977640964498,66.176,49.45,62.35,64.18299999999999
Республика Мордовия,2016,13.45610327893506,10.55024032302067,2.905862955914392,13.06471315430238,4.021393125506653,5.965625493069374,15.97057611021677,13.60893770118721,62.26,12.75998351933696,12.72564226894102,3.493771938128787,53.35929928018452,1,94.2,91.6,87.06,0.0,0.0,0.0,0.03434125039593994,0.0,0.680851615405779,0.1,0.2,13.602410763003665,12.723619405439708,0.02969477876152098,62.263999999999996,88.0,88.6,86.547
Республика Татарстан,2016,0.6959460353541757,0.0,0.6959460353541757,5.787286457639325,3.143474723408803,1.899744215340396,6.4832324929935,15.18489296476421,76.48,13.6391653868033,13.63587960605105,0.3291184847089568,39.71417582522228,1,79.5,77.8,82.7,0.7205487299615212,1.0,0.0,0.003285780752250389,7.205487299615212,7.09860463667785,1.0,0.0,15.184503930198208,13.640173051577909,0.012615270710136173,76.46900000000001,81.55,79.15,82.51700000000001
Удмуртская Республика,2016,5.667957018739111,4.722258737570108,0.9456982811690033,4.501314028084921,5.674196114150042,2.301341562585974,5.447012309253925,14.22028943066677,65.15,13.26408922644534,13.24483467224774,1.944111860736486,62.2204206534331,1,56.6,45.1,65.75,0.0,0.0,0.0,0.019254554197599916,0.0,2.630665096225134,0.4,0.2,14.214643371335915,13.247385497285697,0.013070305571228147,65.38,47.8,50.55,68.894
Чувашская Республика,2016,18.07031335223671,15.36776860213394,2.70254475010277,10.11478260487731,4.747252714246398,3.311933066008722,12.81732735498008,14.02079314772874,61.58,12.62570913634594,12.61769878110203,0.8042523976440341,26.86003905114038,1,61.7,43.4,62.32,0.0,0.0,0.0,0.008010355243909473,0.0,1.3548450698119257,0.2,0.1,14.015324518032207,12.646276986344116,0.013769500076335105,61.742999999999995,47.15,60.55,66.811
Нижегородская область,2016,3.584736537380541,2.168413535435038,1.416323001945502,2.506647728689896,4.32037722041365,5.321762829936203,3.922970730635398,14.9899465128077,79.51,13.20682580968781,13.17287475018154,3.453397488564924,95.14764485436845,0,58.9,44.6,63.9,0.0,0.0,0.0,0.0339510595062702,0.0,2.7441486780386897,0.4,0.1,14.984951678226073,13.206367438444673,0.02261661197393696,79.491,51.35,51.7,67.911
Кировская область,2016,16.11479746518678,13.29598287338417,2.81881459180261,7.347622434871036,6.996940974502778,3.610579775659163,10.16643702667365,14.03887008595384,75.83,12.76208019321252,12.75516328232301,0.6940887968198695,91.87916003881362,0,54.0,34.9,57.93,0.0,0.0,0.0,0.006916910889509964,0.0,0.0,0.0,0.1,14.029697272316138,12.76742057799933,0.028272655468727058,76.095,36.45,47.95,61.674
Самарская область,2016,0.6508620674131159,0.0,0.6508620674131159,5.115585633678528,5.360173369414058,2.844356202135001,5.766447701091644,14.98525365332854,80.11,13.40009247085996,13.42186910485036,-2.154123492587312,85.55174732465221,0,53.0,39.4,58.56,0.0,0.0,0.0,-0.02177663399040064,0.0,3.4717206169145696,0.5,0.2,14.982020275793763,13.407048298633658,0.008391063280375022,80.023,45.1,52.95,63.738
Оренбургская область,2016,5.239128871116043,4.041378732757436,1.197750138358607,5.632942385327692,6.023297079225819,3.673225855531402,6.8306925236863,14.4857483101155,59.47,13.41281087779975,13.41546189604047,-0.2647507394989201,75.8767376585608,0,51.2,34.9,56.89,0.0,0.0,0.0,-0.0026510182407211147,0.0,1.3925682445400103,0.2,0.1,14.479405621805432,13.445290379354741,0.014717893964836115,59.587,37.9,46.45,61.714
Пензенская область,2016,16.49637882740766,11.67054833913033,4.825830488277328,8.25944375973159,6.248323102440239,2.547593583397428,13.08527424800892,14.10703100442429,68.13,12.7768389270831,12.80115325747267,-2.402111828435793,86.8020996304275,0,64.9,56.3,64.27,0.0,0.0,1.0,-0.024314330389570316,0.0,3.0619303429635636,0.4,0.1,14.098366359591276,12.77826841145454,0.0366029386578429,68.19500000000001,60.3,62.75,68.98299999999999
Пермский край,2016,4.006526273385925,2.909805383151341,1.096720890234583,3.687722483720363,5.1169554465158,2.134885740984314,4.784443373954946,14.77805757979167,75.74,13.38055399758949,13.41218356707369,-3.113458707120509,87.10855422941499,0,48.1,36.3,62.94,0.7185800175845768,1.0,0.0,-0.031629569484200815,7.185800175845768,6.647569093528406,0.9,0.3,14.771588788703472,13.398245824194627,0.008567070829177048,75.654,39.5,41.65,66.663
Саратовская область,2016,10.50773504595245,7.653237837840238,2.854497208112211,4.862348313844943,4.724736628951839,3.895076749198785,7.716845521957154,14.7388245687745,75.95,12.8295557529159,12.82033349645376,0.9264912496723454,87.55403917112397,0,67.3,64.9,70.64,0.6848965792603,1.0,0.0,0.00922225646213981,6.848965792603,6.759308607098035,1.0,0.1,14.731359477747286,12.836899884145712,0.020306786101254026,75.899,66.55,65.9,72.947
Ульяновская область,2016,7.474660018909052,6.375842247230143,1.098817771678908,5.028911503491491,5.852366948152053,2.645514910430259,6.127729275170399,14.0378177596356,75.05,12.85680325213596,12.83421624129859,2.284402880808334,73.57869033536369,0,60.4,43.6,58.18,0.0,0.0,0.0,0.022587010837369803,0.0,0.0,0.0,0.0,14.032296613279021,12.85601346373942,0.01776994554110196,75.241,46.05,56.4,63.00699999999999
Курганская область,2016,30.92104839238853,24.94134145415983,5.979706938228699,6.139893982960172,6.319360742243578,2.259082042887682,12.11960092118887,13.64278085193559,62.45,12.66063279642687,12.62996787477981,3.113993332263609,92.47095274980636,0,56.5,44.4,63.39,0.0,0.0,0.0,0.030664921647060694,0.0,2.1201965542942296,0.3,0.2,13.633687543490748,12.673840486292647,0.01188896439970204,62.435,42.95,49.15,66.363
Свердловская область,2016,1.022044624990719,0.0,1.022044624990719,2.156648339985089,4.260251862907888,3.397791365417604,3.178692964975808,15.28091850294813,84.86,13.41226594765081,13.39364632461301,1.879404911961702,90.6531957904619,0,51.2,32.7,64.5,0.9528995885360702,1.0,0.0,0.01861962303780018,9.528995885360702,9.156499373804538,1.0,0.1,15.277535141773035,13.418360170253417,0.01509034847636297,84.94300000000001,36.6,46.35,67.53
Тюменская область,2016,,0.0,0.0,1.737703333776821,3.018297185973745,0.9449700344083947,1.737703333776821,14.21502331928644,64.69,13.7924964443662,13.80608566703494,-1.349730601207966,73.31976912372754,0,76.2,62.2,73.1,0.7185800175845768,1.0,0.0,-0.013589222668739964,7.185800175845768,7.07239478992211,1.0,0.1,14.218849082364192,13.851065183654274,-0.010386970251895989,64.976,60.3,78.65,75.095
Челябинская область,2016,6.628903660536972,4.443175840301048,2.185727820235924,3.36416809295584,6.043340741170258,1.799314689731259,5.549895913191764,15.0691114610087,82.59,13.19519371528775,13.22748574616832,-3.177621045671997,83.79738904074622,0,59.7,50.3,65.02,0.0,0.0,0.0,-0.0322920308805692,0.0,1.4601981898440337,0.2,0.2,15.063058138389987,13.21378815960539,0.013439296059669027,82.533,44.25,52.05,67.414
Ханты-Мансийский автономный округ - Югра,2016,0.431724625693003,0.0,0.431724625693003,0.4666359791531912,1.671448842852187,1.15949058752855,0.8983606048461943,14.31156136976099,91.94,15.07406773171826,15.10945310981545,-3.476663522554468,68.10534890794732,0,54.9,41.0,66.41,0.7492885653446006,1.0,0.0,-0.03538537809718889,7.492885653446006,7.309642049936467,1.0,0.0,14.312446241182107,15.101363631381437,-0.018493822206228926,91.899,44.3,47.1,69.356
Ямало-Ненецкий автономный округ,2016,,0.0,0.0,0.1904568437510208,0.9481442085706847,0.3456857245205301,0.1904568437510208,13.14879691273332,84.71,15.60457140763177,15.53874902266201,6.803700089405185,61.73862802169426,0,82.2,71.7,84.58,0.6383502097960082,1.0,0.0,0.0658223849697599,6.383502097960082,6.287617879029826,1.0,0.1,13.15681205450636,15.626406435148212,0.050444200389276085,84.786,69.4,78.3,84.86800000000001
Республика Тыва,2016,60.05916101655656,58.70643007780725,1.352730938749317,7.943320900673307,7.19995174540215,2.522512549084535,9.296051839422624,12.67242587014876,54.63,12.58797945630835,12.58544904113531,0.2533619375600038,16.26883698581899,1,86.1,85.3,90.0,0.708895650770768,1.0,0.0,0.002530415173039202,7.08895650770768,6.909227620251606,1.0,0.0,12.68017391648718,12.577339800353524,-0.0029048978322650854,54.451,83.95,88.1,90.59400000000001
Алтайский край,2016,22.31788628492152,20.43556012484257,1.882326160078946,7.911880192014298,6.621271333036685,2.119380225879881,9.794206352093244,14.65462430538822,56.57,12.75994890054464,12.76144119335545,-0.1491179895563022,93.92766264596298,0,52.5,37.2,57.35,0.9776962321039215,1.0,0.0,-0.00149229281081098,9.776962321039216,8.48098297281967,1.0,0.1,14.644949049966584,12.76249114852617,0.02413049000470995,56.720000000000006,36.2,46.65,59.543000000000006
Красноярский край,2016,2.595228271157418,1.00533417110031,1.589894100057108,4.500494026217929,3.883762984490086,1.006591317896147,6.090388126275037,14.87136286431519,78.15,13.89518094197185,13.88339968694615,1.18509273510099,91.31694705096045,0,49.7,36.7,60.16,0.0,0.0,0.0,0.011781255025699267,0.0,5.471818442093575,0.7,0.2,14.868241774506672,13.90333664054648,0.008165780660617017,78.179,38.55,43.2,64.396
Иркутская область,2016,4.876846150366077,3.997599732196448,0.8792464181696297,4.577576870095077,4.803023628518561,1.40450616888168,5.456823288264707,14.69680603684117,78.67,13.51566313977018,13.4870385508291,2.903820962914616,91.40701771588505,0,47.1,34.9,55.45,0.0,0.0,1.0,0.028624588941079665,0.0,2.3390715803622264,0.3,0.4,14.693891829081224,13.49487285365654,0.030863608300009913,78.506,37.35,40.9,60.733000000000004
Кемеровская область - Кузбасс,2016,6.7457982857461,5.573251472601931,1.172546813144169,3.933598044112916,5.793552554899229,2.331357479507389,5.106144857257085,14.81133679198191,86.03,13.34727007726457,13.37435849089701,-2.672481307444519,93.69873923071353,0,69.4,64.2,77.19,0.5780226075515481,1.0,0.0,-0.027088413632439412,5.780226075515481,5.203967124119177,0.8,0.1,14.804856835034371,13.38397253710104,0.0025126278093269504,86.069,70.75,78.1,79.659
Новосибирская область,2016,4.070522037075628,3.120799863603226,0.9497221734724026,3.364658459162082,4.128786342534736,1.449777124379954,4.314380632634485,14.83775391016768,78.99,13.11986156854871,13.11538445217929,0.4487153628648821,93.10494236245461,0,56.8,33.8,56.34,0.0,0.0,0.0,0.004477116369420386,0.0,2.8851626163274022,0.4,0.2,14.835074168230875,13.140787756219154,0.019580606761437025,78.91,36.05,45.85,60.75600000000001
Омская область,2016,8.48213424989431,6.271815492157766,2.210318757736544,5.705098465992575,5.904688166844629,3.414952914316788,7.915417223729118,14.48912011611114,72.69,12.87419360254778,12.88658978719375,-1.231966844507537,85.83181391841353,0,55.7,39.6,55.55,0.7535824826245138,1.0,0.0,-0.012396184645968589,7.535824826245138,7.238630859576507,1.0,0.2,14.477233397522411,12.891849038465546,0.013851675733471857,72.69800000000001,37.95,47.2,59.077999999999996
Томская область,2016,8.115071004557342,5.6401158555348,2.474955149022542,2.838867657039338,4.570538522245543,1.950279047550978,5.31382280606188,13.88790749570457,71.85,13.456307632898,13.44898724912786,0.7347243280047655,92.05339702188196,0,50.5,37.5,57.07,0.7535824826245138,1.0,0.0,0.007320383770139216,7.535824826245138,7.181908666166396,1.0,0.1,13.883383049493252,13.440413736671497,0.0020421963197739144,71.572,39.1,42.2,61.318000000000005
Республика Алтай,2016,58.41768752477521,57.02406369238632,1.393623832388885,6.57103146759241,6.765044969454546,7.179685836647909,7.964655299981295,12.25759241427047,30.14,12.6507815947073,12.6234106575349,2.774896236002489,56.62635151132507,1,63.6,53.3,66.87,0.0,0.0,0.0,0.027370937172401355,0.0,2.355787000566351,0.3,0.1,12.25551773039436,12.631323468657445,0.02108814976007505,30.145999999999997,51.05,54.35,67.995
Республика Хакасия,2016,15.30489835424738,9.464387112364863,5.840511241882523,5.091076847680689,6.128237147900431,1.713876591683946,10.93158808956321,13.19841845272177,68.21,13.2090592955483,13.1968507690703,1.228335474160858,81.656591192903,1,56.2,40.1,58.4,0.7804162802253861,1.0,0.0,0.012208526478000081,7.804162802253861,5.3604922594408,0.7,0.1,13.194250190951431,13.20431037255266,0.017542535983104023,68.139,39.1,47.8,61.628
Республика Бурятия,2016,31.53546651557943,29.41689517904889,2.118571336530533,5.171337468857486,7.08414295259448,1.403079561657453,7.289908805388018,13.79618807538017,59.19,12.6923365324051,12.76190312858974,-6.720198947253597,66.05043759070661,1,56.9,49.0,66.2,0.6261911581808453,1.0,0.0,-0.06956659618463945,6.2619115818084525,6.674006840534031,1.0,0.1,13.79338927924395,12.748006162640538,0.0026454229679838902,59.162,46.15,48.7,68.456
Республика Саха (Якутия),2016,27.54813930312143,24.6656825456469,2.882456757474533,1.588463397516185,2.125578898687492,1.24507880574571,4.470920154990718,13.77925105609396,65.5,14.23069208297708,14.19526228521604,3.60649114984597,37.83701950647506,0,60.1,49.2,69.46,0.0,0.0,0.0,0.03542979776104005,0.0,2.1237409083227794,0.3,0.1,13.783010412041786,14.202154809336957,0.02271373016148992,65.633,47.8,54.1,67.93599999999999
Приморский край,2016,8.713132426751164,7.023209311798821,1.689923114952341,4.686389218654338,3.939141441601789,3.033525358686663,6.37631233360668,14.46496025959176,77.55,13.32933323607943,13.34880961146602,-1.928793614163993,92.51599441368536,0,48.7,33.0,57.31,0.7108115849620394,1.0,0.0,-0.019476375386590306,7.108115849620394,7.58437064059278,1.0,0.2,14.459640510954193,13.37265391260488,0.007975210240877929,77.601,36.0,43.05,59.69500000000001
Хабаровский край,2016,7.960843704159956,6.995154753103448,0.9656889510565071,4.05847681278914,4.020134952971592,4.508802833117655,5.024165763845647,14.10070228207113,82.88,13.4750631703682,13.47178209348151,0.3286465511342929,91.81126152303911,0,53.2,38.1,56.15,0.0,0.0,0.0,0.003281076886690215,0.0,0.0,0.0,0.2,14.09581107317058,13.498208701900916,0.00944420509220798,82.83,37.7,45.05,59.039
Амурская область,2016,6.335685969434903,5.304784768184,1.030901201250903,5.347660861058872,5.884934603689657,1.076080382203792,6.378562062309775,13.59132896807439,67.48,13.23492179791662,13.24295534200643,-0.8001361412465435,94.32830956041175,0,54.0,43.5,62.84,0.7471599046476005,1.0,1.0,-0.008033544089810718,7.471599046476005,7.597476443923663,1.0,0.2,13.586747980047912,13.261594561190638,0.018746484191135872,67.55499999999999,40.7,48.25,64.1
Камчатский край,2016,61.26993467323567,58.9211713414181,2.348763331817572,5.049787843219048,1.748926361043532,1.284929154653471,7.398551175036619,12.62861116982763,77.76,13.81287351829378,13.77118984365287,4.25646369516921,85.9228898450654,0,53.6,45.3,59.84,0.0,0.0,0.0,0.041683674640909274,0.0,1.9764007725271735,0.3,0.2,12.62727145068204,13.801110656901812,0.030757298557166024,77.689,46.0,46.55,62.720000000000006
Магаданская область,2016,20.15869510891055,18.42185821295116,1.736836895959391,8.99692124281939,2.050760093337651,1.690967857330935,10.73375813877878,11.88472347667455,95.95,14.36086754789466,14.36523011209554,-0.4353062040625244,84.13189010035116,0,52.6,41.0,56.25,0.0,0.0,0.0,-0.004362564200880215,0.0,2.0568589167803495,0.3,0.2,11.879134134929277,14.37913340631017,0.048625039535500035,96.053,42.85,46.6,61.065
Сахалинская область,2016,0.3600685973867397,0.0,0.3600685973867397,0.8070977445994949,0.8884190001923418,0.5748309596670549,1.167166341986235,13.0753178904002,81.59,14.80250635153233,14.79830364947077,0.4211545798726181,86.46405226000026,0,49.1,41.9,56.3,0.8402565061851601,1.0,1.0,0.0042027020615602595,8.4025650618516,4.596819886461441,0.6,0.2,13.07874068277152,14.774164130342658,0.005006101852764111,81.62100000000001,43.65,43.1,59.486000000000004
Еврейская автономная область,2016,29.37072519912108,21.5568052609874,7.813919938133676,5.133947680018681,6.360302515835943,3.887833755399184,12.94786761815236,11.99992754839314,69.96,12.97847942206428,12.9809497535932,-0.2467282770994839,92.7393675532346,0,52.1,48.1,61.59,0.0,0.0,1.0,-0.0024703315289187344,0.0,1.3609917500399296,0.2,0.2,11.992814610304743,13.05142859923661,0.005815462641654001,69.852,46.55,45.85,63.357000000000006
Чукотский автономный округ,2016,39.91754071162677,34.54551555526055,5.372025156366222,9.919618567841535,0.8845015003676876,0.8335998793260796,15.29164372420776,10.7975940232744,68.06,14.717017943852,14.74880213108682,-3.128437928143468,52.49183348689171,0,79.1,70.3,72.64,0.6976134918725594,1.0,0.0,-0.03178418723481968,6.976134918725593,6.804508789301023,1.0,0.0,10.798123244199113,14.708184506899169,0.031235427564129024,67.761,64.55,71.8,75.541
Забайкальский край,2016,22.70361121122268,17.7982509107041,4.905360300518576,4.526492384940997,7.365904607040388,1.64166221974697,9.431852685459573,13.87375588090446,67.93,12.92442925832774,12.91585737829889,0.8608723790655359,89.90678173459195,0,53.6,43.3,65.69,0.0,0.0,0.0,0.008571880028849677,0.0,2.1115633114582004,0.3,0.3,13.866564971078045,12.974359006659611,0.019566395341172084,67.95700000000001,41.6,46.25,67.592
Белгородская область,2017,4.415966208696157,3.830268286702828,0.5856979219933292,12.35423398619226,4.7081287617673,1.035809501604561,12.93993190818559,14.2564869436661,65.89,13.60985971846485,13.5708056618441,3.982669164805075,94.36612621715348,0,62.2,54.7,59.3,0.631578766917344,1.0,0.0,0.0390540566207509,6.3157876691734405,6.258075849451342,1.0,0.1,14.252721865917223,13.553597196052564,0.028085594452510066,65.83500000000001,52.95,68.85,65.423
Брянская область,2017,20.4315480109669,19.74694012648582,0.6846078844810729,22.79580981611684,9.946589604928064,1.207487824300895,23.48041770059791,14.00866901618791,69.63,12.80834263692046,12.76394244480525,4.540063227747693,96.70319132613922,0,55.1,63.9,64.02,0.8299709444216395,1.0,0.0,0.044400192115208625,8.299709444216395,5.557272194605841,0.7,0.1,14.01017982111388,12.761148914465238,0.03458679688419597,69.51,57.0,57.5,69.294
Владимирская область,2017,12.72855115160035,10.5916005974799,2.136950554120448,5.380603633112446,5.636608822872854,1.962043480122605,7.517554187232894,14.14840210584998,77.79,12.98200544947974,12.96955380145337,1.252949255768487,95.58201060163185,0,38.4,45.2,53.49,0.7041562780300935,1.0,0.0,0.012451648026369,7.041562780300935,4.579569635101675,0.7,0.2,14.148317042139514,12.981501158236167,0.028902071409907925,77.69,41.4,43.5,59.538
Воронежская область,2017,7.873592050165648,6.945680126350615,0.9279119238150341,11.70527783414832,4.897605198316885,1.956864893152214,12.63318975796335,14.66706221525803,67.67,13.15356920378323,13.13050155105102,2.333576866614329,95.50289463735784,0,53.8,59.1,61.34,0.9999997142857937,1.0,0.0,0.0230676527322089,9.999997142857938,8.947648293289495,1.0,0.1,14.66311066675936,13.110858337994335,0.02729048016193012,67.483,54.55,59.05,66.602
Ивановская область,2017,31.23644913647716,29.84365279440226,1.392796342074901,3.629491214567487,5.900024405301892,0.9012963227814342,5.022287556642388,13.80263097102654,81.45,12.58068792651974,12.57326998223623,0.7445525388395602,95.57495314218058,0,38.5,42.4,61.85,0.0,0.0,0.0,0.0074179442835102805,0.0,6.5690167994383755,0.9,0.2,13.805708923317388,12.617724326485558,0.0073315337883800066,81.444,41.25,45.85,64.706
Тверская область,2017,9.422025557118024,7.103569680374906,2.318455876743117,7.405657097698656,4.814303462670797,1.956219354672703,9.724112974441773,14.06850102535106,75.72,12.9775516629369,12.95726288542327,2.049599377577405,93.45164623819502,0,41.6,45.0,58.02,0.7721177418614181,1.0,1.0,0.02028877751362934,7.7211774186141815,5.305831705064431,0.8,0.2,14.06973721325139,12.960396311643638,0.011981358425233068,75.59299999999999,41.7,47.55,62.979
Калужская область,2017,0.5323162944603235,0.0,0.5323162944603235,11.63003943717198,4.258786139467356,7.6612106121934,12.1623557316323,13.86330689511786,75.74,13.26034283810818,13.214239728255,4.718238021196308,93.0800802880774,0,43.1,45.7,59.02,0.6414252064906645,1.0,0.0,0.04610310985317945,6.414252064906645,6.4246208961410645,1.0,0.1,13.85554041843769,13.249145898689758,0.01749197480236795,75.735,43.05,50.35,64.162
Костромская область,2017,16.54592134711438,14.50849051787602,2.037430829238352,5.209291159935234,5.577162987310973,2.526565395383172,7.246721989173587,13.33762313310977,72.2,12.86716112421947,12.83155348421484,3.62491839920529,96.59759640453902,0,39.4,36.6,52.78,0.8347823701864028,1.0,0.0,0.03560764000462946,8.347823701864028,8.072859485517743,1.0,0.1,13.339556055879871,12.851212249900556,0.019911432202010103,71.98400000000001,33.65,48.35,57.559000000000005
Курская область,2017,7.781280538896122,7.085961055508029,0.6953194833880937,14.51817794843359,6.620693056827564,1.101751870729966,15.21349743182168,13.92519511148118,67.58,13.20014899840587,13.16999834962249,3.060978236908185,96.48180915317877,0,47.0,51.7,60.45,0.8445745387516387,1.0,0.0,0.030150648783379808,8.445745387516387,8.290882112478176,1.0,0.1,13.919282964584486,13.145400230172722,0.039278141499276845,67.375,48.7,50.85,66.61800000000001
Липецкая область,2017,4.840340156909874,3.597350900503678,1.242989256406196,9.54937429526855,4.009823038078743,1.904723186488639,10.79236355167474,13.97050288350839,63.41,13.42731697388865,13.41485670649227,1.25382199616495,96.26322297018821,0,52.6,56.2,61.0,0.0,0.0,0.0,0.012460267396381397,0.0,2.0568206848455426,0.3,0.1,13.96618993541692,13.392307693976097,0.023520154098316048,63.512,48.15,54.75,66.949
Московская область,2017,0.9132630664913014,0.0,0.9132630664913014,1.79556780825208,2.63623563933823,3.175458080175217,2.708830874743382,15.89797029032082,79.52,13.47278924496038,13.47173149346171,0.1058311115077037,92.91775841693203,0,38.2,46.0,56.85,0.7783781559846178,1.0,0.0,0.0010577514986689351,7.783781559846178,7.023968238094758,0.9,0.1,15.885742041004724,13.471572415288097,0.015701077232158946,79.455,39.4,44.6,62.141999999999996
Орловская область,2017,18.92695710094759,16.93310738496819,1.993849715979398,9.156304189672893,9.067590520414472,2.139842382331375,11.15015390565229,13.5260094988255,66.75,12.96273161727124,12.96803991342985,-0.5294232051047731,96.04297520231538,0,53.6,47.9,52.84,0.0,0.0,0.0,-0.005308296158609949,0.0,3.830051924606397,0.6,0.2,13.52696250430007,12.959555213680265,0.02072357290982385,66.462,43.45,59.15,60.019000000000005
Рязанская область,2017,7.942788955679693,7.238306203667731,0.7044827520119623,7.678730270181594,6.610649150080722,2.67019338030955,8.383213022193557,13.9394417659273,71.34,13.01776159018283,12.99620931850469,2.178619942081639,95.11195291262811,0,43.3,54.5,59.74,0.0,0.0,0.0,0.02155227167814111,0.0,4.456927781319715,0.7,0.1,13.938522044765856,13.013257137578137,0.016012176634652063,71.239,47.15,48.0,64.72
Смоленская область,2017,11.74365503462792,8.990631509121501,2.753023525506418,4.240769321735622,4.312323758517751,2.678546920603436,6.993792847242041,13.75115868607332,72.5,12.97461941160496,12.93804234312819,3.725424054176574,94.66093975086856,0,40.4,48.1,56.69,0.0,0.0,0.0,0.036577068476770336,0.0,0.0,0.0,0.1,13.75185863536998,12.952967034060379,0.023782608667671033,72.503,42.15,45.0,61.73
Тамбовская область,2017,25.02669109320649,22.21850351852782,2.808187574678676,14.51631804602707,5.493976030397183,1.071820436675557,17.32450562070575,13.8512203071983,59.83,12.95141630242212,12.9323979604927,1.920034254671421,96.98967348305317,0,49.3,63.5,71.76,0.0,0.0,0.0,0.01901834192941898,0.0,0.0,0.0,0.1,13.851756469223428,12.895621793221153,0.03668518441231594,59.628,65.1,58.8,74.775
Тульская область,2017,4.613673697143404,3.291877585122377,1.321796112021027,4.244340312849316,9.09657639167413,1.970336867511544,5.566136424870343,14.24319237060203,75.66,13.15101274040637,13.11102619843086,4.079676702975421,95.30925002623609,0,45.6,53.0,67.77,0.9664426768936535,1.0,1.0,0.03998654197551055,9.664426768936535,8.399521489189901,1.0,0.2,14.24050427557213,13.069838428029508,0.04070484021754996,75.926,57.15,59.2,71.199
Ярославская область,2017,1.597605759669244,0.986559505075629,0.6110462545936151,3.78659225765238,4.152894444598188,3.787027093095407,4.397638512245996,14.04296241518612,81.73,13.14405059901181,13.11725767496728,2.715508161959912,95.96558891889833,0,37.8,38.4,54.53,0.9442620252928162,1.0,1.0,0.026792924044530153,9.442620252928162,5.257900789212982,0.6,0.2,14.039261888917235,13.116074009342586,0.025374938754583985,81.66900000000001,33.7,46.85,59.723
г. Москва,2017,,0.0,0.0,0.05108757237985093,1.46607704393314,0.1145683631042066,0.05108757237985093,16.3469335983806,100.0,14.3391118939148,14.33384330930041,0.5282488012654962,91.65044468473364,0,35.3,37.8,46.95,0.9896904388807861,1.0,0.0,0.005268584614391614,9.896904388807862,9.757022611351823,1.0,0.0,16.338118114759993,14.357745724283001,0.006782166732758022,100.0,42.2,48.5,54.126
Республика Карелия,2017,25.45678901286094,20.9258889319519,4.530900080909043,4.370481419755367,6.704703847665897,2.642323479218796,8.90138150066441,13.26874509973835,79.01,13.51381950884745,13.48698586013144,2.719691302462435,82.18881340785018,1,39.6,37.3,55.38,0.6144866505512955,1.0,0.0,0.026833648716008796,6.1448665055129545,6.592661288576157,0.9,0.2,13.27598030606928,13.484420656046058,0.025210717604336,78.965,34.8,44.95,60.678
Республика Коми,2017,1.261388380194836,0.4160294325400658,0.8453589476547699,1.947616099173434,3.078085579239635,2.489453158086507,2.792975046828204,13.59692286295865,77.6,13.94120074973624,13.96146706658819,-2.006233536115787,65.07796414152824,1,40.8,37.8,65.02,0.734693667638542,1.0,0.0,-0.02026631685195035,7.34693667638542,4.22213048271865,0.6,0.2,13.602233948025196,13.96424227136382,0.0006625953060579448,77.464,48.3,56.7,66.946
Архангельская область,2017,14.73868774407729,12.87819914698107,1.860488597096216,3.446248312320934,4.42570489366395,2.135240873258341,5.30673690941715,13.87254190817643,77.23,13.30498770895085,13.25266937961024,5.371111629572045,95.58024333912395,0,36.6,44.5,57.97,0.7272725194805767,1.0,0.0,0.052318329340611314,7.272725194805767,7.068758662357756,1.0,0.1,13.879810975329358,13.259508408329705,0.03269411072146813,77.051,38.2,43.3,63.160000000000004
Вологодская область,2017,6.131169352248694,4.803251736438214,1.32791761581048,3.445860891422677,4.925572203462562,0.9684776539176796,4.773778507233157,13.98074190552794,72.16,13.65131131149509,13.6396192284667,1.176070260565276,97.26601120869842,0,40.9,37.2,59.44,0.5549131362510767,1.0,0.0,0.011692083028391309,5.549131362510767,5.559465151077335,1.0,0.1,13.978454104032071,13.637740710257905,0.01258994856479596,71.975,35.3,48.6,63.330999999999996
Калининградская область,2017,2.217848921410353,1.894344011135958,0.3235049102743949,11.49270516124459,1.697935521231756,52.29871501657561,11.81621007151898,13.807694088808,76.86,13.30673798082651,13.29541942314715,1.138285490831614,86.42750701458407,0,44.1,43.4,52.55,0.7403596856408975,1.0,1.0,0.011318557679359742,7.403596856408975,3.517805176669593,0.5,0.1,13.803348201913462,13.295133041532399,0.01816559597245391,76.973,40.25,49.35,59.69
Ленинградская область,2017,1.088858265696623,0.0,1.088858265696623,2.947038898959265,3.109598738496662,0.4445767506322135,4.035897164655887,14.43426764965624,64.63,13.45277904579266,13.45046251313736,0.2319217890154102,92.7461159300702,0,44.1,50.0,61.9,0.7403596856408975,1.0,0.0,0.002316532655299852,7.403596856408975,7.335358655821446,1.0,0.1,14.436191328474141,13.442904586800628,0.011770313701108037,65.303,41.5,47.8,67.033
Мурманская область,2017,7.339475379490463,3.321515403310528,4.017959976179935,1.535173876546189,2.572943813773231,0.8883496467404115,5.553133852726124,13.48619783078135,93.0,14.06543757988433,14.03814027051627,2.767329424618259,88.97184610589743,0,39.7,42.0,60.05,0.0,0.0,0.0,0.02729730936806085,0.0,1.4629845967686022,0.2,0.2,13.49139371358441,14.040909289964551,0.03979363204139297,92.986,37.0,45.8,64.946
Новгородская область,2017,9.661872742215838,4.206073405206844,5.455799337008993,7.034108339272523,5.34997585323371,6.200131125760999,12.48990767628151,13.316003964918,71.56,13.2109124050309,13.18393227048962,2.734739383352847,95.06018883770646,0,39.9,40.1,57.91,0.724518695415853,1.0,0.0,0.026980134541279455,7.24518695415853,7.851502783919419,1.0,0.1,13.316641027128764,13.146522818285362,0.03242789246234708,71.64500000000001,37.35,48.25,62.331999999999994
Псковская область,2017,16.83824309367902,13.63410051309721,3.204142580581808,12.10678805636455,5.474117391048326,4.066234942160942,15.31093063694636,13.35236813670531,70.48,12.76406382438022,12.74694128052003,1.726997487696735,95.01212251056963,0,42.1,45.1,59.69,0.9142854530612977,1.0,0.0,0.01712254386018941,9.142854530612977,8.057939850703216,1.0,0.1,13.355894012261155,12.758881013677406,0.013595769047086925,70.441,40.9,47.5,64.298
г. Санкт-Петербург,2017,0.3192646723460754,0.0,0.3192646723460754,0.2231486570761953,2.30898007167724,1.185846683055481,0.5424133294222707,15.51114176284808,100.0,14.15448323698953,14.1586637758273,-0.4171812549712661,92.47680067304842,0,32.7,39.7,58.77,0.9320385686547215,1.0,0.0,-0.004180538837770698,9.320385686547215,9.314087418118442,1.0,0.2,15.49722681671185,14.15777414233609,0.02000782640407799,100.0,37.55,43.95,63.64200000000001
Ненецкий автономный округ,2017,0.6819297038518113,0.0,0.6819297038518113,2.186654704356557,0.9470035348988317,4.120349673778849,2.868584408208368,10.64958290741417,72.4,16.24330018173404,16.2540852452305,-1.07271132187311,66.12571031539244,0,44.8,41.1,57.05,0.0,0.0,0.0,-0.010785063496459912,0.0,2.8070767836081694,0.4,0.3,10.645855089516278,16.134450599373572,-0.0007417630986772394,72.111,38.55,50.45,61.279999999999994
Республика Калмыкия,2017,33.68067128239639,32.94463445173238,0.7360368306640062,11.30730292730543,6.225696564303597,2.106724389459839,12.04333975796944,12.52701418856768,45.58,12.85835378193912,12.83746546607898,2.110800369987498,30.21315445326077,1,57.5,70.6,70.3,0.0,0.0,0.0,0.02088831586014095,0.0,1.475885844675597,0.2,0.1,12.528290997617901,12.84492623117244,0.006397844955817966,45.583,68.35,60.35,73.708
Краснодарский край,2017,9.021754718373323,3.762664135882857,5.259090582490465,3.948728728105919,4.509486870865293,1.309616451144375,9.207819310596385,15.55124238555316,55.4,13.19525521496973,13.17308520993604,2.24175858325939,88.25308927432054,0,51.2,59.3,63.72,1.0,1.0,0.0,0.022170005033689932,10.0,8.459223335820525,1.0,0.1,15.54067998324553,13.190794219767906,0.0070424677028171345,55.198,57.75,61.9,69.00899999999999
Астраханская область,2017,8.711811401893922,6.53014815852829,2.181663243365632,2.972872878834588,5.110820948180795,2.491336522310859,5.15453612220022,13.81497441426492,65.4,13.37305196147022,13.25557138519934,12.46597846445694,67.57391327159684,0,37.0,42.2,68.76,0.0,0.0,0.0,0.1174805762708786,0.0,2.6100094728212637,0.3,0.1,13.810541734377562,13.269590553481365,0.04760383200078096,65.529,51.2,46.5,71.21700000000001
Волгоградская область,2017,11.81170851862085,9.236406734403744,2.575301784217105,9.892841072515846,4.603341632249816,3.228215538638458,12.46814285673295,14.75298257419322,76.79,13.00106609635959,12.99777332859198,0.3298194882511041,90.0076005020229,0,42.2,50.6,63.41,0.7007297267988037,1.0,0.0,0.0032927677676095612,7.007297267988037,4.767324418191054,0.7,0.2,14.753148639200223,13.007406433970996,-0.0009375837079140581,76.74600000000001,43.05,47.1,67.652
Ростовская область,2017,10.93674940770406,9.147735843300586,1.789013564403473,4.923931522103303,4.643685724860659,2.389834637845807,6.712945086506776,15.26219351304822,67.9,13.00682052165464,12.98113757753516,2.601559262103503,90.34490047107509,0,48.2,58.8,62.66,0.8622752027374522,1.0,0.0,0.02568294411948102,8.622752027374522,8.404824658871652,1.0,0.0,15.260756375979733,12.950497172196648,0.027197563937771996,67.837,54.5,53.75,67.553
Республика Адыгея,2017,22.7815712057888,21.25320035235514,1.528370853433661,11.99616808761374,5.12007836097784,2.711647533578023,13.5245389410474,13.06304215579268,50.31,12.65884764457332,12.64093053688055,1.807858200941426,63.63961202296268,1,53.9,59.4,64.07,0.0,0.0,0.0,0.017917107692770884,0.0,3.5630262896737426,0.5,0.1,13.059570643995745,12.64504410493838,0.020816969755541946,50.262,60.2,59.9,69.2
Республика Дагестан,2017,56.87588435468569,52.96141364007778,3.914470714607907,8.804749933914174,7.694814663960452,2.190933592293937,12.71922064852208,14.93847523875271,45.16,12.43402409105965,12.41136345527742,2.29193384156039,3.597043936705582,1,88.1,88.9,92.84,0.0,0.0,0.0,0.022660635782228766,0.0,2.734843020855516,0.5,0.3,14.933403593406263,12.396163307482151,0.01545040569252496,45.156,90.15,89.6,92.21600000000001
Кабардино-Балкарская Республика,2017,40.66061688634576,36.69547592425582,3.965140962089948,13.49769751099198,7.122064531662398,1.056131354527821,17.46283847308193,13.6947351746981,52.71,12.3273024721082,12.32898417035184,-0.1680284981488755,22.52089964671727,1,90.1,77.7,77.64,0.6923074945055504,1.0,0.0,-0.0016816982436402839,6.923074945055504,5.4403455889367445,0.8,0.2,13.690886525080558,12.308210319625527,0.012181354804779864,52.86,79.8,94.25,82.362
Республика Северная Осетия - Алания,2017,34.92795493538086,33.81830935203987,1.109645583340989,11.02511788630388,6.863872879393133,3.720189692565884,12.13476346964487,13.46117858141828,63.63,12.49351545050482,12.50672110382007,-1.311884123242368,20.82180223463845,1,85.6,67.1,70.06,0.0,0.0,1.0,-0.013205653315250032,0.0,0.0,0.0,0.1,13.459118731636224,12.517267381598192,0.006880711986072896,63.608000000000004,67.5,85.7,73.495
Республика Ингушетия,2017,42.31355871688797,39.27190665757996,3.041652059308001,19.58480749696426,19.53539672746437,3.705974683329585,22.62645955627226,13.07492999239364,49.74,11.92540768579171,11.90656582666521,1.902048708468485,0.7848507929068043,1,81.4,72.4,91.91,0.6792450889488415,1.0,0.0,0.018841859126499827,6.792450889488415,6.82859333063233,1.0,0.1,13.065479178316718,11.90951439178394,0.012066256805663932,48.587,81.7,83.9,89.288
Ставропольский край,2017,19.15227676847666,18.31707808594204,0.8351986825346266,9.15106801501877,5.455369500584214,2.429367228538998,9.986266697553397,14.87183171790721,59.15,12.69230299122837,12.69210008056845,0.02029312476792278,80.89193187278804,0,42.1,54.3,64.47,0.7365726795762364,1.0,0.0,0.00020291065992061874,7.365726795762364,5.893657974680566,0.8,0.2,14.867542618269079,12.68111512996347,0.01574851868743199,59.101,51.7,46.5,69.294
Карачаево-Черкесская Республика,2017,37.83379297290389,37.38112483775725,0.4526681351466465,27.77304338232213,4.933344530913709,1.294119107497974,28.22571151746877,13.0596003458186,41.81,12.3342616689955,12.32535729743046,0.89441334119853,31.62682350957079,1,93.3,81.7,91.36,1.0,1.0,0.0,0.008904371565041203,10.0,5.409677154771676,0.6,0.1,13.061394703752617,12.320611363457397,0.004807182182550029,41.968,85.75,93.25,90.244
Республика Башкортостан,2017,10.42450133308644,9.429517358042167,0.994983975044273,4.22588268777221,5.125131425403537,1.047675952529011,5.220866662816483,15.23155350914011,61.48,13.08240906155433,13.0784891202067,0.3927634366486689,36.05048909105547,1,69.8,56.4,75.28,0.7741933271890025,1.0,0.0,0.0039199413476289635,7.741933271890025,7.450630017873901,1.0,0.1,15.22755518188148,13.08045975577841,0.009329076720191943,61.440999999999995,63.45,74.55,76.003
Республика Марий Эл,2017,22.7714924694134,21.66960922970219,1.101883239711209,9.39081531057997,4.844046791308785,0.9204853465431635,10.49269855029118,13.43922893895804,66.3,12.70020576128178,12.68338140327109,1.696668458601214,47.40038953391814,1,53.4,46.7,59.98,0.0,0.0,0.0,0.016824358010689267,0.0,5.626577630900743,0.8,0.1,13.439098279595418,12.678866506020535,0.01923977640964498,66.176,49.45,62.35,64.18299999999999
Республика Мордовия,2017,9.53341379253192,7.478394689853762,2.055019102678158,10.88733476718255,4.076478906751361,8.919068696749571,12.94235386986071,13.60859708351004,62.62,12.78793930404711,12.75998351933696,2.835021461338871,53.35929928018452,1,83.0,84.4,87.06,0.0,0.0,0.0,0.027955784710151477,0.0,0.680851615405779,0.1,0.2,13.602410763003665,12.723619405439708,0.02969477876152098,62.263999999999996,88.0,88.6,86.547
Республика Татарстан,2017,1.09963964494859,0.0,1.09963964494859,5.426319094964146,2.692710420143767,1.595077348429579,6.525958739912737,15.19093707744668,76.65,13.65292390141701,13.6391653868033,1.385359854669121,39.71417582522228,1,78.8,85.3,82.7,0.7272725194805767,1.0,0.0,0.013758514613709139,7.272725194805767,7.09860463667785,1.0,0.0,15.184503930198208,13.640173051577909,0.012615270710136173,76.46900000000001,81.55,79.15,82.51700000000001
Удмуртская Республика,2017,10.55093542221269,6.075897867363216,4.475037554849468,5.214579376200987,4.437389991599079,2.51098944783132,9.689616931050455,14.21673803330953,65.25,13.26363260240504,13.26408922644534,-0.04565198034087725,62.2204206534331,1,44.5,50.5,65.75,0.0,0.0,0.0,-0.0004566240402983368,0.0,2.630665096225134,0.4,0.2,14.214643371335915,13.247385497285697,0.013070305571228147,65.38,47.8,50.55,68.894
Чувашская Республика,2017,20.91170851514829,20.04850389591365,0.8632046192346374,8.312036198181708,4.067224780843858,2.947638070811938,9.175240817416345,14.01780629596565,62.14,12.64259889327803,12.62570913634594,1.703319528512237,26.86003905114038,1,59.4,50.9,62.32,0.0,0.0,0.0,0.01688975693209116,0.0,1.3548450698119257,0.2,0.1,14.015324518032207,12.646276986344116,0.013769500076335105,61.742999999999995,47.15,60.55,66.811
Нижегородская область,2017,4.020467485821663,3.159753388414562,0.860714097407101,4.763723550791467,3.816655546033785,3.438237672773641,5.624437648198568,14.98504128524666,79.53,13.23055279148944,13.20682580968781,2.401070616470036,95.14764485436845,0,44.5,58.1,63.9,0.0,0.0,0.0,0.02372698180163013,0.0,2.7441486780386897,0.4,0.1,14.984951678226073,13.206367438444673,0.02261661197393696,79.491,51.35,51.7,67.911
Кировская область,2017,20.69118413322258,19.61715370228027,1.074030430942307,7.550029687411858,6.193006485851327,3.27935283121024,8.624060118354166,14.02717972965275,76.17,12.78569912037888,12.76208019321252,2.390006303920189,91.87916003881362,0,41.9,38.0,57.93,0.0,0.0,1.0,0.023618927166358716,0.0,0.0,0.0,0.1,14.029697272316138,12.76742057799933,0.028272655468727058,76.095,36.45,47.95,61.674
Самарская область,2017,0.4903510935630775,0.0,0.4903510935630775,7.596952577903933,3.893606647798406,2.556999924560435,8.08730367146701,14.98423797704004,80.0,13.40907631679764,13.40009247085996,0.9024321800431556,85.55174732465221,0,52.9,50.8,58.56,0.0,0.0,0.0,0.008983845937679646,0.0,3.4717206169145696,0.5,0.2,14.982020275793763,13.407048298633658,0.008391063280375022,80.023,45.1,52.95,63.738
Оренбургская область,2017,6.793203176840072,5.930254849437374,0.8629483274026986,5.333437637815646,5.845970572112699,2.929890410960166,6.196385965218344,14.47801294680951,59.39,13.43838615923407,13.41281087779975,2.590513497350022,75.8767376585608,0,41.7,40.9,56.89,0.0,0.0,0.0,0.025575281434321084,0.0,1.3925682445400103,0.2,0.1,14.479405621805432,13.445290379354741,0.014717893964836115,59.587,37.9,46.45,61.714
Пензенская область,2017,17.1467084740218,13.36756780771714,3.779140666304665,6.819487803167432,5.778190085797591,2.390767549535041,10.5986284694721,14.09972663077288,68.18,12.80492583991703,12.7768389270831,2.848506908904813,86.8020996304275,0,60.6,64.3,64.27,0.0,0.0,0.0,0.02808691283392939,0.0,3.0619303429635636,0.4,0.1,14.098366359591276,12.77826841145454,0.0366029386578429,68.19500000000001,60.3,62.75,68.98299999999999
Пермский край,2017,4.879464750114384,4.113421018213748,0.7660437319006366,4.348268360183337,4.532772259503253,1.863949815022676,5.114312092083974,14.77491403458577,75.78,13.40251929703598,13.38055399758949,2.220831266074308,87.10855422941499,0,35.2,42.7,62.94,0.8112673738431224,1.0,0.0,0.021965299446490505,8.112673738431225,6.647569093528406,0.9,0.3,14.771588788703472,13.398245824194627,0.008567070829177048,75.654,39.5,41.65,66.663
Саратовская область,2017,12.59703640547737,10.16496094014071,2.432075465336659,5.705513592524984,4.177760153711872,2.818020339620097,8.137589057861643,14.73642617853421,76.2,12.85371563493771,12.8295557529159,2.44540965898481,87.55403917112397,0,64.5,68.2,70.64,0.6889950184552841,1.0,0.0,0.024159882021811185,6.889950184552841,6.759308607098035,1.0,0.1,14.731359477747286,12.836899884145712,0.020306786101254026,75.899,66.55,65.9,72.947
Ульяновская область,2017,8.981617256727867,6.890706759523106,2.090910497204761,5.789475492074043,5.452621391574093,1.851004892459535,7.880385989278804,14.03251128068023,75.38,12.87601263626032,12.85680325213596,1.93950714173603,73.57869033536369,0,52.4,48.5,58.18,0.0,0.0,0.0,0.019209384124360795,0.0,0.0,0.0,0.0,14.032296613279021,12.85601346373942,0.01776994554110196,75.241,46.05,56.4,63.00699999999999
Курганская область,2017,34.37970440946281,31.99730088879027,2.382403520672532,6.725492482758167,5.817327953996672,0.7379443587712398,9.1078960034307,13.62939421004964,62.6,12.68693566357937,12.66063279642687,2.66518405111198,92.47095274980636,0,41.8,41.5,63.39,0.0,0.0,0.0,0.02630286715249852,0.0,2.1201965542942296,0.3,0.2,13.633687543490748,12.673840486292647,0.01188896439970204,62.435,42.95,49.15,66.363
Свердловская область,2017,0.7842344386732677,0.0,0.7842344386732677,2.280438672856026,3.836402739401797,1.476879723702927,3.064673111529294,15.28035613041443,85.06,13.43361085936705,13.41226594765081,2.157434383937584,90.6531957904619,0,41.5,40.5,64.5,0.9632104271381577,1.0,0.0,0.021344911716239423,9.632104271381577,9.156499373804538,1.0,0.1,15.277535141773035,13.418360170253417,0.01509034847636297,84.94300000000001,36.6,46.35,67.53
Тюменская область,2017,,0.0,0.0,1.428381425851895,2.657346474346107,0.8941716191994766,1.428381425851895,14.23287261588441,65.44,13.8272395978874,13.7924964443662,3.535374768108634,73.31976912372754,0,81.1,58.4,73.1,0.7164177057569872,1.0,0.0,0.03474315352119994,7.164177057569871,7.07239478992211,1.0,0.1,14.218849082364192,13.851065183654274,-0.010386970251895989,64.976,60.3,78.65,75.095
Челябинская область,2017,8.16919788191909,6.234671233228909,1.934526648690181,3.266283172677292,4.931119569213436,0.9283708725424491,5.200809821367473,15.06809293872609,82.64,13.21405215569869,13.19519371528775,1.903738389331999,83.79738904074622,0,44.4,38.2,65.02,0.0,0.0,0.0,0.018858440410939536,0.0,1.4601981898440337,0.2,0.2,15.063058138389987,13.21378815960539,0.013439296059669027,82.533,44.25,52.05,67.414
Ханты-Мансийский автономный округ - Югра,2017,0.2320313521877826,0.0,0.2320313521877826,0.4301129185694695,1.857400010492129,1.895402799222403,0.662144270757252,14.32078962800101,91.93,15.06683747614091,15.07406773171826,-0.7204180161308528,68.10534890794732,0,39.3,47.6,66.41,0.7480517343228789,1.0,0.0,-0.00723025557735113,7.480517343228788,7.309642049936467,1.0,0.0,14.312446241182107,15.101363631381437,-0.018493822206228926,91.899,44.3,47.1,69.356
Ямало-Ненецкий автономный округ,2017,0.1515985091172345,0.0,0.1515985091172345,0.1024678885519722,0.7671889305151508,0.1345660731282532,0.2540663976692067,13.1458064291308,84.71,15.68359657751029,15.60457140763177,8.223156136443555,61.73862802169426,0,74.4,67.1,84.58,0.631578766917344,1.0,0.0,0.07902516987851982,6.3157876691734405,6.287617879029826,1.0,0.1,13.15681205450636,15.626406435148212,0.050444200389276085,84.786,69.4,78.3,84.86800000000001
Республика Тыва,2017,63.84717055358726,62.70186213083196,1.145308422755305,7.052335531475379,7.044049683598376,1.823714896268798,8.197643954230683,12.68280980360142,54.48,12.59641727709628,12.58797945630835,0.847351953365072,16.26883698581899,1,90.1,82.6,90.0,0.7041562780300935,1.0,0.0,0.008437820787930761,7.041562780300935,6.909227620251606,1.0,0.0,12.68017391648718,12.577339800353524,-0.0029048978322650854,54.451,83.95,88.1,90.59400000000001
Алтайский край,2017,27.78302461348928,26.60815593048437,1.174868683004911,6.455786452590237,6.001180797866455,1.155987885195186,7.630655135595148,14.64434355870215,56.77,12.77720526096713,12.75994890054464,1.740611155640104,93.92766264596298,0,40.8,35.2,57.35,0.9863010880627017,1.0,0.0,0.01725636042248979,9.863010880627016,8.48098297281967,1.0,0.1,14.644949049966584,12.76249114852617,0.02413049000470995,56.720000000000006,36.2,46.65,59.543000000000006
Красноярский край,2017,4.610570886248211,2.677702260522862,1.932868625725349,6.719539664651938,3.695419693125308,0.8254284716840912,8.652408290377288,14.87332897671663,78.42,13.92568201970792,13.89518094197185,3.097100116281526,91.31694705096045,0,36.7,40.4,60.16,0.0,0.0,0.0,0.030501077736071025,0.0,5.471818442093575,0.7,0.2,14.868241774506672,13.90333664054648,0.008165780660617017,78.179,38.55,43.2,64.396
Иркутская область,2017,6.450652625940453,5.223691836721262,1.226960789219192,4.761018290160587,4.222348926881751,0.7458095310641124,5.987979079379779,14.69525763017774,78.43,13.54677034867515,13.51566313977018,3.159609424592058,91.40701771588505,0,34.7,39.8,55.45,0.0,0.0,0.0,0.031107208904970207,0.0,2.3390715803622264,0.3,0.4,14.693891829081224,13.49487285365654,0.030863608300009913,78.506,37.35,40.9,60.733000000000004
Кемеровская область - Кузбасс,2017,6.528856804074162,5.833580920494506,0.6952758835796563,3.425473160892666,4.289771358114408,2.00830358995236,4.120749044472323,14.80671802057303,86.16,13.37267138785598,13.34727007726457,2.572667291646713,93.69873923071353,0,86.8,77.3,77.19,0.3555554539682815,1.0,0.0,0.02540131059141082,3.5555545396828148,5.203967124119177,0.8,0.1,14.804856835034371,13.38397253710104,0.0025126278093269504,86.069,70.75,78.1,79.659
Новосибирская область,2017,5.137806956695911,4.421649701640052,0.7161572550558601,4.106258452546256,3.765844892714306,1.115979911290045,4.822415707602116,14.84308753363823,79.17,13.15278665719526,13.11986156854871,3.347311747146908,93.10494236245461,0,34.9,38.3,56.34,0.0,0.0,0.0,0.032925088646550194,0.0,2.8851626163274022,0.4,0.2,14.835074168230875,13.140787756219154,0.019580606761437025,78.91,36.05,45.85,60.75600000000001
Омская область,2017,10.65186609927556,8.576974011197924,2.074892088077638,5.592864564702216,5.244899110100696,1.932788457594738,7.667756652779854,14.48311580286109,72.88,12.89803783392616,12.87419360254778,2.41307780256399,85.83181391841353,0,38.7,36.3,55.55,0.7461137764619391,1.0,0.0,0.023844231378379988,7.461137764619391,7.238630859576507,1.0,0.2,14.477233397522411,12.891849038465546,0.013851675733471857,72.69800000000001,37.95,47.2,59.077999999999996
Томская область,2017,12.82858977690059,7.924179581501259,4.904410195399334,3.248525630788774,5.161962460907432,2.031568651674114,8.15293582618811,13.88813163952958,71.89,13.44704274442084,13.456307632898,-0.922210163829873,92.05339702188196,0,33.9,40.7,57.07,0.7461137764619391,1.0,0.0,-0.009264888477160227,7.461137764619391,7.181908666166396,1.0,0.1,13.883383049493252,13.440413736671497,0.0020421963197739144,71.572,39.1,42.2,61.318000000000005
Республика Алтай,2017,62.27316978020813,61.4382677439911,0.8349020362170292,7.696185057526574,6.55482656954988,1.521533295482433,8.531087093743603,12.25985508941311,30.19,12.62933610014788,12.6507815947073,-2.121717499561704,56.62635151132507,1,45.1,48.8,66.87,0.0,0.0,0.0,-0.021445494559420908,0.0,2.355787000566351,0.3,0.1,12.25551773039436,12.631323468657445,0.02108814976007505,30.145999999999997,51.05,54.35,67.995
Республика Хакасия,2017,13.20598975378113,12.25774774943635,0.9482420043447829,4.35749091613906,5.300039214343802,1.220703074598952,5.305732920483843,13.19996495409449,68.32,13.20851229450867,13.2090592955483,-0.05468514618409692,81.656591192903,1,39.4,38.1,58.4,0.7741933271890025,1.0,0.0,-0.0005470010396297909,7.741933271890025,5.3604922594408,0.7,0.1,13.194250190951431,13.20431037255266,0.017542535983104023,68.139,39.1,47.8,61.628
Республика Бурятия,2017,36.57584951310732,35.69258529952059,0.8832642135867317,7.327793044354585,5.979518556448428,3.989700407942653,8.211057257941317,13.79676393290142,59.15,12.67359670425618,12.6923365324051,-1.856532929567922,66.05043759070661,1,40.5,43.3,66.2,0.7559052958380799,1.0,0.0,-0.018739828148920168,7.559052958380798,6.674006840534031,1.0,0.1,13.79338927924395,12.748006162640538,0.0026454229679838902,59.162,46.15,48.7,68.456
Республика Саха (Якутия),2017,22.60029179522948,20.66349884731872,1.936792947910761,2.35355388101227,2.129457062132387,0.9886815272916775,4.290346828923031,13.78211818697893,65.6,14.23480056582853,14.23069208297708,0.4116934237287095,37.83701950647506,0,48.1,46.4,69.46,0.0,0.0,0.0,0.004108482851449935,0.0,2.1237409083227794,0.3,0.1,13.783010412041786,14.202154809336957,0.02271373016148992,65.633,47.8,54.1,67.93599999999999
Приморский край,2017,10.51925424870224,8.987688813123986,1.531565435578257,5.278207319141245,3.54868991826024,5.041442603464116,6.809772754719502,14.45970328586017,77.7,13.35341196405161,13.32933323607943,2.437096136467809,92.51599441368536,0,37.4,39.0,57.31,0.7058821512605602,1.0,0.0,0.024078727972179692,7.058821512605602,7.58437064059278,1.0,0.2,14.459640510954193,13.37265391260488,0.007975210240877929,77.601,36.0,43.05,59.69500000000001
Хабаровский край,2017,8.56984396554484,7.904270775380017,0.6655731901648229,6.010787266326835,3.574976243933334,4.205946337445773,6.676360456491658,14.09793835083358,83.01,13.4927157140995,13.4750631703682,1.780927073327754,91.81126152303911,0,36.9,37.3,56.15,0.0,0.0,0.0,0.017652543731299986,0.0,0.0,0.0,0.2,14.09581107317058,13.498208701900916,0.00944420509220798,82.83,37.7,45.05,59.039
Амурская область,2017,8.481272386841232,7.728546972177982,0.7527254146632497,5.325414811345703,5.395377917858557,0.7602348486424156,6.078140226008952,13.58576652129419,67.5,13.21311304790069,13.23492179791662,-2.157265862794877,94.32830956041175,0,42.5,37.9,62.84,0.7619045442177486,1.0,0.0,-0.0218087500159303,7.619045442177486,7.597476443923663,1.0,0.2,13.586747980047912,13.261594561190638,0.018746484191135872,67.55499999999999,40.7,48.25,64.1
Камчатский край,2017,58.07412975549218,55.83519630155952,2.238933453932656,3.010390528560979,1.624730555050528,2.014441932277344,5.249323982493635,12.62160028941742,77.79,13.83082433874232,13.81287351829378,1.811290482256056,85.9228898450654,0,39.5,46.7,59.84,0.0,0.0,0.0,0.017950820448540128,0.0,1.9764007725271735,0.3,0.2,12.62727145068204,13.801110656901812,0.030757298557166024,77.689,46.0,46.55,62.720000000000006
Магаданская область,2017,20.0059619808632,16.85425625481635,3.151705726046846,5.954365030482263,1.884150363471445,3.162597001120794,9.106070756529109,11.87576834800394,96.08,14.42903453619711,14.36086754789466,7.054406188909246,84.13189010035116,0,40.6,44.7,56.25,0.0,0.0,0.0,0.06816698830244938,0.0,2.0568589167803495,0.3,0.2,11.879134134929277,14.37913340631017,0.048625039535500035,96.053,42.85,46.6,61.065
Сахалинская область,2017,0.1423971821919827,0.0,0.1423971821919827,0.6486842407692329,1.089602032313849,0.3040261528629271,0.7910814229612156,13.07622728806031,81.81,14.74396784103559,14.80250635153233,-5.685808116349966,86.46405226000026,0,37.1,45.4,56.3,0.857142612244967,1.0,0.0,-0.058538510496740415,8.57142612244967,4.596819886461441,0.6,0.2,13.07874068277152,14.774164130342658,0.005006101852764111,81.62100000000001,43.65,43.1,59.486000000000004
Еврейская автономная область,2017,25.45856571722123,20.47468110719415,4.98388461002707,3.573075697168111,6.628856675224537,3.122878536759212,8.556960307195181,11.98518903861681,70.29,13.07387583485806,12.97847942206428,10.00948603783942,92.7393675532346,0,39.6,45.0,61.59,0.0,0.0,0.0,0.09539641279377875,0.0,1.3609917500399296,0.2,0.2,11.992814610304743,13.05142859923661,0.005815462641654001,69.852,46.55,45.85,63.357000000000006
Чукотский автономный округ,2017,38.06763546172224,36.38473416586081,1.682901295861435,10.09440590979047,1.004456674528511,0.9556729541759741,11.7773072056519,10.78547665271326,68.37,14.73013481474622,14.717017943852,1.320327441321378,52.49183348689171,0,64.5,58.8,72.64,0.6956519751553348,1.0,0.0,0.013116870894220867,6.956519751553349,6.804508789301023,1.0,0.0,10.798123244199113,14.708184506899169,0.031235427564129024,67.761,64.55,71.8,75.541
Забайкальский край,2017,24.89771192394781,23.61210113676191,1.285610787185897,3.50969499422186,6.753868912822734,1.634105494982474,4.795305781407757,13.8652574072217,68.17,12.97406967534167,12.92442925832774,5.089314513251564,89.90678173459195,0,38.9,39.9,65.69,0.0,0.0,1.0,0.04964041701393107,0.0,2.1115633114582004,0.3,0.3,13.866564971078045,12.974359006659611,0.019566395341172084,67.95700000000001,41.6,46.25,67.592
Белгородская область,2018,6.396326866723865,2.527412252767101,3.868914613956764,7.579146280916708,3.864370546890763,3.805952081156622,11.44806089487347,14.25499698835311,65.76,13.63506620039515,13.60985971846485,2.552685142824007,94.36612621715348,0,62.2,54.7,59.3,0.584016948500053,1.0,0.0,0.025206481930299063,5.84016948500053,6.258075849451342,1.0,0.1,14.252721865917223,13.553597196052564,0.028085594452510066,65.83500000000001,52.95,68.85,65.423
Брянская область,2018,24.23224829665737,22.06326909815025,2.168979198507117,11.46432813187887,8.45381600458522,8.526020059522184,13.63330733038599,14.00005547459426,69.67,12.84651498075564,12.80834263692046,3.891026723018998,96.70319132613922,0,55.1,63.9,64.02,0.7702710023460162,1.0,0.0,0.0381723438351802,7.7027100234601615,5.557272194605841,0.7,0.1,14.01017982111388,12.761148914465238,0.03458679688419597,69.51,57.0,57.5,69.294
Владимирская область,2018,13.02759177034913,9.51049467986412,3.517097090485012,4.986591963515914,5.146182700548382,2.331540556047617,8.503689054000926,14.14108000314285,77.83,12.99431509369791,12.98200544947974,1.238571972221614,95.58201060163185,0,38.4,45.2,53.49,0.6597228492315403,1.0,0.0,0.01230964421817049,6.597228492315404,4.579569635101675,0.7,0.2,14.148317042139514,12.981501158236167,0.028902071409907925,77.69,41.4,43.5,59.538
Воронежская область,2018,10.01426648637606,6.202088006168676,3.812178480207388,8.528388529463413,3.628916212476095,4.928630520900906,12.3405670096708,14.6660293683753,67.95,13.18124398161238,13.15356920378323,2.806128172497191,95.50289463735784,0,53.8,59.1,61.34,0.7233509412894048,1.0,1.0,0.027674777829149733,7.233509412894048,8.947648293289495,1.0,0.1,14.66311066675936,13.110858337994335,0.02729048016193012,67.483,54.55,59.05,66.602
Ивановская область,2018,36.36626259296219,29.55049168984452,6.815770903117674,3.910144383056322,5.055124181138739,1.799560862259536,10.725915286174,13.78807255523678,81.57,12.61013495480325,12.58068792651974,2.988487925709316,95.57495314218058,0,38.5,42.4,61.85,1.000000950414124,1.0,1.0,0.02944702828350998,10.000009504141241,6.5690167994383755,0.9,0.2,13.805708923317388,12.617724326485558,0.0073315337883800066,81.444,41.25,45.85,64.706
Тверская область,2018,9.602914436031384,6.82695314136834,2.775961294663044,3.993974665498863,4.499315439371356,2.720087308334953,6.769935960161907,14.05760460891111,75.9,13.02284950609418,12.9775516629369,4.633945855057697,93.45164623819502,0,41.6,45.0,58.02,0.7215196730836086,1.0,0.0,0.04529784315728058,7.2151967308360865,5.305831705064431,0.8,0.2,14.06973721325139,12.960396311643638,0.011981358425233068,75.59299999999999,41.7,47.55,62.979
Калужская область,2018,3.194198454794173,0.3861352093807979,2.808063245413375,4.527984189979613,3.337367244479401,19.83391761836742,7.336047435392988,13.86615899447567,75.55,13.28413266969679,13.26034283810818,2.407506704196871,93.0800802880774,0,43.1,45.7,59.02,0.5925161556507804,1.0,0.0,0.023789831588610255,5.925161556507804,6.4246208961410645,1.0,0.1,13.85554041843769,13.249145898689758,0.01749197480236795,75.735,43.05,50.35,64.162
Костромская область,2018,26.70854223790651,12.36086130084409,14.34768093706242,6.55831744447737,4.575555396244599,2.356750743057713,20.90599838153979,13.32234474442512,72.51,12.88543502188392,12.86716112421947,1.844188704580074,96.59759640453902,0,39.4,36.6,52.78,0.774457257793549,1.0,0.0,0.01827389766445009,7.74457257793549,8.072859485517743,1.0,0.1,13.339556055879871,12.851212249900556,0.019911432202010103,71.98400000000001,33.65,48.35,57.559000000000005
Курская область,2018,10.10732029005125,6.667252801235442,3.440067488815811,8.571811322134357,4.989860254295965,3.677870887052317,12.01187881095017,13.91762300435164,67.81,13.23630856238732,13.20014899840587,3.682127262286139,96.48180915317877,0,47.0,51.7,60.45,0.7829677771099607,1.0,0.0,0.036159563981449594,7.829677771099607,8.290882112478176,1.0,0.1,13.919282964584486,13.145400230172722,0.039278141499276845,67.375,48.7,50.85,66.61800000000001
Липецкая область,2018,3.845840240483654,1.238905714794956,2.606934525688699,5.558766706886608,3.478413679869778,6.926404064135565,8.165701232575307,13.96727152756432,63.44,13.45133086901525,13.42731697388865,2.430455063314008,96.26322297018821,0,52.6,56.2,61.0,0.0,0.0,0.0,0.024013895126598683,0.0,2.0568206848455426,0.3,0.1,13.96618993541692,13.392307693976097,0.023520154098316048,63.512,48.15,54.75,66.949
Московская область,2018,3.105014475622561,0.0,3.105014475622561,1.271265356851292,2.429558389634122,3.177140428009523,4.376279832473853,15.9148474922453,79.32,13.47571467033207,13.47278924496038,0.2929708604238579,92.91775841693203,0,38.2,46.0,56.85,0.7480322070026922,1.0,0.0,0.0029254253716910483,7.480322070026922,7.023968238094758,0.9,0.1,15.885742041004724,13.471572415288097,0.015701077232158946,79.455,39.4,44.6,62.141999999999996
Орловская область,2018,23.50703753696778,17.14815163396618,6.358885903001594,8.28080984844374,6.485700035530582,4.09623576642174,14.63969575144533,13.51519974425179,66.78,12.98448131188328,12.96273161727124,2.198794336392162,96.04297520231538,0,53.6,47.9,52.84,0.6951226118732338,1.0,1.0,0.02174969461204057,6.951226118732338,3.830051924606397,0.6,0.2,13.52696250430007,12.959555213680265,0.02072357290982385,66.462,43.45,59.15,60.019000000000005
Рязанская область,2018,10.29488538828965,6.574705336342232,3.72018005194742,8.370204955862478,5.863352105732795,3.944858379053485,12.0903850078099,13.93494289943444,71.49,13.02525596565548,13.01776159018283,0.7522528590584221,95.11195291262811,0,43.3,54.5,59.74,0.5912868690208003,1.0,1.0,0.00749437547264975,5.912868690208003,4.456927781319715,0.7,0.1,13.938522044765856,13.013257137578137,0.016012176634652063,71.239,47.15,48.0,64.72
Смоленская область,2018,12.17348015743748,7.699517027060445,4.473963130377041,5.197103820504453,3.93790326866856,1.788837798572118,9.671066950881494,13.74320112132165,72.36,13.00237960365281,12.97461941160496,2.814909652639153,94.66093975086856,0,40.4,48.1,56.69,0.0,0.0,0.0,0.027760192047850296,0.0,0.0,0.0,0.1,13.75185863536998,12.952967034060379,0.023782608667671033,72.503,42.15,45.0,61.73
Тамбовская область,2018,27.79421701171443,20.38284514772534,7.411371863989095,10.46332790527407,4.738659525746738,3.422542203648978,17.87469976926317,13.8394096850966,60.01,12.99569411466132,12.95141630242212,4.52727041057932,96.98967348305317,0,49.3,63.5,71.76,0.0,0.0,0.0,0.04427781223920135,0.0,0.0,0.0,0.1,13.851756469223428,12.895621793221153,0.03668518441231594,59.628,65.1,58.8,74.775
Тульская область,2018,5.070769888309775,2.492963404095305,2.577806484214471,3.596174721855361,7.799295333553237,3.287684237040311,6.173981206069832,14.24033898119888,75.2,13.18536479686889,13.15101274040637,3.494890304761311,95.30925002623609,0,45.6,53.0,67.77,0.9163995847846481,1.0,0.0,0.03435205646252015,9.163995847846481,8.399521489189901,1.0,0.2,14.24050427557213,13.069838428029508,0.04070484021754996,75.926,57.15,59.2,71.199
Ярославская область,2018,4.500723585929973,1.040060728918243,3.460662857011729,2.49587013020515,3.570042363259286,4.47336716507138,5.956532987216878,14.03693262838014,81.62,13.18157905287716,13.14405059901181,3.824153864647206,95.96558891889833,0,37.8,38.4,54.53,0.8934177770157551,1.0,0.0,0.037528453865348865,8.93417777015755,5.257900789212982,0.6,0.2,14.039261888917235,13.116074009342586,0.025374938754583985,81.66900000000001,33.7,46.85,59.723
г. Москва,2018,1.163486403922764,0.0,1.163486403922764,0.0177109011645313,1.303576306603357,0.1839490115201396,1.181197305087295,16.36066191427278,100.0,14.35688224508199,14.3391118939148,1.792918329684023,91.65044468473364,0,35.3,37.8,46.95,0.9628387529325184,1.0,0.0,0.017770351167190057,9.628387529325185,9.757022611351823,1.0,0.0,16.338118114759993,14.357745724283001,0.006782166732758022,100.0,42.2,48.5,54.126
Республика Карелия,2018,28.68849599185531,18.07233799679866,10.61615799505666,7.8571205123749,5.086482781907311,0.9758957194444057,18.47327850743156,13.24570427283806,79.01,13.54780027578608,13.51381950884745,3.456470869023319,82.18881340785018,1,39.6,37.3,55.38,0.7872935659337715,1.0,1.0,0.03398076693863139,7.872935659337715,6.592661288576157,0.9,0.2,13.27598030606928,13.484420656046058,0.025210717604336,78.965,34.8,44.95,60.678
Республика Коми,2018,4.551997901894723,0.3571635381875899,4.194834363707132,1.691632404526703,2.743649680336265,0.7746434256392568,5.886466768233835,13.57656912464606,77.61,13.94846924850018,13.94120074973624,0.7294978417978992,65.07796414152824,1,40.8,37.8,65.02,0.6867476406458436,1.0,0.0,0.007268498763940201,6.867476406458436,4.22213048271865,0.6,0.2,13.602233948025196,13.96424227136382,0.0006625953060579448,77.464,48.3,56.7,66.946
Архангельская область,2018,15.00191226135107,11.21107014321298,3.790842118138097,3.710449063659824,4.171153929008637,1.748658619772739,7.501291181797921,13.85427347403677,77.3,13.35184359994242,13.30498770895085,4.797097613907919,95.58024333912395,0,36.6,44.5,57.97,0.6818188298278127,1.0,0.0,0.04685589099156928,6.818188298278127,7.068758662357756,1.0,0.1,13.879810975329358,13.259508408329705,0.03269411072146813,77.051,38.2,43.3,63.160000000000004
Вологодская область,2018,6.90280976380187,3.594507760266984,3.308302003534887,3.670510262284328,3.83293143830294,0.8707589119238339,6.978812265819215,13.97378358636776,72.31,13.68100911762476,13.65131131149509,3.014318395610349,97.26601120869842,0,40.9,37.2,59.44,0.551257777307593,1.0,0.0,0.029697806129668436,5.51257777307593,5.559465151077335,1.0,0.1,13.978454104032071,13.637740710257905,0.01258994856479596,71.975,35.3,48.6,63.330999999999996
Калининградская область,2018,3.486712059631353,1.922102702605498,1.564609357025855,7.083566945886919,1.526248713242789,55.52571284942218,8.648176302912773,13.81600843400343,76.87,13.33089082576858,13.30673798082651,2.444688745004986,86.42750701458407,0,44.1,43.4,52.55,0.6934313159805964,1.0,0.0,0.024152844942070928,6.9343131598059635,3.517805176669593,0.5,0.1,13.803348201913462,13.295133041532399,0.01816559597245391,76.973,40.25,49.35,59.69
Ленинградская область,2018,2.203232537481149,0.0,2.203232537481149,2.37243881371871,2.410900735649666,1.030841141255596,4.575671351199858,14.45337016181194,64.04,13.47769341905374,13.45277904579266,2.522732989295218,92.7461159300702,0,44.1,50.0,61.9,0.6985300756569256,1.0,0.0,0.024914373261079703,6.985300756569256,7.335358655821446,1.0,0.1,14.436191328474141,13.442904586800628,0.011770313701108037,65.303,41.5,47.8,67.033
Мурманская область,2018,9.309843822852702,0.7422768836020006,8.567566939250701,1.041834575709608,2.53357541569115,0.6671930946009541,9.60940151496031,13.47207896107455,92.98,14.08553852126868,14.06543757988433,2.030432576001107,88.97184610589743,0,39.7,42.0,60.05,0.0,0.0,0.0,0.02010094138434937,0.0,1.4629845967686022,0.2,0.2,13.49139371358441,14.040909289964551,0.03979363204139297,92.986,37.0,45.8,64.946
Новгородская область,2018,9.183245615802543,4.162320799475896,5.020924816326648,4.345614574907535,4.984456308118635,10.55982172945881,9.366539391234184,13.30527476021671,71.94,13.20347763910452,13.2109124050309,-0.7407196420778361,95.06018883770646,0,39.9,40.1,57.91,0.8689032648415422,1.0,1.0,-0.007434765926380038,8.689032648415422,7.851502783919419,1.0,0.1,13.316641027128764,13.146522818285362,0.03242789246234708,71.64500000000001,37.35,48.25,62.331999999999994
Псковская область,2018,21.39308107409753,13.47257371876694,7.920507355330593,7.889174304896272,4.950043289793415,9.655212199392512,15.80968166022686,13.3400858612487,70.62,12.79418601796517,12.76406382438022,3.058045658045638,95.01212251056963,0,42.1,45.1,59.69,0.6477278883364228,1.0,1.0,0.030122193584951162,6.477278883364228,8.057939850703216,1.0,0.1,13.355894012261155,12.758881013677406,0.013595769047086925,70.441,40.9,47.5,64.298
г. Санкт-Петербург,2018,1.886257429186131,0.0,1.886257429186131,0.1788379032294718,1.970415662998097,0.1913802151755444,2.065095332415603,15.52399511545948,100.0,14.17506466046437,14.15448323698953,2.079468150952701,92.47680067304842,0,32.7,39.7,58.77,0.8823537797771698,1.0,0.0,0.020581423474840932,8.823537797771698,9.314087418118442,1.0,0.2,15.49722681671185,14.15777414233609,0.02000782640407799,100.0,37.55,43.95,63.64200000000001
Ненецкий автономный округ,2018,0.4546224959724969,0.0,0.4546224959724969,0.8529498818011914,0.8631023173173821,5.239143823937022,1.307572377773688,10.6414885887297,72.73,16.17343295894879,16.24330018173404,-6.748237122027012,66.12571031539244,0,44.8,41.1,57.05,0.7054462150198652,1.0,1.0,-0.06986722278524837,7.054462150198652,2.8070767836081694,0.4,0.3,10.645855089516278,16.134450599373572,-0.0007417630986772394,72.111,38.55,50.45,61.279999999999994
Республика Калмыкия,2018,34.7257429413369,30.45992306485296,4.265819876483936,12.11315004456265,5.820162397411751,2.338835618652439,16.37896992104659,12.51762260033191,45.72,12.86874487050797,12.85835378193912,1.044526341227647,30.21315445326077,1,57.5,70.6,70.3,0.0,0.0,0.0,0.010391088568848517,0.0,1.475885844675597,0.2,0.1,12.528290997617901,12.84492623117244,0.006397844955817966,45.583,68.35,60.35,73.708
Краснодарский край,2018,6.506735329721147,3.482282404189343,3.024452925531805,2.832734085973464,4.553482387021677,2.262346679044787,5.857187011505269,15.56033406792202,55.78,13.19611386345404,13.19525521496973,0.08590172284501651,88.25308927432054,0,51.2,59.3,63.72,1.0,1.0,0.0,0.0008586484843089437,10.0,8.459223335820525,1.0,0.1,15.54067998324553,13.190794219767906,0.0070424677028171345,55.198,57.75,61.9,69.00899999999999
Астраханская область,2018,16.15461535969528,5.103595054981254,11.05102030471402,5.477454290372127,3.839427000089803,2.501857705551944,16.52847459508615,13.80973390518682,65.34,13.4223093559651,13.37305196147022,5.0490706469263,67.57391327159684,0,37.0,42.2,68.76,0.0,0.0,0.0,0.0492573944948802,0.0,2.6100094728212637,0.3,0.1,13.810541734377562,13.269590553481365,0.04760383200078096,65.529,51.2,46.5,71.21700000000001
Волгоградская область,2018,14.40906358458344,8.318685654140106,6.090377930443337,6.846255535193457,4.244735023807458,4.130438113294084,12.93663346563679,14.74908899265558,76.93,13.0009516564997,13.00106609635959,-0.01144333119068586,90.0076005020229,0,42.2,50.6,63.41,0.6612535286961143,1.0,0.0,-0.0001144398598906804,6.612535286961143,4.767324418191054,0.7,0.2,14.753148639200223,13.007406433970996,-0.0009375837079140581,76.74600000000001,43.05,47.1,67.652
Ростовская область,2018,10.47017377374486,7.749462831161029,2.720710942583829,4.168429177828643,3.942949291863478,1.761469631956754,6.889140120412472,15.25957936535939,67.99,13.03119616112499,13.00682052165464,2.467515403841092,90.34490047107509,0,48.2,58.8,62.66,0.7916674190778499,1.0,0.0,0.024375639470349597,7.916674190778499,8.404824658871652,1.0,0.0,15.260756375979733,12.950497172196648,0.027197563937771996,67.837,54.5,53.75,67.553
Республика Адыгея,2018,23.63613330770141,19.00404404563587,4.632089262065541,16.68384750401772,4.27507220909893,5.543357969930892,21.31593676608326,13.07017705280502,50.06,12.68417993769848,12.65884764457332,2.565588230336169,63.63961202296268,1,53.9,59.4,64.07,0.0,0.0,1.0,0.0253322931251585,0.0,3.5630262896737426,0.5,0.1,13.059570643995745,12.64504410493838,0.020816969755541946,50.262,60.2,59.9,69.2
Республика Дагестан,2018,56.95014013557497,53.67105465472015,3.279085480854814,7.533704046502584,6.778571672438484,1.902828335852468,10.8127895273574,14.9468420217986,45.23,12.43560763886693,12.43402409105965,0.1584802281193065,3.597043936705582,1,88.1,88.9,92.84,0.381703470031545,1.0,1.0,0.0015835478072805387,3.8170347003154497,2.734843020855516,0.5,0.3,14.933403593406263,12.396163307482151,0.01545040569252496,45.156,90.15,89.6,92.21600000000001
Кабардино-Балкарская Республика,2018,40.71178104535822,33.95000211825764,6.761778927100594,14.74496553509074,6.218826514857802,1.440434648499416,21.50674446219134,13.69936093755857,52.49,12.33361664928607,12.3273024721082,0.6334153617374216,22.52089964671727,1,90.1,77.7,77.64,0.6551730364782186,1.0,0.0,0.006314177177870306,6.551730364782186,5.4403455889367445,0.8,0.2,13.690886525080558,12.308210319625527,0.012181354804779864,52.86,79.8,94.25,82.362
Республика Северная Осетия - Алания,2018,34.12713613089519,31.32654445611599,2.800591674779196,13.80314406673563,5.394921571897108,5.98153117260768,16.60373574151483,13.45774930992512,63.6,12.48284579761848,12.49351545050482,-1.061293404267472,20.82180223463845,1,85.6,67.1,70.06,0.0,0.0,0.0,-0.01066965288633881,0.0,0.0,0.0,0.1,13.459118731636224,12.517267381598192,0.006880711986072896,63.608000000000004,67.5,85.7,73.495
Республика Ингушетия,2018,45.0310018466735,38.96269051161531,6.068311335058182,21.5727240788049,14.82996255278829,3.374005312435057,27.64103541386308,13.09007982640413,50.93,11.94755363652492,11.92540768579171,2.239299258855354,0.7848507929068043,1,81.4,72.4,91.91,0.636161318901842,1.0,0.0,0.02214595073321135,6.361613189018421,6.82859333063233,1.0,0.1,13.065479178316718,11.90951439178394,0.012066256805663932,48.587,81.7,83.9,89.288
Ставропольский край,2018,24.59532122410166,17.84940570014745,6.745915523954213,6.391671027816501,5.185089432842225,2.63345530636991,13.13758655177071,14.87406895981964,59.41,12.69803391896512,12.69230299122837,0.5747380918759372,80.89193187278804,0,42.1,54.3,64.47,0.7142863931529462,1.0,0.0,0.005730927736749436,7.142863931529462,5.893657974680566,0.8,0.2,14.867542618269079,12.68111512996347,0.01574851868743199,59.101,51.7,46.5,69.294
Карачаево-Черкесская Республика,2018,39.46912695662927,37.90412108606412,1.565005870565155,28.04481357718004,4.8628282191655,1.630256894595193,29.6098194477452,13.06023687833465,41.69,12.31342242916192,12.3342616689955,-2.062360337276192,31.62682350957079,1,93.3,81.7,91.36,0.0,0.0,0.0,-0.020839239833581047,0.0,5.409677154771676,0.6,0.1,13.061394703752617,12.320611363457397,0.004807182182550029,41.968,85.75,93.25,90.244
Республика Башкортостан,2018,10.97300114114639,8.107627206569324,2.865373934577067,3.057084971074483,4.353438514211456,1.376691396988154,5.92245890565155,15.23146323093757,61.56,13.11399800681624,13.08240906155433,3.209317131062206,36.05048909105547,1,69.8,56.4,75.28,0.7270415073163926,1.0,0.0,0.031588945261910695,7.270415073163926,7.450630017873901,1.0,0.1,15.22755518188148,13.08045975577841,0.009329076720191943,61.440999999999995,63.45,74.55,76.003
Республика Марий Эл,2018,27.43204074058773,22.64635437783361,4.785686362754125,7.090490465758411,5.141580659456278,2.386029154925102,11.87617682851254,13.43672438109172,66.76,12.72544980611759,12.70020576128178,2.556537391995195,47.40038953391814,1,53.4,46.7,59.98,0.6934313159805964,1.0,1.0,0.025244044835810442,6.9343131598059635,5.626577630900743,0.8,0.1,13.439098279595418,12.678866506020535,0.01923977640964498,66.176,49.45,62.35,64.18299999999999
Республика Мордовия,2018,12.37981832388849,7.531579542352953,4.848238781535539,10.5652883449635,4.010694296136306,7.50048835653609,15.41352712649904,13.60179368557,62.86,12.79474270198715,12.78793930404711,0.6826593625127941,53.35929928018452,1,83.0,84.4,87.06,0.0,0.0,0.0,0.0068033979400397016,0.0,0.680851615405779,0.1,0.2,13.602410763003665,12.723619405439708,0.02969477876152098,62.263999999999996,88.0,88.6,86.547
Республика Татарстан,2018,2.351937951913204,0.0,2.351937951913204,2.764909629884709,2.418368015441583,7.685133400531403,5.116847581797913,15.19537806100381,76.79,13.67024440964139,13.65292390141701,1.747137801541143,39.71417582522228,1,78.8,85.3,82.7,0.6818188298278127,1.0,0.0,0.017320508224379694,6.818188298278127,7.09860463667785,1.0,0.0,15.184503930198208,13.640173051577909,0.012615270710136173,76.46900000000001,81.55,79.15,82.51700000000001
Удмуртская Республика,2018,13.07378892655588,4.96290227418902,8.110886652366865,4.552514946505151,4.464080828895512,2.923193792811973,12.66340159887202,14.21138448405094,65.4,13.28878877895982,13.26363260240504,2.547526321245064,62.2204206534331,1,44.5,50.5,65.75,0.6477278883364228,1.0,1.0,0.025156176554778753,6.477278883364228,2.630665096225134,0.4,0.2,14.214643371335915,13.247385497285697,0.013070305571228147,65.38,47.8,50.55,68.894
Чувашская Республика,2018,22.35895022955316,19.95178058281189,2.407169646741271,8.172037432228521,3.841615217560598,4.035022209752248,10.57920707896979,14.01194374239038,62.62,12.66826407414948,12.64259889327803,2.599736741344261,26.86003905114038,1,59.4,50.9,62.32,0.0,0.0,0.0,0.025665180871449422,0.0,1.3548450698119257,0.2,0.1,14.015324518032207,12.646276986344116,0.013769500076335105,61.742999999999995,47.15,60.55,66.811
Нижегородская область,2018,5.532862712834205,2.433872362906354,3.098990349927851,2.882802261934483,3.508869996445065,4.3083071037681,5.981792611862334,14.97890540049155,79.56,13.25747121542708,13.23055279148944,2.728399756184485,95.14764485436845,0,44.5,58.1,63.9,0.6834538869736835,1.0,1.0,0.02691842393763899,6.834538869736835,2.7441486780386897,0.4,0.1,14.984951678226073,13.206367438444673,0.02261661197393696,79.491,51.35,51.7,67.911
Кировская область,2018,22.4965549869627,19.259847539818,3.236707447144703,5.228981310288756,5.652732892170928,5.640555407765526,8.465688757433458,14.01334696790397,76.58,12.81933450942384,12.78569912037888,3.420745460766361,91.87916003881362,0,41.9,38.0,57.93,0.0,0.0,0.0,0.03363538904496011,0.0,0.0,0.0,0.1,14.029697272316138,12.76742057799933,0.028272655468727058,76.095,36.45,47.95,61.674
Самарская область,2018,1.508328513868863,0.0,1.508328513868863,2.988592257679011,3.634155870432278,3.244159961013451,4.496920771547874,14.98194939378301,79.86,13.41336290271734,13.40907631679764,0.4295786470745133,85.55174732465221,0,52.9,50.8,58.56,0.685096804971215,1.0,1.0,0.004286585919700769,6.850968049712149,3.4717206169145696,0.5,0.2,14.982020275793763,13.407048298633658,0.008391063280375022,80.023,45.1,52.95,63.738
Оренбургская область,2018,7.449483414684245,4.378396666571778,3.071086748112467,3.952657516080946,4.882994249349882,2.904309167852084,7.023744264193413,14.46792532332495,59.37,13.47511571366505,13.43838615923407,3.741241930410388,75.8767376585608,0,41.7,40.9,56.89,0.0,0.0,0.0,0.036729554430978695,0.0,1.3925682445400103,0.2,0.1,14.479405621805432,13.445290379354741,0.014717893964836115,59.587,37.9,46.45,61.714
Пензенская область,2018,24.53333198997481,11.93857558150242,12.59475640847239,5.97160215984996,4.89925120138687,3.258066071784301,18.56635856832235,14.08982011556525,68.3,12.84633102218404,12.80492583991703,4.227433107685941,86.8020996304275,0,60.6,64.3,64.27,0.0,0.0,0.0,0.0414051822670114,0.0,3.0619303429635636,0.4,0.1,14.098366359591276,12.77826841145454,0.0366029386578429,68.19500000000001,60.3,62.75,68.98299999999999
Пермский край,2018,4.666895991684402,1.714190478517143,2.952705513167259,2.4037605594604,4.179138200571807,1.951361792562558,5.356466072627659,14.76979317136422,75.8,13.41560832990671,13.40251929703598,1.31750692292496,87.10855422941499,0,35.2,42.7,62.94,0.7579794437979396,1.0,1.0,0.013089032870730932,7.579794437979396,6.647569093528406,0.9,0.3,14.771588788703472,13.398245824194627,0.008567070829177048,75.654,39.5,41.65,66.663
Саратовская область,2018,13.53345351614194,9.051647401828635,4.481806114313304,5.281224322502635,3.843000138058181,5.277749867855165,9.763030436815939,14.73126554635351,76.44,12.87573338418482,12.85371563493771,2.226192868900578,87.55403917112397,0,64.5,68.2,70.64,0.6477278883364228,1.0,0.0,0.022017749247108753,6.477278883364228,6.759308607098035,1.0,0.1,14.731359477747286,12.836899884145712,0.020306786101254026,75.899,66.55,65.9,72.947
Ульяновская область,2018,10.26310879689058,5.839936897073313,4.423171899817266,4.505798172580668,4.797089987192858,2.142898416733844,8.928970072397934,14.02577877677582,75.7,12.88574064914454,12.87601263626032,0.9775483809275176,73.57869033536369,0,52.4,48.5,58.18,0.0,0.0,0.0,0.009728012884218984,0.0,0.0,0.0,0.0,14.032296613279021,12.85601346373942,0.01776994554110196,75.241,46.05,56.4,63.00699999999999
Курганская область,2018,40.96635007680231,32.18694239238108,8.779407684421242,5.618486295584857,5.159781785049869,1.224986578214223,14.3978939800061,13.61396336738137,62.91,12.71429507711291,12.68693566357937,2.773711902038589,92.47095274980636,0,41.8,41.5,63.39,0.0,0.0,0.0,0.027359413533540433,0.0,2.1201965542942296,0.3,0.2,13.633687543490748,12.673840486292647,0.01188896439970204,62.435,42.95,49.15,66.363
Свердловская область,2018,2.738811747391324,0.0,2.738811747391324,2.292762930140786,3.328285884161051,1.487944893423527,5.03157467753211,15.27876572873878,85.27,13.45794074801218,13.43361085936705,2.462827537691559,90.6531957904619,0,41.5,40.5,64.5,0.9134624066282866,1.0,0.0,0.024329888645130637,9.134624066282866,9.156499373804538,1.0,0.1,15.277535141773035,13.418360170253417,0.01509034847636297,84.94300000000001,36.6,46.35,67.53
Тюменская область,2018,0.9547165213488118,0.0,0.9547165213488118,0.5032019267394139,1.625539135397009,1.048599898752652,1.457918448088226,14.24940891602374,66.07,13.89228328474049,13.8272395978874,6.720564622209291,73.31976912372754,0,81.1,58.4,73.1,0.685096804971215,1.0,0.0,0.06504368685308926,6.850968049712149,7.07239478992211,1.0,0.1,14.218849082364192,13.851065183654274,-0.010386970251895989,64.976,60.3,78.65,75.095
Челябинская область,2018,8.531795911460563,4.501694262742387,4.030101648718176,2.513049369256358,4.058535856675743,1.497737125353956,6.543151017974534,15.06436790945715,82.68,13.2277275158208,13.21405215569869,1.376929557127982,83.79738904074622,0,44.4,38.2,65.02,0.0,0.0,0.0,0.013675360122109126,0.0,1.4601981898440337,0.2,0.2,15.063058138389987,13.21378815960539,0.013439296059669027,82.533,44.25,52.05,67.414
Ханты-Мансийский автономный округ - Югра,2018,1.377026705217965,0.0,1.377026705217965,0.3229569067253707,1.406670532837516,1.364050788271899,1.699983611943336,14.32674729721071,91.93,15.07280837779648,15.06683747614091,0.5988763020645882,68.10534890794732,0,39.3,47.6,66.41,0.7037043725136435,1.0,0.0,0.005970901655571126,7.037043725136435,7.309642049936467,1.0,0.0,14.312446241182107,15.101363631381437,-0.018493822206228926,91.899,44.3,47.1,69.356
Ямало-Ненецкий автономный округ,2018,2.458515272210863,0.0,2.458515272210863,0.03732516384616139,0.5988088238347536,1.338397298166855,2.495840436057025,13.14403288843911,84.7,15.82513206057714,15.68359657751029,15.20413814969284,61.73862802169426,0,74.4,67.1,84.58,0.6089749377521911,1.0,0.0,0.14153548306684982,6.089749377521912,6.287617879029826,1.0,0.1,13.15681205450636,15.626406435148212,0.050444200389276085,84.786,69.4,78.3,84.86800000000001
Республика Тыва,2018,65.15330660275951,56.51372807158038,8.639578531179136,6.900038900067656,6.265138886064777,2.456031439645302,15.53961743124679,12.69279818112852,54.47,12.58642889956918,12.59641727709628,-0.9938659356599322,16.26883698581899,1,90.1,82.6,90.0,0.6627913276000599,1.0,0.0,-0.009988377527101022,6.627913276000599,6.909227620251606,1.0,0.0,12.68017391648718,12.577339800353524,-0.0029048978322650854,54.451,83.95,88.1,90.59400000000001
Алтайский край,2018,32.82098303434977,26.5896320548021,6.231350979547672,5.972273980557809,5.126632406464517,2.620311641383486,12.20362496010548,14.63259468883473,57.06,12.80875675813073,12.77720526096713,3.20545221077535,93.92766264596298,0,40.8,35.2,57.35,0.9223309736829312,1.0,0.0,0.03155149716360128,9.22330973682931,8.48098297281967,1.0,0.1,14.644949049966584,12.76249114852617,0.02413049000470995,56.720000000000006,36.2,46.65,59.543000000000006
Красноярский край,2018,5.683794108316912,1.342375484963115,4.341418623353796,4.351196527807661,3.29973099479194,2.755329740703808,8.692615151161458,14.87333557373155,78.65,13.9581426128305,13.92568201970792,3.299318530606565,91.31694705096045,0,36.7,40.4,60.16,0.7307699253026302,1.0,1.0,0.032460593122578985,7.307699253026302,5.471818442093575,0.7,0.2,14.868241774506672,13.90333664054648,0.008165780660617017,78.179,38.55,43.2,64.396
Иркутская область,2018,7.31099334211576,3.583426118591586,3.727567223524174,3.303033665960871,3.910829780257349,1.103084859603475,7.030600889485045,14.69318103637314,78.21,13.57353955507012,13.54677034867515,2.713072020421659,91.40701771588505,0,34.7,39.8,55.45,0.0,0.0,0.0,0.02676920639497027,0.0,2.3390715803622264,0.3,0.4,14.693891829081224,13.49487285365654,0.030863608300009913,78.506,37.35,40.9,60.733000000000004
Кемеровская область - Кузбасс,2018,8.795569693789366,4.280817336533993,4.514752357255372,2.75203085541902,3.422953925234956,3.420386202600897,7.266783212674392,14.79988564208006,86.3,13.39832552058954,13.37267138785598,2.59860321156713,93.69873923071353,0,86.8,77.3,77.19,0.3555554539682815,1.0,0.0,0.025654132733558654,3.5555545396828148,5.203967124119177,0.8,0.1,14.804856835034371,13.38397253710104,0.0025126278093269504,86.069,70.75,78.1,79.659
Новосибирская область,2018,7.175005467628948,3.772117877673388,3.402887589955559,3.331182650970582,3.322849021913143,2.601090780303655,6.73407024092614,14.8461187718391,79.3,13.18512256283167,13.15278665719526,3.286439201218784,93.10494236245461,0,34.9,38.3,56.34,0.7054462150198652,1.0,1.0,0.03233590563641009,7.054462150198652,2.8851626163274022,0.4,0.2,14.835074168230875,13.140787756219154,0.019580606761437025,78.91,36.05,45.85,60.75600000000001
Омская область,2018,20.14726455944967,7.486298896038755,12.66096566341091,4.132296674534077,4.531086905253379,1.979533664454659,16.79326233794499,14.47448028672263,73.05,12.90667335006462,12.89803783392616,0.8672909768212111,85.83181391841353,0,38.7,36.3,55.55,0.6951226118732338,1.0,1.0,0.00863551613845992,6.951226118732338,7.238630859576507,1.0,0.2,14.477233397522411,12.891849038465546,0.013851675733471857,72.69800000000001,37.95,47.2,59.077999999999996
Томская область,2018,10.83649417484543,6.688529725864948,4.147964448980483,2.856199633752476,4.164188158856132,2.528535752018144,7.004164082732959,13.88697597020149,71.91,13.45814874460209,13.44704274442084,1.116790074491614,92.05339702188196,0,33.9,40.7,57.07,0.6834538869736835,1.0,0.0,0.011106000181250408,6.834538869736835,7.181908666166396,1.0,0.1,13.883383049493252,13.440413736671497,0.0020421963197739144,71.572,39.1,42.2,61.318000000000005
Республика Алтай,2018,57.48463353791256,52.2380750416466,5.246558496265962,12.91246567027067,5.636857989269227,1.778452157809576,18.15902416653663,12.25970345579755,30.36,12.67158890978209,12.62933610014788,4.315816585236409,56.62635151132507,1,45.1,48.8,66.87,0.0,0.0,0.0,0.042252809634209854,0.0,2.355787000566351,0.3,0.1,12.25551773039436,12.631323468657445,0.02108814976007505,30.145999999999997,51.05,54.35,67.995
Республика Хакасия,2018,19.35631856824913,8.914976582947187,10.44134198530194,6.057865330653284,3.816753205711203,1.045510301262489,16.49920731595522,13.19954106173829,68.44,13.23069767864638,13.20851229450867,2.243330981990943,81.656591192903,1,39.4,38.1,58.4,0.7270415073163926,1.0,0.0,0.022185384137708652,7.270415073163926,5.3604922594408,0.7,0.1,13.194250190951431,13.20431037255266,0.017542535983104023,68.139,39.1,47.8,61.628
Республика Бурятия,2018,38.11243839834363,32.08973963254306,6.022698765800568,7.180554374631619,5.528334972436523,3.290867526071439,13.20325314043219,13.7957291904421,59.18,12.71769093617594,12.67359670425618,4.508083022154974,66.05043759070661,1,40.5,43.3,66.2,0.7002463657691049,1.0,1.0,0.04409423191975925,7.002463657691049,6.674006840534031,1.0,0.1,13.79338927924395,12.748006162640538,0.0026454229679838902,59.162,46.15,48.7,68.456
Республика Саха (Якутия),2018,22.06255559802383,20.05384654121842,2.008709056805416,1.584375370129493,1.966477578382699,2.119954036278506,3.593084426934909,13.78477502364503,65.8,14.27040244127952,14.23480056582853,3.624321049527079,37.83701950647506,0,48.1,46.4,69.46,0.0,0.0,0.0,0.035601875450989695,0.0,2.1237409083227794,0.3,0.1,13.783010412041786,14.202154809336957,0.02271373016148992,65.633,47.8,54.1,67.93599999999999
Приморский край,2018,14.13819808794409,7.311982778329498,6.826215309614596,4.818269582264068,3.210616466434279,4.171546938572787,11.64448489187866,14.45333528533544,77.89,13.37761988270467,13.35341196405161,2.450330909552112,92.51599441368536,0,37.4,39.0,57.31,0.7054462150198652,1.0,0.0,0.024207918653059934,7.054462150198652,7.58437064059278,1.0,0.2,14.459640510954193,13.37265391260488,0.007975210240877929,77.601,36.0,43.05,59.69500000000001
Хабаровский край,2018,9.614478355535358,6.671054208813448,2.943424146721909,4.752851820456669,3.434466637432085,9.469169618334874,7.696275967178579,14.09324531955833,83.09,13.51524866350309,13.4927157140995,2.278873388802349,91.81126152303911,0,36.9,37.3,56.15,0.0,0.0,0.0,0.022532949403590408,0.0,0.0,0.0,0.2,14.09581107317058,13.498208701900916,0.00944420509220798,82.83,37.7,45.05,59.039
Амурская область,2018,11.37893487439443,6.714027244955744,4.664907629438689,3.618403940478119,5.883768245230966,4.965839272670864,8.283311569916808,13.5793539529458,67.6,13.23244184151563,13.21311304790069,1.951680413141399,94.32830956041175,0,42.5,37.9,62.84,0.6934313159805964,1.0,0.0,0.019328793614940665,6.9343131598059635,7.597476443923663,1.0,0.2,13.586747980047912,13.261594561190638,0.018746484191135872,67.55499999999999,40.7,48.25,64.1
Камчатский край,2018,55.27415081619029,51.45710837877877,3.81704243741153,2.385777513652035,1.426417132011582,3.851094205602142,6.202819951063566,12.61557293466705,77.82,13.89982649265408,13.83082433874232,7.143851692988035,85.9228898450654,0,39.5,46.7,59.84,0.0,0.0,0.0,0.0690021539117609,0.0,1.9764007725271735,0.3,0.2,12.62727145068204,13.801110656901812,0.030757298557166024,77.689,46.0,46.55,62.720000000000006
Магаданская область,2018,21.51297832047791,15.00043672758322,6.512541592894687,1.500814334418973,1.991187956757062,1.865145269128196,8.01335592731366,11.85939753616977,96.22,14.47399280488319,14.42903453619711,4.598420870253928,84.13189010035116,0,40.6,44.7,56.25,0.0,0.0,0.0,0.04495826868608077,0.0,2.0568589167803495,0.3,0.2,11.879134134929277,14.37913340631017,0.048625039535500035,96.053,42.85,46.6,61.065
Сахалинская область,2018,0.9694480395132272,0.0,0.9694480395132272,0.4285013868244499,1.007544124837246,11.49835640964681,1.397949426337677,13.07586279015213,81.99,14.81012007948177,14.74396784103559,6.838935472110852,86.46405226000026,0,37.1,45.4,56.3,0.785124713135057,1.0,0.0,0.06615223844618079,7.85124713135057,4.596819886461441,0.6,0.2,13.07874068277152,14.774164130342658,0.005006101852764111,81.62100000000001,43.65,43.1,59.486000000000004
Еврейская автономная область,2018,25.96424783157054,19.09182283176932,6.872424999801223,2.820556148020845,6.690930026457746,5.49401598741378,9.692981147822067,11.96957152782275,70.62,13.09448088716316,13.07387583485806,2.081880197875541,92.7393675532346,0,39.6,45.0,61.59,0.0,0.0,0.0,0.020605052305100457,0.0,1.3609917500399296,0.2,0.2,11.992814610304743,13.05142859923661,0.005815462641654001,69.852,46.55,45.85,63.357000000000006
Чукотский автономный округ,2018,29.38844831172518,28.54026620843785,0.8481821032873239,3.946213471751695,0.8524451565387862,13.52455506302249,4.794395575039019,10.77991416431514,68.46,14.77299308788804,14.73013481474622,4.378995129667373,52.49183348689171,0,64.5,58.8,72.64,0.6551730364782186,1.0,0.0,0.042858273141819225,6.551730364782186,6.804508789301023,1.0,0.0,10.798123244199113,14.708184506899169,0.031235427564129024,67.761,64.55,71.8,75.541
Забайкальский край,2018,32.46611626091818,19.96594868963024,12.50016757128795,3.431842101629611,6.265614787315328,1.801528096345804,15.93200967291756,13.85524844505237,68.36,12.99501857754934,12.97406967534167,2.116987077838606,89.90678173459195,0,38.9,39.9,65.69,0.0,0.0,0.0,0.020948902207669207,0.0,2.1115633114582004,0.3,0.3,13.866564971078045,12.974359006659611,0.019566395341172084,67.95700000000001,41.6,46.25,67.592
Белгородская область,2019,3.073955421997356,2.011822471294299,1.062132950703058,8.638438652972663,3.978074516795859,7.46099884031204,9.700571603675721,14.25500343200499,65.6,13.65486238403946,13.63506620039515,1.999342749626232,94.36612621715348,0,62.2,54.7,79.71,0.587063988334996,1.0,0.0,0.019796183644309906,5.870639883349959,6.258075849451342,1.0,0.1,14.252721865917223,13.553597196052564,0.028085594452510066,65.83500000000001,52.95,68.85,65.423
Брянская область,2019,21.30098477786936,18.55643415933011,2.744550618539253,9.744436977131004,7.38121835423034,16.16467019778608,12.48898759567026,13.99213256983291,69.63,12.87717737248649,12.84651498075564,3.113732462830443,96.70319132613922,0,55.1,63.9,81.6,0.7678949782342794,1.0,0.0,0.030662391730849947,7.678949782342794,5.557272194605841,0.7,0.1,14.01017982111388,12.761148914465238,0.03458679688419597,69.51,57.0,57.5,69.294
Владимирская область,2019,11.56551328598178,8.646081382443247,2.919431903538533,6.830099332608206,5.507658532277358,3.730090561162203,9.749531236146739,14.13511417316717,77.82,13.06231631459304,12.99431509369791,7.036661528336152,95.58201060163185,0,38.4,45.2,73.65,0.0,0.0,1.0,0.06800122089513039,0.0,4.579569635101675,0.7,0.2,14.148317042139514,12.981501158236167,0.028902071409907925,77.69,41.4,43.5,59.538
Воронежская область,2019,8.24889076029335,6.227020536832233,2.021870223461116,8.38836256539102,4.238859135769855,7.395330549330792,10.41023278885214,14.66457414425385,68.19,13.19561543100038,13.18124398161238,1.447521515903816,95.50289463735784,0,53.8,59.1,78.88,0.7484134988710417,1.0,0.0,0.014371449388001167,7.484134988710417,8.947648293289495,1.0,0.1,14.66311066675936,13.110858337994335,0.02729048016193012,67.483,54.55,59.05,66.602
Ивановская область,2019,28.19511779178858,26.70883167965372,1.48628611213486,5.843361054722894,5.635005269915055,9.267214442188253,7.329647166857754,13.77412486292807,81.69,12.64877525970233,12.61013495480325,3.939655055609448,95.57495314218058,0,38.5,42.4,71.37,0.9999988275875807,1.0,0.0,0.038640304899079325,9.999988275875808,6.5690167994383755,0.9,0.2,13.805708923317388,12.617724326485558,0.0073315337883800066,81.444,41.25,45.85,64.706
Тверская область,2019,9.558746602038358,6.57499269167353,2.983753910364827,6.207577791378534,4.879138455515484,5.497246362365805,9.191331701743362,14.0480419057012,76.08,13.01628282737421,13.02284950609418,-0.6545165201816361,93.45164623819502,0,41.6,45.0,74.55,0.7239255316278195,1.0,0.0,-0.006566678719970298,7.239255316278195,5.305831705064431,0.8,0.2,14.06973721325139,12.960396311643638,0.011981358425233068,75.59299999999999,41.7,47.55,62.979
Калужская область,2019,,0.0,0.0,6.427685925825802,3.786473746787486,11.2462532508146,6.427685925825802,13.86694579227788,75.33,13.30608535886407,13.28413266969679,2.219542240978889,93.0800802880774,0,43.1,45.7,76.16,0.5959588972491644,1.0,0.0,0.021952689167280326,5.959588972491644,6.4246208961410645,1.0,0.1,13.85554041843769,13.249145898689758,0.01749197480236795,75.735,43.05,50.35,64.162
Костромская область,2019,21.09519320480869,9.846434244160534,11.24875896064816,9.76697312417845,4.772676081566921,7.496963406224117,21.01573208482661,13.30770536809178,72.82,12.91496301071101,12.88543502188392,2.996826267208363,96.59759640453902,0,39.4,36.6,68.71,0.7712409258518598,1.0,0.0,0.029527988827089402,7.712409258518598,8.072859485517743,1.0,0.1,13.339556055879871,12.851212249900556,0.019911432202010103,71.98400000000001,33.65,48.35,57.559000000000005
Курская область,2019,9.114021812201333,6.234023922218153,2.87999788998318,7.230547484940359,4.74590959711431,8.59900951649666,10.11054537492354,13.91209537961287,68.11,13.26847811807251,13.23630856238732,3.269258936102415,96.48180915317877,0,47.0,51.7,81.01,0.8408541210593914,1.0,1.0,0.03216955568518998,8.408541210593913,8.290882112478176,1.0,0.1,13.919282964584486,13.145400230172722,0.039278141499276845,67.375,48.7,50.85,66.61800000000001
Липецкая область,2019,4.161850726725993,1.345259756340761,2.816590970385231,6.170014547279253,4.105075128746205,9.236831428907614,8.986605517664485,13.96465099316564,63.43,13.43578743278626,13.45133086901525,-1.542326047779352,96.26322297018821,0,52.6,56.2,80.83,0.6820801251753446,1.0,1.0,-0.015543436228989904,6.820801251753446,2.0568206848455426,0.3,0.1,13.96618993541692,13.392307693976097,0.023520154098316048,63.512,48.15,54.75,66.949
Московская область,2019,0.04141828714885985,0.0,0.04141828714885985,2.44555266986058,2.52544352258822,7.03546739799859,2.48697095700944,15.93213130726541,79.09,13.51858477813171,13.47571467033207,4.380230426668241,92.91775841693203,0,38.2,46.0,74.49,0.7955046853168614,1.0,0.0,0.04287010779964007,7.955046853168613,7.023968238094758,0.9,0.1,15.885742041004724,13.471572415288097,0.015701077232158946,79.455,39.4,44.6,62.141999999999996
Орловская область,2019,20.64528662452734,15.50007919207402,5.145207432453317,8.436262486863876,6.525750357507995,7.257564293433755,13.58146991931719,13.5053647205282,66.78,13.02193150263984,12.98448131188328,3.816028581558362,96.04297520231538,0,53.6,47.9,76.77,0.7079991699320076,1.0,0.0,0.037450190756558754,7.079991699320076,3.830051924606397,0.6,0.2,13.52696250430007,12.959555213680265,0.02072357290982385,66.462,43.45,59.15,60.019000000000005
Рязанская область,2019,9.322420261736692,6.662953876410804,2.659466385325886,9.895113747954252,5.686762180195139,7.158300568993929,12.55458013328014,13.93044777032629,71.57,13.04266732003018,13.02525596565548,1.756381557189668,95.11195291262811,0,43.3,54.5,76.34,0.5949572856571478,1.0,0.0,0.017411354374699428,5.949572856571478,4.456927781319715,0.7,0.1,13.938522044765856,13.013257137578137,0.016012176634652063,71.239,47.15,48.0,64.72
Смоленская область,2019,11.00454142694995,7.08004215511292,3.924499271837024,6.451719852866518,4.626524000498923,5.642025473481019,10.37621912470354,13.73317948397662,72.29,13.01240124099784,13.00237960365281,1.007202212457114,94.66093975086856,0,40.4,48.1,73.49,0.0,0.0,0.0,0.010021637345028367,0.0,0.0,0.0,0.1,13.75185863536998,12.952967034060379,0.023782608667671033,72.503,42.15,45.0,61.73
Тамбовская область,2019,24.40448331889021,18.76580979007263,5.638673528817576,10.97706973562203,5.592384293515187,7.06454792955324,16.6157432644396,13.82604685571916,60.12,12.98578831709941,12.99569411466132,-0.9856896749627864,96.98967348305317,0,49.3,63.5,81.81,0.0,0.0,0.0,-0.009905797561911456,0.0,0.0,0.0,0.1,13.851756469223428,12.895621793221153,0.03668518441231594,59.628,65.1,58.8,74.775
Тульская область,2019,3.940060205832024,1.347952910905998,2.592107294926026,5.221115308007594,6.707583979212975,4.118221502011404,7.81322260293362,14.23577823217136,74.73,13.19092504622949,13.18536479686889,0.5575736237403595,95.30925002623609,0,45.6,53.0,79.2,0.9340358442374751,1.0,0.0,0.005560249360598846,9.34035844237475,8.399521489189901,1.0,0.2,14.24050427557213,13.069838428029508,0.04070484021754996,75.926,57.15,59.2,71.199
Ярославская область,2019,2.223757673534927,1.144302206793114,1.079455466741813,5.005715128192781,4.328339738530476,5.291925310685333,6.085170594934594,14.0303936857273,81.45,13.18911749586309,13.18157905287716,0.756692858128072,95.96558891889833,0,37.8,38.4,71.84,0.8962014809265902,1.0,0.0,0.007538442985930871,8.962014809265902,5.257900789212982,0.6,0.2,14.039261888917235,13.116074009342586,0.025374938754583985,81.66900000000001,33.7,46.85,59.723
г. Москва,2019,,0.0,0.0,0.01283182676382098,1.264964269426333,0.2138515154265467,0.01283182676382098,16.37174148162963,100.0,14.35674261776347,14.35688224508199,-0.0139617571080719,91.65044468473364,0,35.3,37.8,70.87,0.9833321804611199,1.0,0.0,-0.00013962731852146248,9.833321804611199,9.757022611351823,1.0,0.0,16.338118114759993,14.357745724283001,0.006782166732758022,100.0,42.2,48.5,54.126
Республика Карелия,2019,25.456815427754,15.82792519798412,9.628890229769873,8.27209513474562,5.470241619544977,6.508665334031296,17.90098536451549,13.22684590774582,79.11,13.56965414985811,13.54780027578608,2.209441906216925,82.18881340785018,1,39.6,37.3,73.04,0.7814560374525458,1.0,0.0,0.0218538740720291,7.814560374525458,6.592661288576157,0.9,0.2,13.27598030606928,13.484420656046058,0.025210717604336,78.965,34.8,44.95,60.678
Республика Коми,2019,2.040014635357205,0.3992406493531385,1.640773986004066,2.652494452736441,3.311942553159566,2.09070619677892,4.293268438740507,13.55577433716289,77.56,13.97822377735482,13.94846924850018,3.020161814185984,65.07796414152824,1,40.8,37.8,71.44,0.6982240334635172,1.0,0.0,0.029754528854640583,6.982240334635172,4.22213048271865,0.6,0.2,13.602233948025196,13.96424227136382,0.0006625953060579448,77.464,48.3,56.7,66.946
Архангельская область,2019,11.84150617849748,9.815612457222903,2.025893721274572,5.69519565059112,4.144264536780138,6.852909597582414,7.721089371865691,13.83718594036333,77.39,13.3749132052934,13.35184359994242,2.333776685272304,95.58024333912395,0,36.6,44.5,75.27,0.6833968821737503,1.0,0.0,0.023069605350979572,6.8339688217375025,7.068758662357756,1.0,0.1,13.879810975329358,13.259508408329705,0.03269411072146813,77.051,38.2,43.3,63.160000000000004
Вологодская область,2019,5.081585848211864,2.772786846912531,2.308799001299333,6.344393294101673,4.061206640686096,7.746139694260298,8.653192295401006,13.96673610662087,72.38,13.68103198243468,13.68100911762476,0.00228650713209877,97.26601120869842,0,40.9,37.2,72.41,0.5654945446741275,1.0,0.0,2.286480992097495e-05,5.654945446741275,5.559465151077335,1.0,0.1,13.978454104032071,13.637740710257905,0.01258994856479596,71.975,35.3,48.6,63.330999999999996
Калининградская область,2019,3.373445093266882,2.132242478809699,1.241202614457183,8.458734203517656,1.829316843892749,51.11636314329407,9.699936817974839,13.82534603073636,76.92,13.33742657819194,13.33089082576858,0.6557157059622787,86.42750701458407,0,44.1,43.4,76.35,0.6927584832994201,1.0,0.0,0.006535752423358687,6.927584832994201,3.517805176669593,0.5,0.1,13.803348201913462,13.295133041532399,0.01816559597245391,76.973,40.25,49.35,59.69
Ленинградская область,2019,1.021164684684635,0.0,1.021164684684635,2.854739353811522,2.825231881134301,2.037342805608914,3.875904038496157,14.47418171152436,65.02,13.4844970363743,13.47769341905374,0.6826814503294809,92.7461159300702,0,44.1,50.0,79.01,0.719511351556917,1.0,0.0,0.006803617320560562,7.195113515569171,7.335358655821446,1.0,0.1,14.436191328474141,13.442904586800628,0.011770313701108037,65.303,41.5,47.8,67.033
Мурманская область,2019,7.340072682479133,0.03835749050042423,7.301715191978708,2.909096508701457,2.351512840299504,3.174266738374395,10.21081170068016,13.45611334057066,92.99,14.15124623366738,14.08553852126868,6.791453336713937,88.97184610589743,0,39.7,42.0,76.37,0.0,0.0,0.0,0.06570771239869977,0.0,1.4629845967686022,0.2,0.2,13.49139371358441,14.040909289964551,0.03979363204139297,92.986,37.0,45.8,64.946
Новгородская область,2019,10.3478319508867,4.197724941146043,6.150107009740656,6.951692278876415,5.584576749245524,10.65376239048006,13.10179928861707,13.29620743486276,72.32,13.23430645623998,13.20347763910452,3.130894635548453,95.06018883770646,0,39.9,40.1,72.65,0.8655246576185911,1.0,0.0,0.030828817135459374,8.655246576185911,7.851502783919419,1.0,0.1,13.316641027128764,13.146522818285362,0.03242789246234708,71.64500000000001,37.35,48.25,62.331999999999994
Псковская область,2019,19.35814943728153,13.67275383620639,5.685395601075142,9.126865060610521,5.448856396185632,13.92395650582086,14.81226066168566,13.32934502593466,70.71,12.83156878422564,12.79418601796517,3.809029074116244,95.01212251056963,0,42.1,45.1,75.05,0.6567710296215281,1.0,0.0,0.037382766260469324,6.567710296215282,8.057939850703216,1.0,0.1,13.355894012261155,12.758881013677406,0.013595769047086925,70.441,40.9,47.5,64.298
г. Санкт-Петербург,2019,0.2353755664679285,0.0,0.2353755664679285,0.2297913283386055,1.96729827300685,2.067161005058522,0.465166894806534,15.53174946806365,100.0,14.18515022598853,14.17506466046437,1.013659625376828,92.47680067304842,0,32.7,39.7,75.01,0.9567556350432515,1.0,1.0,0.010085565524159179,9.567556350432515,9.314087418118442,1.0,0.2,15.49722681671185,14.15777414233609,0.02000782640407799,100.0,37.55,43.95,63.64200000000001
Ненецкий автономный округ,2019,1.455098094096885,0.0,1.455098094096885,2.612515077681672,0.9932876457816693,10.34796000714174,4.067613171778557,10.63614386619079,73.14,16.17476966009017,16.17343295894879,0.1337594924540886,66.12571031539244,0,44.8,41.1,71.15,0.7151506766989953,1.0,0.0,0.001336701141379848,7.151506766989954,2.8070767836081694,0.4,0.3,10.645855089516278,16.134450599373572,-0.0007417630986772394,72.111,38.55,50.45,61.279999999999994
Республика Калмыкия,2019,33.31362874961898,25.12797337194321,8.185655377675765,18.91923992783942,5.752853359159099,6.999377035955454,27.10489530551519,12.50963790960949,45.99,12.87272153983286,12.86874487050797,0.3984586765877873,30.21315445326077,1,57.5,70.6,81.66,0.0,0.0,0.0,0.003976669324890381,0.0,1.475885844675597,0.2,0.1,12.528290997617901,12.84492623117244,0.006397844955817966,45.583,68.35,60.35,73.708
Краснодарский край,2019,4.89679833761186,3.340366941359914,1.556431396251947,3.921906841276963,4.670198325242787,3.012020579081631,5.47833823752891,15.56887200220499,56.1,13.19057143815087,13.19611386345404,-0.5527094400585851,88.25308927432054,0,51.2,59.3,81.35,1.0,1.0,0.0,-0.005542425303168841,10.0,8.459223335820525,1.0,0.1,15.54067998324553,13.190794219767906,0.0070424677028171345,55.198,57.75,61.9,69.00899999999999
Астраханская область,2019,10.02135259087011,5.573385140368763,4.447967450501349,5.601177345761321,4.741927071931743,3.354015708767247,10.04914479626267,13.80091150854309,65.19,13.45484827922614,13.4223093559651,3.307410297440794,67.57391327159684,0,37.0,42.2,76.95,0.8613128587980615,1.0,0.0,0.0325389232610398,8.613128587980615,2.6100094728212637,0.3,0.1,13.810541734377562,13.269590553481365,0.04760383200078096,65.529,51.2,46.5,71.21700000000001
Волгоградская область,2019,12.39857669812584,8.077627910442779,4.320948787683061,9.777020185008501,4.698641826132191,6.377239374107134,14.09796897269156,14.74469500744793,77.08,13.00434514137376,13.0009516564997,0.339924926247126,90.0076005020229,0,42.2,50.6,77.55,0.6666658850583855,1.0,0.0,0.0033934848740599932,6.666658850583856,4.767324418191054,0.7,0.2,14.753148639200223,13.007406433970996,-0.0009375837079140581,76.74600000000001,43.05,47.1,67.652
Ростовская область,2019,8.781892990853336,7.464957886494634,1.316935104358701,5.142111676135755,5.105780013531056,3.258416950152657,6.459046780494456,15.25771609711546,68.04,13.05089934749724,13.03119616112499,1.989857530056027,90.34490047107509,0,48.2,58.8,78.97,0.7884177838886488,1.0,0.0,0.019703186372248993,7.8841778388864885,8.404824658871652,1.0,0.0,15.260756375979733,12.950497172196648,0.027197563937771996,67.837,54.5,53.75,67.553
Республика Адыгея,2019,19.67069148389107,17.28751592567239,2.383175558218675,20.78573229537254,4.241218478877713,9.200354224060359,23.16890785359121,13.08586120566651,49.95,12.71155527429744,12.68417993769848,2.775348387605336,63.63961202296268,1,53.9,59.4,81.17,0.0,0.0,0.0,0.027375336598961297,0.0,3.5630262896737426,0.5,0.1,13.059570643995745,12.64504410493838,0.020816969755541946,50.262,60.2,59.9,69.2
Республика Дагестан,2019,56.24569909256599,53.54617287751958,2.699526215046413,7.684023937676178,7.180987668044146,2.429830684747486,10.38355015272259,14.95556480893289,45.3,12.43584459310411,12.43560763886693,0.02369823130490278,3.597043936705582,1,88.1,88.9,90.76,0.367088607594936,1.0,0.0,0.00023695423717917663,3.67088607594936,2.734843020855516,0.5,0.3,14.933403593406263,12.396163307482151,0.01545040569252496,45.156,90.15,89.6,92.21600000000001
Кабардино-Балкарская Республика,2019,39.57545757452806,35.02892252240715,4.546535052120906,16.03359528101806,6.863650492788613,4.381967387919268,20.58013033313896,13.70431080487205,52.29,12.32465876057505,12.33361664928607,-0.8917886360588323,22.52089964671727,1,90.1,77.7,93.38,0.669186360994336,1.0,1.0,-0.00895788871101999,6.69186360994336,5.4403455889367445,0.8,0.2,13.690886525080558,12.308210319625527,0.012181354804779864,52.86,79.8,94.25,82.362
Республика Северная Осетия - Алания,2019,30.01891937250297,28.17056759596624,1.848351776536722,20.65697180950882,5.960382933656866,7.560119756687339,22.50532358604554,13.4536005061582,63.55,12.47896242968814,12.48284579761848,-0.3875837408181093,20.82180223463845,1,85.6,67.1,81.51,0.0,0.0,0.0,-0.0038833679303404978,0.0,0.0,0.0,0.1,13.459118731636224,12.517267381598192,0.006880711986072896,63.608000000000004,67.5,85.7,73.495
Республика Ингушетия,2019,51.82882688846418,39.81037735414886,12.01844953431532,20.68466158266691,15.27745014020601,4.537800630489343,32.70311111698223,13.10712384334481,52.14,11.94834953771257,11.94755363652492,0.07962180010476771,0.7848507929068043,1,81.4,72.4,83.17,0.6424674863266854,1.0,0.0,0.0007959011876490507,6.424674863266854,6.82859333063233,1.0,0.1,13.065479178316718,11.90951439178394,0.012066256805663932,48.587,81.7,83.9,89.288
Ставропольский край,2019,21.65521243039748,18.90629568036774,2.748916750029737,9.567797942021802,5.724752198870629,3.720277310067376,12.31671469205154,14.87833296145256,59.82,12.71846252992257,12.69803391896512,2.063870322252792,80.89193187278804,0,42.1,54.3,80.55,0.7484134988710417,1.0,0.0,0.020428610957450744,7.484134988710417,5.893657974680566,0.8,0.2,14.867542618269079,12.68111512996347,0.01574851868743199,59.101,51.7,46.5,69.294
Карачаево-Черкесская Республика,2019,37.33723272318841,32.80200910821227,4.53522361497614,30.99932049607344,5.164257965035788,4.322402248112744,35.53454411104958,13.06071135299055,41.61,12.32487652537131,12.31342242916192,1.151994554408065,31.62682350957079,1,93.3,81.7,87.64,0.0,0.0,0.0,0.011454096209391196,0.0,5.409677154771676,0.6,0.1,13.061394703752617,12.320611363457397,0.004807182182550029,41.968,85.75,93.25,90.244
Республика Башкортостан,2019,10.43965339450428,7.855515374412027,2.584138020092252,5.397820923346563,5.514626803456635,4.233040615896043,7.981958943438816,15.23025947108907,61.68,13.13402352090532,13.11399800681624,2.022736986669504,36.05048909105547,1,69.8,56.4,77.69,0.719511351556917,1.0,1.0,0.020025514089079266,7.195113515569171,7.450630017873901,1.0,0.1,15.22755518188148,13.08045975577841,0.009329076720191943,61.440999999999995,63.45,74.55,76.003
Республика Марий Эл,2019,24.15247905895457,21.32751356140755,2.824965497547013,7.640900787469147,5.22764514497495,9.586743799904156,10.46586628501616,13.43525402687492,67.25,12.73488832998357,12.72544980611759,0.9483207203306865,47.40038953391814,1,53.4,46.7,73.99,0.6968495767047301,1.0,0.0,0.00943852386597932,6.968495767047301,5.626577630900743,0.8,0.1,13.439098279595418,12.678866506020535,0.01923977640964498,66.176,49.45,62.35,64.18299999999999
Республика Мордовия,2019,13.90475208639986,6.816158577768356,7.088593508631499,10.75375959413484,4.268727402219039,10.27126666588604,17.84235310276634,13.59381970097853,63.1,12.82643321319594,12.79474270198715,3.219800215436819,53.35929928018452,1,83.0,84.4,85.35,0.0,0.0,0.0,0.031690511208790184,0.0,0.680851615405779,0.1,0.2,13.602410763003665,12.723619405439708,0.02969477876152098,62.263999999999996,88.0,88.6,86.547
Республика Татарстан,2019,0.3859276487358491,0.0,0.3859276487358491,4.054351168922936,2.76872644687512,5.609107498948596,4.440278817658784,15.19908923494974,76.84,13.69414840272843,13.67024440964139,2.419198365968489,39.71417582522228,1,78.8,85.3,82.09,0.7023801289007996,1.0,0.0,0.02390399308704083,7.023801289007996,7.09860463667785,1.0,0.0,15.184503930198208,13.640173051577909,0.012615270710136173,76.46900000000001,81.55,79.15,82.51700000000001
Удмуртская Республика,2019,11.62376239023611,4.970686063920095,6.653076326316016,7.89259461896664,5.096370601144201,3.696189322535798,14.54567094528266,14.20514434269972,65.55,13.29902094158057,13.28878877895982,1.028469020075318,62.2204206534331,1,44.5,50.5,76.23,0.6567710296215281,1.0,0.0,0.010232162620750884,6.567710296215282,2.630665096225134,0.4,0.2,14.214643371335915,13.247385497285697,0.013070305571228147,65.38,47.8,50.55,68.894
Чувашская Республика,2019,22.20133930900946,18.92878567401968,3.272553634989781,10.89312817136143,4.101836424436967,5.556144135271117,14.16568180635121,14.00551502547098,63.07,12.6984093176862,12.66826407414948,3.060421168405325,26.86003905114038,1,59.4,50.9,77.29,0.0,0.0,0.0,0.030145243536720656,0.0,1.3548450698119257,0.2,0.1,14.015324518032207,12.646276986344116,0.013769500076335105,61.742999999999995,47.15,60.55,66.811
Нижегородская область,2019,4.264184163921098,2.372130011248311,1.892054152672787,5.483741546611327,3.949125009414723,4.411866855063846,7.375795699284114,14.97290577356945,79.63,13.29883798618648,13.25747121542708,4.223429651735655,95.14764485436845,0,44.5,58.1,77.27,0.6847187330096777,1.0,0.0,0.041366770759401206,6.8471873300967765,2.7441486780386897,0.4,0.1,14.984951678226073,13.206367438444673,0.02261661197393696,79.491,51.35,51.7,67.911
Кировская область,2019,21.3021828584911,19.34766024837819,1.954522610112911,8.469917008334079,6.213745569101691,6.746611387727136,10.42443961844699,13.99871755597277,77.0,12.84292366272652,12.81933450942384,2.38695780321263,91.87916003881362,0,41.9,38.0,70.41,0.0,0.0,0.0,0.023589153302680188,0.0,0.0,0.0,0.1,14.029697272316138,12.76742057799933,0.028272655468727058,76.095,36.45,47.95,61.674
Самарская область,2019,0.820397359518372,0.0,0.820397359518372,5.043286741154565,3.773485768169814,5.065468537439463,5.863684100672938,14.98069492369282,79.77,13.42852027797653,13.41336290271734,1.527283086866271,85.55174732465221,0,52.9,50.8,75.82,0.6860457072984558,1.0,0.0,0.015157375259189365,6.860457072984558,3.4717206169145696,0.5,0.2,14.982020275793763,13.407048298633658,0.008391063280375022,80.023,45.1,52.95,63.738
Оренбургская область,2019,7.863738360194522,4.584651145074745,3.279087215119776,5.973959876039451,5.523572666008181,5.616493410748608,9.253047091159226,14.4595441720659,59.49,13.50525835670561,13.47511571366505,3.060153160524459,75.8767376585608,0,41.7,40.9,72.97,0.0,0.0,0.0,0.030142643040560912,0.0,1.3925682445400103,0.2,0.1,14.479405621805432,13.445290379354741,0.014717893964836115,59.587,37.9,46.45,61.714
Пензенская область,2019,21.64217095650196,12.53535878512102,9.106812171380938,7.193533161483495,5.284146946678831,5.548548496695089,16.30034533286443,14.07887278583905,68.47,12.88780755694506,12.84633102218404,4.234870260309331,86.8020996304275,0,60.6,64.3,79.98,0.0,0.0,0.0,0.04147653476101887,0.0,3.0619303429635636,0.4,0.1,14.098366359591276,12.77826841145454,0.0366029386578429,68.19500000000001,60.3,62.75,68.98299999999999
Пермский край,2019,3.645356929377001,1.583588339878738,2.061768589498263,2.879815126589917,4.413462838563746,4.566853038348054,4.94158371608818,14.76407020281789,75.82,13.42731337013058,13.41560832990671,1.177381227178453,87.10855422941499,0,35.2,42.7,75.35,0.7814560374525458,1.0,0.0,0.011705040223869645,7.814560374525458,6.647569093528406,0.9,0.3,14.771588788703472,13.398245824194627,0.008567070829177048,75.654,39.5,41.65,66.663
Саратовская область,2019,14.90928382133715,8.609294599639352,6.299989221697801,7.957471079425268,4.151797902581861,6.758617329258061,14.25746030112307,14.72555663248828,76.45,12.89928221617839,12.87573338418482,2.382829510267293,87.55403917112397,0,64.5,68.2,78.33,0.6567710296215281,1.0,0.0,0.02354883199357083,6.567710296215282,6.759308607098035,1.0,0.1,14.731359477747286,12.836899884145712,0.020306786101254026,75.899,66.55,65.9,72.947
Ульяновская область,2019,7.703037596835078,5.23948395305464,2.463553643780438,5.612296851568494,4.5684997932101,5.340814009279748,8.07585049534893,14.0180594884382,76.01,12.91522142926367,12.88574064914454,2.991964034887151,73.57869033536369,0,52.4,48.5,74.27,0.0,0.0,0.0,0.029480780119131467,0.0,0.0,0.0,0.0,14.032296613279021,12.85601346373942,0.01776994554110196,75.241,46.05,56.4,63.00699999999999
Курганская область,2019,35.56044523011432,25.52917902215258,10.03126620796174,9.797532190136076,5.323524165233539,7.89328737210378,19.82879839809782,13.5989353875281,63.24,12.74618017403261,12.71429507711291,3.239887267904519,92.47095274980636,0,41.8,41.5,73.3,0.7094180059438947,1.0,1.0,0.03188509691969976,7.094180059438947,2.1201965542942296,0.3,0.2,13.633687543490748,12.673840486292647,0.01188896439970204,62.435,42.95,49.15,66.363
Свердловская область,2019,0.5743959907284456,0.0,0.5743959907284456,4.102255841144789,4.209089690279114,2.310465663333744,4.676651831873235,15.27706567295821,85.45,13.46263631277255,13.45794074801218,0.4706606199745389,90.6531957904619,0,41.5,40.5,74.6,0.9242809006945253,1.0,0.0,0.004695564760369919,9.242809006945253,9.156499373804538,1.0,0.1,15.277535141773035,13.418360170253417,0.01509034847636297,84.94300000000001,36.6,46.35,67.53
Тюменская область,2019,0.6707274612434502,0.0,0.6707274612434502,0.6191634956079844,1.875599484246553,1.436849948233953,1.289890956851435,14.26484389610243,66.57,13.85255561209276,13.89228328474049,-3.894887597327013,73.31976912372754,0,81.1,58.4,79.75,0.7094180059438947,1.0,1.0,-0.03972767264773047,7.094180059438947,7.07239478992211,1.0,0.1,14.218849082364192,13.851065183654274,-0.010386970251895989,64.976,60.3,78.65,75.095
Челябинская область,2019,7.295046000434984,4.369658961144311,2.925387039290673,4.382789282857052,4.967246840148372,4.863460930818466,7.308176322147725,15.06061829983869,82.67,13.22445251050229,13.2277275158208,-0.3269648338227515,83.79738904074622,0,44.4,38.2,73.0,0.0,0.0,0.0,-0.0032750053185086614,0.0,1.4601981898440337,0.2,0.2,15.063058138389987,13.21378815960539,0.013439296059669027,82.533,44.25,52.05,67.414
Ханты-Мансийский автономный округ - Югра,2019,0.4484810705937465,0.0,0.4484810705937465,0.524494912913452,1.752250918921057,7.974375739244012,0.9729759835071985,14.33325916250265,91.96,15.05321127295588,15.07280837779648,-1.940632982669421,68.10534890794732,0,39.3,47.6,76.23,0.7122728067726419,1.0,0.0,-0.019597104840601176,7.1227280677264195,7.309642049936467,1.0,0.0,14.312446241182107,15.101363631381437,-0.018493822206228926,91.899,44.3,47.1,69.356
Ямало-Ненецкий автономный округ,2019,0.3048074684178044,0.0,0.3048074684178044,0.0751460020901634,0.6401390131086603,2.533208965297529,0.3799534705079678,13.14288535375007,84.68,15.88360466188545,15.82513206057714,6.02159367670716,61.73862802169426,0,74.4,67.1,85.54,0.6424674863266854,1.0,1.0,0.05847260130830989,6.424674863266854,6.287617879029826,1.0,0.1,13.15681205450636,15.626406435148212,0.050444200389276085,84.786,69.4,78.3,84.86800000000001
Республика Тыва,2019,57.79807578944487,53.88332265949266,3.914753129952211,11.23632551626823,6.987264001621391,5.374546882445228,15.15107864622044,12.70221905487711,54.53,12.59484794394892,12.58642889956918,0.8454584200976667,16.26883698581899,1,90.1,82.6,91.98,0.6742849237447687,1.0,0.0,0.008419044379740726,6.742849237447687,6.909227620251606,1.0,0.0,12.68017391648718,12.577339800353524,-0.0029048978322650854,54.451,83.95,88.1,90.59400000000001
Алтайский край,2019,27.03306451028288,24.96826391434524,2.064800595937645,8.098383514735719,6.031798261265248,4.84619294750731,10.16318411067336,14.6206940712461,57.39,12.84339686268885,12.80875675813073,3.524706104804132,93.92766264596298,0,40.8,35.2,64.66,0.5784306943888942,1.0,1.0,0.034640104558119944,5.784306943888941,8.48098297281967,1.0,0.1,14.644949049966584,12.76249114852617,0.02413049000470995,56.720000000000006,36.2,46.65,59.543000000000006
Красноярский край,2019,3.045755949968829,0.6182249549397791,2.42753099502905,3.50122371291851,3.476651185661798,1.827616457389731,5.92875470794756,14.87178442513993,78.84,13.96268927040192,13.9581426128305,0.455700930159364,91.31694705096045,0,36.7,40.4,74.28,0.7436966070714347,1.0,0.0,0.004546657571420809,7.436966070714347,5.471818442093575,0.7,0.2,14.868241774506672,13.90333664054648,0.008165780660617017,78.179,38.55,43.2,64.396
Иркутская область,2019,3.995625312734526,2.852053692556867,1.143571620177659,5.550858369149411,4.206123874279076,12.07963051032042,6.69442998932707,14.69071175953367,78.01,13.59483058615018,13.57353955507012,2.151930224668441,91.40701771588505,0,34.7,39.8,73.06,0.0,0.0,0.0,0.021291031080060918,0.0,2.3390715803622264,0.3,0.4,14.693891829081224,13.49487285365654,0.030863608300009913,78.506,37.35,40.9,60.733000000000004
Кемеровская область - Кузбасс,2019,5.716443500194307,4.344021672494662,1.372421827699644,4.637033942282674,4.381392236305397,4.223910680258276,6.009455769982318,14.79251889556702,86.39,13.40669176743566,13.39832552058954,0.8401341691709252,93.69873923071353,0,86.8,77.3,85.42,0.9123700643453694,1.0,1.0,0.008366246846120973,9.123700643453693,5.203967124119177,0.8,0.1,14.804856835034371,13.38397253710104,0.0025126278093269504,86.069,70.75,78.1,79.659
Новосибирская область,2019,5.787170781910062,3.647658854282008,2.139511927628055,6.176845101600841,4.099484627518194,4.680299106391455,8.316357029228897,14.8483341220939,79.41,13.2095491435233,13.18512256283167,2.472735357171607,93.10494236245461,0,34.9,38.3,71.06,0.7224481325836793,1.0,0.0,0.02442658069162995,7.224481325836793,2.8851626163274022,0.4,0.2,14.835074168230875,13.140787756219154,0.019580606761437025,78.91,36.05,45.85,60.75600000000001
Омская область,2019,15.4707388077912,7.735794323852501,7.734944483938699,5.393250521949409,5.250009148257966,6.105454885097748,13.12819500588811,14.46449370728203,73.22,12.93154854199897,12.90667335006462,2.518716091292039,85.83181391841353,0,38.7,36.3,67.31,0.7108425400923768,1.0,0.0,0.02487519193434906,7.1084254009237675,7.238630859576507,1.0,0.2,14.477233397522411,12.891849038465546,0.013851675733471857,72.69800000000001,37.95,47.2,59.077999999999996
Томская область,2019,11.01543500494013,7.107421738492231,3.908013266447901,4.879196860910737,4.235462773925984,5.38004803456117,8.787210127358637,13.88695641841229,71.83,13.45916779672438,13.45814874460209,0.101957153231691,92.05339702188196,0,33.9,40.7,71.23,0.6833968821737503,1.0,0.0,0.0010190521222899207,6.8339688217375025,7.181908666166396,1.0,0.1,13.883383049493252,13.440413736671497,0.0020421963197739144,71.572,39.1,42.2,61.318000000000005
Республика Алтай,2019,50.12113025942399,43.94289189748789,6.178238361936089,13.13895220713074,5.741564774196297,9.596016271179646,19.31719056906683,12.26021512712621,30.68,12.71891456786758,12.67158890978209,4.846339407086764,56.62635151132507,1,45.1,48.8,70.62,0.0,0.0,0.0,0.04732565808549083,0.0,2.355787000566351,0.3,0.1,12.25551773039436,12.631323468657445,0.02108814976007505,30.145999999999997,51.05,54.35,67.995
Республика Хакасия,2019,14.64140644467802,10.00370300456725,4.637703440110771,8.508814048995324,5.579236773808629,3.784912448200944,13.1465174891061,13.19741333432249,68.5,13.24869875521848,13.23069767864638,1.816407251622998,81.656591192903,1,39.4,38.1,69.16,0.0,0.0,1.0,0.018001076572101482,0.0,5.3604922594408,0.7,0.1,13.194250190951431,13.20431037255266,0.017542535983104023,68.139,39.1,47.8,61.628
Республика Бурятия,2019,30.68094809893704,27.82739488101135,2.853553217925688,13.25112660007671,5.747319618923485,10.76912717055014,16.1046798180024,13.79614321591772,59.25,12.75745870033315,12.71769093617594,4.05690886901664,66.05043759070661,1,40.5,43.3,73.72,0.6968495767047301,1.0,0.0,0.03976776415720984,6.968495767047301,6.674006840534031,1.0,0.1,13.79338927924395,12.748006162640538,0.0026454229679838902,59.162,46.15,48.7,68.456
Республика Саха (Якутия),2019,22.58395390481459,21.32092055840912,1.263033346405468,3.157297744452064,2.536407313630602,2.672569939937099,4.420331090857532,13.78922920900036,66.04,14.30516896907747,14.27040244127952,3.537794860896781,37.83701950647506,0,48.1,46.4,64.38,0.6927584832994201,1.0,1.0,0.03476652779795053,6.927584832994201,2.1237409083227794,0.3,0.1,13.783010412041786,14.202154809336957,0.02271373016148992,65.633,47.8,54.1,67.93599999999999
Приморский край,2019,8.008389192216738,6.494044199503929,1.514344992712808,6.510677050141278,3.386596778042581,9.252139742725483,8.025022042854086,14.44782859579481,78.1,13.43191673641473,13.37761988270467,5.579797318551649,92.51599441368536,0,37.4,39.0,65.26,0.8119256535917506,1.0,1.0,0.05429685371005988,8.119256535917506,7.58437064059278,1.0,0.2,14.459640510954193,13.37265391260488,0.007975210240877929,77.601,36.0,43.05,59.69500000000001
Хабаровский край,2019,7.276067843938587,5.786064906150812,1.490002937787775,6.205435034996695,3.918768235359178,10.41407642870252,7.69543797278447,14.08824547620877,83.16,13.5162404854551,13.51524866350309,0.09923139700596106,91.81126152303911,0,36.9,37.3,65.78,0.0,0.0,1.0,0.0009918219520095306,0.0,0.0,0.0,0.2,14.09581107317058,13.498208701900916,0.00944420509220798,82.83,37.7,45.05,59.039
Амурская область,2019,7.28471919802894,5.110937310935901,2.173781887093039,4.873132525268158,5.108541414127569,12.90837646069203,7.046914412361197,13.57301342851622,67.77,13.36981062835162,13.23244184151563,14.7251161640749,94.32830956041175,0,42.5,37.9,67.04,0.7224481325836793,1.0,1.0,0.13736878683599052,7.224481325836793,7.597476443923663,1.0,0.2,13.586747980047912,13.261594561190638,0.018746484191135872,67.55499999999999,40.7,48.25,64.1
Камчатский край,2019,48.01393281691632,46.78207660659942,1.231856210316895,5.054749204158353,1.548981791716155,3.538779515254308,6.286605414475248,12.60529162043295,77.77,13.9091073065546,13.89982649265408,0.9324014195053909,85.9228898450654,0,39.5,46.7,69.44,0.0,0.0,0.0,0.009280813900518936,0.0,1.9764007725271735,0.3,0.2,12.62727145068204,13.801110656901812,0.030757298557166024,77.689,46.0,46.55,62.720000000000006
Магаданская область,2019,18.13854048866571,12.30349189324512,5.835048595420598,3.746106212701962,2.139904886406133,4.303512248597601,9.581154808122559,11.84414823292334,96.35,14.53993522244514,14.47399280488319,6.816520783818114,84.13189010035116,0,40.6,44.7,72.3,0.6833968821737503,1.0,1.0,0.06594241756194918,6.8339688217375025,2.0568589167803495,0.3,0.2,11.879134134929277,14.37913340631017,0.048625039535500035,96.053,42.85,46.6,61.065
Сахалинская область,2019,0.153799805744515,0.0,0.153799805744515,0.7446791628424223,0.9233918704439774,9.155488532587299,0.8984789685869373,13.07093744264149,82.12,14.81804093597222,14.81012007948177,0.7952309464202223,86.46405226000026,0,37.1,45.4,66.92,0.6968495767047301,1.0,1.0,0.00792085649045049,6.968495767047301,4.596819886461441,0.6,0.2,13.07874068277152,14.774164130342658,0.005006101852764111,81.62100000000001,43.65,43.1,59.486000000000004
Еврейская автономная область,2019,28.64088765856502,13.5910017253052,15.04988593325982,6.121217105935369,5.95425500390525,11.34567963533659,21.17110303919519,11.9555900140675,70.79,13.08211842557881,13.09448088716316,-1.228636027876795,92.7393675532346,0,39.6,45.0,67.48,0.0,0.0,0.0,-0.01236246158434895,0.0,1.3609917500399296,0.2,0.2,11.992814610304743,13.05142859923661,0.005815462641654001,69.852,46.55,45.85,63.357000000000006
Чукотский автономный округ,2019,23.07979196835325,20.64823576686783,2.431556201485417,5.525858040476763,0.8297698724512047,35.79788713175043,7.95741424196218,10.78568361063945,68.72,14.8112405269805,14.77299308788804,3.89882873934273,52.49183348689171,0,64.5,58.8,82.31,0.6641643245140783,1.0,0.0,0.03824743909246031,6.6416432451407825,6.804508789301023,1.0,0.0,10.798123244199113,14.708184506899169,0.031235427564129024,67.761,64.55,71.8,75.541
Забайкальский край,2019,29.19206538261238,15.20479490772871,13.98727047488368,5.428869839645991,5.719156073228369,10.91276742721145,19.41614031452967,13.8451567350293,68.61,13.02882681418972,12.99501857754934,3.438623032938892,89.90678173459195,0,38.9,39.9,72.03,0.6941168332666741,1.0,1.0,0.033808236640380684,6.941168332666741,2.1115633114582004,0.3,0.3,13.866564971078045,12.974359006659611,0.019566395341172084,67.95700000000001,41.6,46.25,67.592
Белгородская область,2020,6.487143971835918,0.895137856015455,5.592006115820464,10.7754577018705,4.879964718845633,8.405138182649727,16.36746381769096,14.25324470815139,65.44,13.65762060822614,13.65486238403946,0.2762031586768021,94.36612621715348,0,62.2,54.7,79.71,0.5935490743641219,1.0,0.0,0.002758224186679925,5.9354907436412185,6.258075849451342,1.0,0.1,14.252721865917223,13.553597196052564,0.028085594452510066,65.83500000000001,52.95,68.85,65.423
Брянская область,2020,22.5021368907874,17.44607725459974,5.05605963618766,12.21789110690401,7.916703637708516,17.83246780061302,17.27395074309167,13.98452141919851,69.53,12.88078050172335,12.87717737248649,0.360962831033329,96.70319132613922,0,55.1,63.9,81.6,0.781317252878463,1.0,0.0,0.0036031292368612355,7.81317252878463,5.557272194605841,0.7,0.1,14.01017982111388,12.761148914465238,0.03458679688419597,69.51,57.0,57.5,69.294
Владимирская область,2020,12.80993768746029,8.174050780340004,4.635886907120287,9.529031894162152,7.211313840375523,6.021597352623107,14.16491880128244,14.12767839234601,77.73,13.06775009274353,13.06231631459304,0.5448567898921343,95.58201060163185,0,38.4,45.2,73.65,0.0,0.0,0.0,0.005433778150489843,0.0,4.579569635101675,0.7,0.2,14.148317042139514,12.981501158236167,0.028902071409907925,77.69,41.4,43.5,59.538
Воронежская область,2020,8.708039166682843,5.539867807060929,3.168171359621915,11.72026923163576,5.318738191684268,8.443109622550164,14.88844059125767,14.66040796814623,68.3,13.1734376317684,13.19561543100038,-2.193367984984573,95.50289463735784,0,53.8,59.1,78.88,0.7360008522115131,1.0,0.0,-0.022177799231981155,7.360008522115131,8.947648293289495,1.0,0.1,14.66311066675936,13.110858337994335,0.02729048016193012,67.483,54.55,59.05,66.602
Ивановская область,2020,26.47740729212632,21.72533408416095,4.75207320796537,15.1187760173668,6.388027560508823,11.19945384549375,19.87084922533217,13.76023249280722,81.8,12.67558385508973,12.64877525970233,2.717117864518048,95.57495314218058,0,38.5,42.4,71.37,1.000001157896076,1.0,0.0,0.026808595387400658,10.000011578960759,6.5690167994383755,0.9,0.2,13.805708923317388,12.617724326485558,0.0073315337883800066,81.444,41.25,45.85,64.706
Тверская область,2020,9.890002290171807,5.957569345500524,3.932432944671284,10.23328058694788,5.824621178633168,5.549795304041774,14.16571353161916,14.03817879633518,76.22,12.99155449197061,13.01628282737421,-2.442509480505139,93.45164623819502,0,41.6,45.0,74.55,0.722987084687144,1.0,0.0,-0.024728335403599644,7.2298708468714405,5.305831705064431,0.8,0.2,14.06973721325139,12.960396311643638,0.011981358425233068,75.59299999999999,41.7,47.55,62.979
Калужская область,2020,4.101759110077251,0.0,4.101759110077251,10.82609865157261,4.556096339257254,15.51180715952632,14.92785776164986,13.86819313684905,75.13,13.29175277474424,13.30608535886407,-1.42303615897994,93.0800802880774,0,43.1,45.7,76.16,0.7187508322378058,1.0,0.0,-0.014332584119831182,7.187508322378058,6.4246208961410645,1.0,0.1,13.85554041843769,13.249145898689758,0.01749197480236795,75.735,43.05,50.35,64.162
Костромская область,2020,20.62869112561976,8.871355213355423,11.75733591226434,14.40913659187927,6.81391931521236,5.53334367907529,26.16647250414361,13.29393064692541,73.2,12.89103586469337,12.91496301071101,-2.364316134923239,96.59759640453902,0,39.4,36.6,68.71,0.7846490961743209,1.0,0.0,-0.023927146017639345,7.846490961743209,8.072859485517743,1.0,0.1,13.339556055879871,12.851212249900556,0.019911432202010103,71.98400000000001,33.65,48.35,57.559000000000005
Курская область,2020,10.30086885895141,5.229726777773815,5.071142081177592,9.970502159780185,6.190121119604299,9.707206703080441,15.04164424095778,13.9068163673319,68.31,13.29453966953601,13.26847811807251,2.640412320509977,96.48180915317877,0,47.0,51.7,81.01,0.8459779910477142,1.0,0.0,0.0260615514634992,8.459779910477142,8.290882112478176,1.0,0.1,13.919282964584486,13.145400230172722,0.039278141499276845,67.375,48.7,50.85,66.61800000000001
Липецкая область,2020,8.160125162564889,1.295244764751081,6.864880397813806,10.91876682209063,4.721569718285303,7.858711181207492,17.78364721990444,13.95973037532028,63.33,13.46832321766459,13.43578743278626,3.307086079758427,96.26322297018821,0,52.6,56.2,80.83,0.686567959152529,1.0,0.0,0.03253578487833053,6.86567959152529,2.0568206848455426,0.3,0.1,13.96618993541692,13.392307693976097,0.023520154098316048,63.512,48.15,54.75,66.949
Московская область,2020,4.054800570334092,0.0,4.054800570334092,3.523392085141939,3.563913051748754,7.541116576556741,7.578192655476031,15.94432114384921,78.85,13.49533399418849,13.51858477813171,-2.298256723725689,92.91775841693203,0,38.2,46.0,74.49,0.7982655663899255,1.0,0.0,-0.023250783943220554,7.982655663899255,7.023968238094758,0.9,0.1,15.885742041004724,13.471572415288097,0.015701077232158946,79.455,39.4,44.6,62.141999999999996
Орловская область,2020,21.03712500157507,14.25612564449553,6.780999357079535,11.83027848559242,7.582414375681733,10.21269459679123,18.61127784267195,13.49472385758802,66.74,13.03257236558003,13.02193150263984,1.069767826477652,96.04297520231538,0,53.6,47.9,76.77,0.6982930286636742,1.0,0.0,0.010640862940190843,6.9829302866367415,3.830051924606397,0.6,0.2,13.52696250430007,12.959555213680265,0.02072357290982385,66.462,43.45,59.15,60.019000000000005
Рязанская область,2020,11.62440478107957,6.537925880319436,5.086478900760134,11.33686347023237,6.645225491329971,7.085132218039577,16.4233423709925,13.92447885773538,71.52,13.05957617265942,13.04266732003018,1.705261642844236,95.11195291262811,0,43.3,54.5,76.34,0.6032793870586162,1.0,0.0,0.01690885262924091,6.032793870586161,4.456927781319715,0.7,0.1,13.938522044765856,13.013257137578137,0.016012176634652063,71.239,47.15,48.0,64.72
Смоленская область,2020,10.40768000374613,6.181765195536047,4.225914808210083,11.60699098596089,5.917949791782819,7.140065737269828,15.83290579417097,13.71928265718284,72.37,13.01624773193812,13.01240124099784,0.3853898180801174,94.66093975086856,0,40.4,48.1,73.49,0.0,0.0,0.0,0.003846490940281555,0.0,0.0,0.0,0.1,13.75185863536998,12.952967034060379,0.023782608667671033,72.503,42.15,45.0,61.73
Тамбовская область,2020,24.08143167899657,17.16738748587941,6.914044193117159,14.75359672426229,6.197155582143048,7.844717692121601,21.66764091737945,13.81493439201255,60.19,12.9988987834687,12.98578831709941,1.319678534836055,96.98967348305317,0,49.3,63.5,81.81,0.0,0.0,0.0,0.013110466369290918,0.0,0.0,0.0,0.1,13.851756469223428,12.895621793221153,0.03668518441231594,59.628,65.1,58.8,74.775
Тульская область,2020,6.992689901926131,1.293466095425098,5.699223806501032,9.13265408877273,7.349322038528755,6.684284603039731,14.83187789527376,14.22980259386739,74.2,13.22742988956829,13.19092504622949,3.717932741645891,95.30925002623609,0,45.6,53.0,79.2,0.9363878526864031,1.0,0.0,0.03650484333880044,9.363878526864031,8.399521489189901,1.0,0.2,14.24050427557213,13.069838428029508,0.04070484021754996,75.926,57.15,59.2,71.199
Ярославская область,2020,6.687398517548308,0.8505055686724935,5.836892948875814,10.55125694600716,5.636588263089657,5.88411506768534,16.38814989488297,14.02141679674692,81.33,13.19508987582316,13.18911749586309,0.5990250179467083,95.96558891889833,0,37.8,38.4,71.84,0.9041779511197938,1.0,0.0,0.005972379960068608,9.041779511197937,5.257900789212982,0.6,0.2,14.039261888917235,13.116074009342586,0.025374938754583985,81.66900000000001,33.7,46.85,59.723
г. Москва,2020,0.02938478175326321,0.0,0.02938478175326321,0.006548901002342311,1.680598218758373,1.112992125398412,0.03593368275560552,16.37761070643596,100.0,14.34082305710364,14.35674261776347,-1.579351420846342,91.65044468473364,0,35.3,37.8,70.87,0.9735461008088795,1.0,0.0,-0.015919560659829912,9.735461008088794,9.757022611351823,1.0,0.0,16.338118114759993,14.357745724283001,0.006782166732758022,100.0,42.2,48.5,54.126
Республика Карелия,2020,23.35445199111219,12.72273432507591,10.63171766603628,13.93817280930362,6.502212707318149,9.564585490945772,24.5698904753399,13.21054456989292,79.2,13.58795349037369,13.56965414985811,1.846779944075472,82.18881340785018,1,39.6,37.3,73.04,0.7948173350016319,1.0,0.0,0.01829934051558091,7.948173350016319,6.592661288576157,0.9,0.2,13.27598030606928,13.484420656046058,0.025210717604336,78.965,34.8,44.95,60.678
Республика Коми,2020,12.04422017805206,0.3461919795975458,11.69802819845451,5.93285575244731,4.656914846070998,6.423709713999804,17.63088395090182,13.5370075619297,77.5,13.9329852226121,13.97822377735482,-4.4230548700252,65.07796414152824,1,40.8,37.8,71.44,0.6982240334635172,1.0,0.0,-0.04523855474272054,6.982240334635172,4.22213048271865,0.6,0.2,13.602233948025196,13.96424227136382,0.0006625953060579448,77.464,48.3,56.7,66.946
Архангельская область,2020,19.74745069503107,9.751262785021844,9.996187910009224,11.16566206509554,5.766504722390883,6.862644240614331,21.16184997510477,13.8202871319496,77.45,13.37364804307947,13.3749132052934,-0.1264362233625138,95.58024333912395,0,36.6,44.5,75.27,0.6833968821737503,1.0,0.0,-0.0012651622139294716,6.8339688217375025,7.068758662357756,1.0,0.1,13.879810975329358,13.259508408329705,0.03269411072146813,77.051,38.2,43.3,63.160000000000004
Вологодская область,2020,9.288280266052036,1.497675070680955,7.790605195371082,9.612168709971643,5.782609678972805,10.80066997062053,17.40277390534273,13.95945504563722,72.39,13.66913022400155,13.68103198243468,-1.18312126565181,97.26601120869842,0,40.9,37.2,72.41,0.5661545017011619,1.0,0.0,-0.011901758433129572,5.661545017011619,5.559465151077335,1.0,0.1,13.978454104032071,13.637740710257905,0.01258994856479596,71.975,35.3,48.6,63.330999999999996
Калининградская область,2020,3.923338063536862,2.201779511314868,1.721558552221994,12.17376930846911,3.205688110118312,44.51896331037968,13.8953278606911,13.83381009540235,76.92,13.33096051618862,13.33742657819194,-0.6445202009292439,86.42750701458407,0,44.1,43.4,76.35,0.6943404266146334,1.0,0.0,-0.0064660620033194505,6.9434042661463335,3.517805176669593,0.5,0.1,13.803348201913462,13.295133041532399,0.01816559597245391,76.973,40.25,49.35,59.69
Ленинградская область,2020,1.258291327519574,0.0,1.258291327519574,3.993241014103429,3.640579488875685,3.64185441587179,5.251532341623003,14.49054824706426,66.51,13.46311795901085,13.4844970363743,-2.115216482605076,92.7461159300702,0,44.1,50.0,79.01,0.722987084687144,1.0,0.0,-0.02137907736345035,7.2298708468714405,7.335358655821446,1.0,0.1,14.436191328474141,13.442904586800628,0.011770313701108037,65.303,41.5,47.8,67.033
Мурманская область,2020,4.15976222019786,0.01698177124065788,4.142780448957201,7.072675800634842,3.451660093419946,4.153686189698454,11.21545624959204,13.43777685526933,93.03,14.23910878161733,14.15124623366738,9.183803633721555,88.97184610589743,0,39.7,42.0,76.37,0.7301595756066585,1.0,1.0,0.08786254794995152,7.301595756066584,1.4629845967686022,0.2,0.2,13.49139371358441,14.040909289964551,0.03979363204139297,92.986,37.0,45.8,64.946
Новгородская область,2020,11.49200926486527,3.936544597866331,7.555464666998943,15.0531571441938,6.356202471734602,11.17106688616719,22.60862181119274,13.28882651826382,72.6,13.24068687250533,13.23430645623998,0.6400814481170469,95.06018883770646,0,39.9,40.1,72.65,0.8803837945113777,1.0,0.0,0.00638041626535113,8.803837945113777,7.851502783919419,1.0,0.1,13.316641027128764,13.146522818285362,0.03242789246234708,71.64500000000001,37.35,48.25,62.331999999999994
Псковская область,2020,15.68532520814749,10.7596329438722,4.925692264275286,19.49261367131066,6.102066891336146,10.52568821025715,24.41830593558595,13.31923030224031,70.71,12.81636569993569,12.83156878422564,-1.508810084248968,95.01212251056963,0,42.1,45.1,75.05,0.6594989715156921,1.0,0.0,-0.015203084289950652,6.594989715156921,8.057939850703216,1.0,0.1,13.355894012261155,12.758881013677406,0.013595769047086925,70.441,40.9,47.5,64.298
г. Санкт-Петербург,2020,0.8331576100320749,0.0,0.8331576100320749,0.8537590099579041,2.932694838099372,3.284804535469831,1.686916619989979,15.53552927659848,100.0,14.15605260946941,14.18515022598853,-2.867835719912115,92.47680067304842,0,32.7,39.7,75.01,0.9658803834796741,1.0,0.0,-0.029097616519118574,9.65880383479674,9.314087418118442,1.0,0.2,15.49722681671185,14.15777414233609,0.02000782640407799,100.0,37.55,43.95,63.64200000000001
Ненецкий автономный округ,2020,9.764028272739642,0.0,9.764028272739642,3.799481176494016,1.426296612400442,21.01462293337622,13.56350944923366,10.63544670888146,73.58,16.0199819145591,16.17476966009017,-14.34030252747516,66.12571031539244,0,44.8,41.1,71.15,0.7151506766989953,1.0,0.0,-0.15478774553107044,7.151506766989954,2.8070767836081694,0.4,0.3,10.645855089516278,16.134450599373572,-0.0007417630986772394,72.111,38.55,50.45,61.279999999999994
Республика Калмыкия,2020,24.41553879036695,18.34349801923211,6.072040771134843,22.93489172752907,6.580646343853534,13.52992875829375,29.00693249866391,12.50440158837334,46.32,12.84852905037819,12.87272153983286,-2.390219686035622,30.21315445326077,1,57.5,70.6,81.66,0.7360008522115131,1.0,1.0,-0.024192489454669897,7.360008522115131,1.475885844675597,0.2,0.1,12.528290997617901,12.84492623117244,0.006397844955817966,45.583,68.35,60.35,73.708
Краснодарский край,2020,10.18019757709803,3.401462230576679,6.778735346521349,8.673788997507652,6.717785444374306,4.391731458922876,15.452524344029,15.57420777837586,56.39,13.16707169135232,13.19057143815087,-2.322577801053272,88.25308927432054,0,51.2,59.3,81.35,1.0,1.0,0.0,-0.023499746798551158,10.0,8.459223335820525,1.0,0.1,15.54067998324553,13.190794219767906,0.0070424677028171345,55.198,57.75,61.9,69.00899999999999
Астраханская область,2020,15.5233505024599,4.500580753300386,11.02276974915952,13.67362219573294,7.700676814730024,6.191664957865103,24.69639194489246,13.78965927437384,64.9,13.46510001306181,13.45484827922614,1.030446289303044,67.57391327159684,0,37.0,42.2,76.95,0.8699773666802755,1.0,1.0,0.010251733835671573,8.699773666802756,2.6100094728212637,0.3,0.1,13.810541734377562,13.269590553481365,0.04760383200078096,65.529,51.2,46.5,71.21700000000001
Волгоградская область,2020,12.51516449264725,7.489302081017326,5.025862411629924,13.50820903444693,6.045151326500765,8.76117563710903,18.53407144607685,14.73973930030266,77.22,12.99418721070898,13.00434514137376,-1.010651313293565,90.0076005020229,0,42.2,50.6,77.55,0.6727612908697546,1.0,0.0,-0.010157930664780324,6.727612908697545,4.767324418191054,0.7,0.2,14.753148639200223,13.007406433970996,-0.0009375837079140581,76.74600000000001,43.05,47.1,67.652
Ростовская область,2020,12.24185857683772,7.005077218829407,5.236781358008312,9.106317932496989,6.862077636175412,4.9480651608403,14.3430992905053,15.25606414823554,68.03,13.02825860380812,13.05089934749724,-2.238636543924699,90.34490047107509,0,48.2,58.8,78.97,0.8214295225574917,1.0,0.0,-0.022640743689120058,8.214295225574917,8.404824658871652,1.0,0.0,15.260756375979733,12.950497172196648,0.027197563937771996,67.837,54.5,53.75,67.553
Республика Адыгея,2020,19.46599257604678,14.43495253640763,5.031040039639149,26.6768289032668,5.475390503365799,13.24527153934191,31.70786894290595,13.10009118323655,49.78,12.73269244056469,12.71155527429744,2.136213846175838,63.63961202296268,1,53.9,59.4,81.17,0.0,0.0,0.0,0.02113716626725015,0.0,3.5630262896737426,0.5,0.1,13.059570643995745,12.64504410493838,0.020816969755541946,50.262,60.2,59.9,69.2
Республика Дагестан,2020,47.22244926320022,42.96044695403426,4.262002309165958,17.34754397034688,8.206497513151351,6.493399533829251,21.60954627951284,14.9638214869013,45.3,12.42056330019873,12.43584459310411,-1.51651264263627,3.597043936705582,1,88.1,88.9,90.76,0.373464373464373,1.0,0.0,-0.015281292905379829,3.73464373464373,2.734843020855516,0.5,0.3,14.933403593406263,12.396163307482151,0.01545040569252496,45.156,90.15,89.6,92.21600000000001
Кабардино-Балкарская Республика,2020,32.19684793856378,27.58833193377028,4.608516004793499,25.70705504714519,9.638078482975324,8.435457788144731,30.31557105193869,13.70901384151917,52.12,12.32095522426101,12.32465876057505,-0.3696686681987416,22.52089964671727,1,90.1,77.7,93.38,0.6690916838286474,1.0,0.0,-0.003703536314040079,6.690916838286474,5.4403455889367445,0.8,0.2,13.690886525080558,12.308210319625527,0.012181354804779864,52.86,79.8,94.25,82.362
Республика Северная Осетия - Алания,2020,27.98327094410974,23.86347728322195,4.119793660887793,23.71512590068098,6.688643333321729,12.80297746895964,27.83491956156877,13.44859622711398,63.45,12.50180662686069,12.47896242968814,2.310712414612315,20.82180223463845,1,85.6,67.1,81.51,0.0,0.0,0.0,0.022844197172549485,0.0,0.0,0.0,0.1,13.459118731636224,12.517267381598192,0.006880711986072896,63.608000000000004,67.5,85.7,73.495
Республика Ингушетия,2020,39.50854743187352,32.38338783467577,7.12515959719775,28.99144255559748,12.16434976002798,8.831264324695194,36.11660215279523,13.12304314630909,53.28,11.8705548310302,11.94834953771257,-7.484566494783618,0.7848507929068043,1,81.4,72.4,83.17,0.7159541363925208,1.0,1.0,-0.07779470668237032,7.159541363925208,6.82859333063233,1.0,0.1,13.065479178316718,11.90951439178394,0.012066256805663932,48.587,81.7,83.9,89.288
Ставропольский край,2020,23.56785947141903,17.37796650268885,6.189892968730178,15.15430255106852,7.741359758614403,5.553139054843085,21.3441955197987,14.88164992914515,60.2,12.71514556222998,12.71846252992257,-0.3311472632574475,80.89193187278804,0,42.1,54.3,80.55,0.7345317886342438,1.0,0.0,-0.003316967692590822,7.345317886342438,5.893657974680566,0.8,0.2,14.867542618269079,12.68111512996347,0.01574851868743199,59.101,51.7,46.5,69.294
Карачаево-Черкесская Республика,2020,35.40337573797255,31.31603095471649,4.087344783256069,29.24135314020051,7.445395306669243,7.110889684099184,33.32869792345658,13.06114307820735,41.5,12.2867429329705,12.32487652537131,-3.741566165151333,31.62682350957079,1,93.3,81.7,87.64,0.0,0.0,0.0,-0.03813359240081127,0.0,5.409677154771676,0.6,0.1,13.061394703752617,12.320611363457397,0.004807182182550029,41.968,85.75,93.25,90.244
Республика Башкортостан,2020,17.95214321832528,7.809623799706205,10.14251941861907,10.3203111258151,7.77787273800261,7.635790074509718,20.46283054443417,15.22758547623354,61.78,13.07694751135508,13.13402352090532,-5.547772607525038,36.05048909105547,1,69.8,56.4,77.69,0.7215694629524626,1.0,0.0,-0.05707600955024006,7.215694629524626,7.450630017873901,1.0,0.1,15.22755518188148,13.08045975577841,0.009329076720191943,61.440999999999995,63.45,74.55,76.003
Республика Марий Эл,2020,22.98470179071828,16.88356754308035,6.101134247637928,18.01836756248814,5.646085948484517,11.67202995103499,24.11950181012607,13.43221732708531,67.71,12.71158105443357,12.73488832998357,-2.303775896293037,47.40038953391814,1,53.4,46.7,73.99,0.7063347909899357,1.0,0.0,-0.023307275549999673,7.063347909899357,5.626577630900743,0.8,0.1,13.439098279595418,12.678866506020535,0.01923977640964498,66.176,49.45,62.35,64.18299999999999
Республика Мордовия,2020,19.40127151657699,6.002649363078652,13.39862215349834,14.01168774731668,4.840147663088849,10.89902865381842,27.41030990081502,13.58466114259577,63.22,12.82856715664173,12.82643321319594,0.2136221923540349,53.35929928018452,1,83.0,84.4,85.35,0.0,0.0,0.0,0.0021339434457896544,0.0,0.680851615405779,0.1,0.2,13.602410763003665,12.723619405439708,0.02969477876152098,62.263999999999996,88.0,88.6,86.547
Республика Татарстан,2020,8.59542517233737,0.0,8.59542517233737,7.161245544631749,4.662043179602678,7.428600154543242,15.75667071696912,15.20106039199264,76.83,13.66068657859416,13.69414840272843,-3.290816990545198,39.71417582522228,1,78.8,85.3,82.09,0.7036337019230516,1.0,0.0,-0.03346182413427101,7.036337019230516,7.09860463667785,1.0,0.0,15.184503930198208,13.640173051577909,0.012615270710136173,76.46900000000001,81.55,79.15,82.51700000000001
Удмуртская Республика,2020,16.09489127747227,5.171991829443892,10.92289944802838,12.70080793012776,7.208511984212581,5.290551322979466,23.62370737815614,14.1982405030936,65.65,13.26510278666644,13.29902094158057,-3.334938299726808,62.2204206534331,1,44.5,50.5,76.23,0.6594989715156921,1.0,0.0,-0.03391815491413119,6.594989715156921,2.630665096225134,0.4,0.2,14.214643371335915,13.247385497285697,0.013070305571228147,65.38,47.8,50.55,68.894
Чувашская Республика,2020,23.2254858706944,17.40553388577339,5.81995198492101,14.59897548270967,5.830800770681932,8.690597201118814,20.41892746763068,13.9981553958306,63.39,12.69065530951652,12.6984093176862,-0.7724023399100499,26.86003905114038,1,59.4,50.9,77.29,0.6739934544061467,1.0,1.0,-0.007754008169680304,6.739934544061467,1.3548450698119257,0.2,0.1,14.015324518032207,12.646276986344116,0.013769500076335105,61.742999999999995,47.15,60.55,66.811
Нижегородская область,2020,7.784502884260763,1.786157112998278,5.998345771262485,10.79681402566364,5.129148526561734,7.712189017338342,16.79515979692613,14.96587117081151,79.76,13.26505059442416,13.29883798618648,-3.322297245113848,95.14764485436845,0,44.5,58.1,77.27,0.686567959152529,1.0,0.0,-0.033787391762320595,6.86567959152529,2.7441486780386897,0.4,0.1,14.984951678226073,13.206367438444673,0.02261661197393696,79.491,51.35,51.7,67.911
Кировская область,2020,24.93228267444014,18.09242263796976,6.839860036470387,10.50340419833961,8.018584960163935,8.1930111995064,17.34326423481,13.98328261559239,77.38,12.87324721560065,12.84292366272652,3.078799442277491,91.87916003881362,0,41.9,38.0,70.41,0.0,0.0,0.0,0.03032355287412969,0.0,0.0,0.0,0.1,14.029697272316138,12.76742057799933,0.028272655468727058,76.095,36.45,47.95,61.674
Самарская область,2020,3.98788930031878,0.0,3.98788930031878,7.829725476276258,5.055792094790676,13.16388864919882,11.81761477659504,14.9771126691551,79.71,13.37129039311749,13.42852027797653,-5.562305355036933,85.55174732465221,0,52.9,50.8,75.82,0.6891393747298804,1.0,0.0,-0.057229884859038904,6.891393747298804,3.4717206169145696,0.5,0.2,14.982020275793763,13.407048298633658,0.008391063280375022,80.023,45.1,52.95,63.738
Оренбургская область,2020,14.00404351377011,4.508647680774256,9.49539583299585,10.01829312885933,7.922227422423165,8.581927001107783,19.51368896185518,14.45149038346783,59.63,13.50326180945019,13.50525835670561,-0.1994555480731131,75.8767376585608,0,41.7,40.9,72.97,0.695652979405965,1.0,1.0,-0.001996547255419756,6.956529794059651,1.3925682445400103,0.2,0.1,14.479405621805432,13.445290379354741,0.014717893964836115,59.587,37.9,46.45,61.714
Пензенская область,2020,19.80097631940458,11.26556320658706,8.53541311281752,11.57542980524614,6.050461402748604,10.98559179319159,20.11084291806366,14.06755560816486,68.65,12.92965393965407,12.88780755694506,4.273428443077965,86.8020996304275,0,60.6,64.3,79.98,0.0,0.0,0.0,0.041846382709010754,0.0,3.0619303429635636,0.4,0.1,14.098366359591276,12.77826841145454,0.0366029386578429,68.19500000000001,60.3,62.75,68.98299999999999
Пермский край,2020,12.05977697719144,1.635781806331111,10.42399517086033,8.821145139693694,6.914989193978603,4.870197216854486,19.24514031055402,14.75658404470733,75.78,13.40742833144501,13.42731337013058,-1.968863528790188,87.10855422941499,0,35.2,42.7,75.35,0.7258391047450798,1.0,0.0,-0.019885038685570677,7.258391047450798,6.647569093528406,0.9,0.3,14.771588788703472,13.398245824194627,0.008567070829177048,75.654,39.5,41.65,66.663
Саратовская область,2020,18.11548686485897,7.673889910146775,10.4415969547122,14.45756874034289,5.812342024482583,8.04747359299193,24.89916569505509,14.7188643675577,76.39,12.91592481196213,12.89928221617839,1.678185525470166,87.55403917112397,0,64.5,68.2,78.33,0.6594989715156921,1.0,0.0,0.016642595783739722,6.594989715156921,6.759308607098035,1.0,0.1,14.731359477747286,12.836899884145712,0.020306786101254026,75.899,66.55,65.9,72.947
Ульяновская область,2020,10.63235493466088,4.83990461922866,5.792450315432221,9.420200481563908,6.224219949113976,8.27622500125323,15.21265079699613,14.00892453245579,76.29,12.91430604939257,12.91522142926367,-0.09149610387468865,73.57869033536369,0,52.4,48.5,74.27,0.0,0.0,0.0,-0.0009153798711007965,0.0,0.0,0.0,0.0,14.032296613279021,12.85601346373942,0.01776994554110196,75.241,46.05,56.4,63.00699999999999
Курганская область,2020,29.94468178780982,24.45781601810927,5.486865769700549,14.95373804552305,7.094984242539621,7.818848961061995,20.4406038152236,13.58508933854981,63.49,12.73368224767129,12.74618017403261,-1.242015162446664,92.47095274980636,0,41.8,41.5,73.3,0.7022908895148012,1.0,0.0,-0.012497926361319855,7.022908895148012,2.1201965542942296,0.3,0.2,13.633687543490748,12.673840486292647,0.01188896439970204,62.435,42.95,49.15,66.363
Свердловская область,2020,5.409424299118995,0.0,5.409424299118995,6.443333776232418,6.037811176040504,5.666028497881329,11.85275807535141,15.27407837024707,85.58,13.43722414096199,13.46263631277255,-2.509200038978576,90.6531957904619,0,41.5,40.5,74.6,0.9246241861953671,1.0,0.0,-0.025412171810561546,9.24624186195367,9.156499373804538,1.0,0.1,15.277535141773035,13.418360170253417,0.01509034847636297,84.94300000000001,36.6,46.35,67.53
Тюменская область,2020,0.5684071017306183,0.0,0.5684071017306183,1.427383681284733,3.916877877294701,3.474032094931151,1.995790783015351,14.27556927509216,67.0,13.78208022869725,13.85255561209276,-6.804931929525171,73.31976912372754,0,81.1,58.4,79.75,0.7022908895148012,1.0,0.0,-0.07047538339550918,7.022908895148012,7.07239478992211,1.0,0.1,14.218849082364192,13.851065183654274,-0.010386970251895989,64.976,60.3,78.65,75.095
Челябинская область,2020,11.36624496297914,3.505625850952274,7.860619112026866,9.14178031430923,7.001974896777731,7.372965986094024,17.0023994263361,15.05594961231365,82.66,13.23907152888049,13.22445251050229,1.472639885500437,83.79738904074622,0,44.4,38.2,73.0,0.7301595756066585,1.0,1.0,0.01461901837820001,7.301595756066584,1.4601981898440337,0.2,0.2,15.063058138389987,13.21378815960539,0.013439296059669027,82.533,44.25,52.05,67.414
Ханты-Мансийский автономный округ - Югра,2020,0.4455486759739737,0.0,0.4455486759739737,1.210791867165538,2.70083980930995,5.934546035846465,1.656340543139512,14.34096071995061,91.99,14.96104055888148,15.05321127295588,-8.805054635115484,68.10534890794732,0,39.3,47.6,76.23,0.7187508322378058,1.0,0.0,-0.09217071407439903,7.187508322378058,7.309642049936467,1.0,0.0,14.312446241182107,15.101363631381437,-0.018493822206228926,91.899,44.3,47.1,69.356
Ямало-Ненецкий автономный округ,2020,0.3615757278640505,0.0,0.3615757278640505,0.1876529668976813,1.131335663369905,6.69307559593866,0.5492286947617318,13.14103202865931,84.63,15.84255048596493,15.88360466188545,-4.022286827031419,61.73862802169426,0,74.4,67.1,85.54,0.6355793196990603,1.0,0.0,-0.04105417592051985,6.355793196990604,6.287617879029826,1.0,0.1,13.15681205450636,15.626406435148212,0.050444200389276085,84.786,69.4,78.3,84.86800000000001
Республика Тыва,2020,45.74131624078163,40.40971439339288,5.331601847388749,15.25441517025489,7.669122568648684,17.89456534919333,20.58601701764364,12.71255284158593,54.52,12.53742254970625,12.59484794394892,-5.580767005736876,16.26883698581899,1,90.1,82.6,91.98,0.6802225990864245,1.0,0.0,-0.05742539424267079,6.802225990864245,6.909227620251606,1.0,0.0,12.68017391648718,12.577339800353524,-0.0029048978322650854,54.451,83.95,88.1,90.59400000000001
Алтайский край,2020,27.34307812458582,21.98489635141734,5.358181773168478,12.98719369924997,6.661303058146641,7.624451155600427,18.34537547241845,14.60785263576082,57.72,12.84719755352198,12.84339686268885,0.3807922617557136,93.92766264596298,0,40.8,35.2,64.66,0.5822791552306273,1.0,0.0,0.0038006908331293943,5.822791552306273,8.48098297281967,1.0,0.1,14.644949049966584,12.76249114852617,0.02413049000470995,56.720000000000006,36.2,46.65,59.543000000000006
Красноярский край,2020,4.217653825196221,0.3140720218119201,3.903581803384301,5.947718679685861,5.286460357061961,3.98466295892969,9.851300483070162,14.86885801118312,79.01,13.90267588458485,13.96268927040192,-5.8248072619141,91.31694705096045,0,36.7,40.4,74.28,0.7525571086007292,1.0,0.0,-0.060013385817070386,7.525571086007292,5.471818442093575,0.7,0.2,14.868241774506672,13.90333664054648,0.008165780660617017,78.179,38.55,43.2,64.396
Иркутская область,2020,7.171215090082507,0.927833687778846,6.243381402303661,10.14154482219835,5.859916951906266,8.908984304921495,16.38492622450201,14.68620039454014,77.83,13.57913924382619,13.59483058615018,-1.556887460970158,91.40701771588505,0,34.7,39.8,73.06,0.7009531925823922,1.0,1.0,-0.015691342323989943,7.0095319258239215,2.3390715803622264,0.3,0.4,14.693891829081224,13.49487285365654,0.030863608300009913,78.506,37.35,40.9,60.733000000000004
Кемеровская область - Кузбасс,2020,13.15247341387135,2.102617709791716,11.04985570407963,10.22287888470939,6.94765459133744,6.310498581391514,21.27273458878902,14.78438652930542,86.44,13.37608330538083,13.40669176743566,-3.014476612924344,93.69873923071353,0,86.8,77.3,85.42,0.9108921438261295,1.0,0.0,-0.03060846205483081,9.108921438261294,5.203967124119177,0.8,0.1,14.804856835034371,13.38397253710104,0.0025126278093269504,86.069,70.75,78.1,79.659
Новосибирская область,2020,8.421931384140716,3.289073141162397,5.13285824297832,11.44495384865293,5.938250251377501,8.613662689219117,16.57781209163125,14.84755168329886,79.51,13.19623265793883,13.2095491435233,-1.322821344960357,93.10494236245461,0,34.9,38.3,71.06,0.7258391047450798,1.0,0.0,-0.013316485584470072,7.258391047450798,2.8851626163274022,0.4,0.2,14.835074168230875,13.140787756219154,0.019580606761437025,78.91,36.05,45.85,60.75600000000001
Омская область,2020,13.81928766269563,7.073392209734014,6.745895452961618,10.4978680379295,6.887269178366433,9.493322668305558,17.24376349089112,14.4525407234168,73.34,12.93647691092724,12.93154854199897,0.4940533313730455,85.83181391841353,0,38.7,36.3,67.31,0.7076931271264542,1.0,0.0,0.004928368928270643,7.076931271264542,7.238630859576507,1.0,0.2,14.477233397522411,12.891849038465546,0.013851675733471857,72.69800000000001,37.95,47.2,59.077999999999996
Томская область,2020,16.68117450633624,6.895917373830862,9.785257132505382,9.563045591704773,5.983583665136423,7.247229999984625,19.34830272421016,13.88316359894573,71.54,13.3903899233561,13.45916779672438,-6.646598018306637,92.05339702188196,0,33.9,40.7,71.23,0.6840156619066102,1.0,0.0,-0.06877787336827978,6.840156619066102,7.181908666166396,1.0,0.1,13.883383049493252,13.440413736671497,0.0020421963197739144,71.572,39.1,42.2,61.318000000000005
Республика Алтай,2020,40.32856604689053,34.48347344509298,5.845092601797547,19.66153988097482,6.968201873550958,8.879055078186855,25.50663248277237,12.26069813199407,30.87,12.73528868006615,12.71891456786758,1.650890266014615,56.62635151132507,1,45.1,48.8,70.62,0.8344680864076089,1.0,1.0,0.016374112198569435,8.34468086407609,2.355787000566351,0.3,0.1,12.25551773039436,12.631323468657445,0.02108814976007505,30.145999999999997,51.05,54.35,67.995
Республика Хакасия,2020,20.93796625065732,9.359989751187564,11.57797649946976,16.65148123658183,7.225683076196013,6.471122794279857,28.22945773605159,13.19429884852857,68.48,13.25878885474882,13.24869875521848,1.014117622972965,81.656591192903,1,39.4,38.1,69.16,0.0,0.0,0.0,0.010090099530339458,0.0,5.3604922594408,0.7,0.1,13.194250190951431,13.20431037255266,0.017542535983104023,68.139,39.1,47.8,61.628
Республика Бурятия,2020,31.58420909583982,25.48545500244921,6.098754093390599,17.66019060604307,7.021052562393281,10.18011494120404,23.75894469943367,13.79686480123522,59.25,12.75773661534874,12.75745870033315,0.02779536375461245,66.05043759070661,1,40.5,43.3,73.72,0.6982930286636742,1.0,0.0,0.0002779150155909349,6.9829302866367415,6.674006840534031,1.0,0.1,13.79338927924395,12.748006162640538,0.0026454229679838902,59.162,46.15,48.7,68.456
Республика Саха (Якутия),2020,24.75240603706192,20.6569322922288,4.095473744833122,7.029834211766333,3.28324172507774,3.851137242780343,11.12530795659946,13.79733334895977,66.24,14.19945200025106,14.30516896907747,-10.03207506820353,37.83701950647506,0,48.1,46.4,64.38,0.7145639341859347,1.0,0.0,-0.10571696882641035,7.145639341859347,2.1237409083227794,0.3,0.1,13.783010412041786,14.202154809336957,0.02271373016148992,65.633,47.8,54.1,67.93599999999999
Приморский край,2020,11.93002662288552,6.281925877209924,5.648100745675595,10.89536610200868,4.718818507133608,8.615503113364149,16.54346684768428,14.44034249453874,78.24,13.42428919986075,13.43191673641473,-0.7598520717027936,92.51599441368536,0,37.4,39.0,65.26,0.819600058141995,1.0,0.0,-0.007627536553979297,8.19600058141995,7.58437064059278,1.0,0.2,14.459640510954193,13.37265391260488,0.007975210240877929,77.601,36.0,43.05,59.69500000000001
Хабаровский край,2020,10.49684102779029,5.524478272670243,4.972362755120049,10.03292441391713,5.007098214413155,12.26168203874968,15.00528716903718,14.08000485998255,83.25,13.52847312295087,13.5162404854551,1.230776221779384,91.81126152303911,0,36.9,37.3,65.78,0.0,0.0,0.0,0.01223263749577086,0.0,0.0,0.0,0.2,14.09581107317058,13.498208701900916,0.00944420509220798,82.83,37.7,45.05,59.039
Амурская область,2020,6.366237848446134,4.304681165463871,2.061556682982264,8.612322190568023,5.162649583228764,15.690639449724,10.67387887355029,13.56472727431537,67.93,13.39298539504622,13.36981062835162,2.344538808595842,94.32830956041175,0,42.5,37.9,67.04,0.7145639341859347,1.0,0.0,0.023174766694598503,7.145639341859347,7.597476443923663,1.0,0.2,13.586747980047912,13.261594561190638,0.018746484191135872,67.55499999999999,40.7,48.25,64.1
Камчатский край,2020,48.22175965097769,44.68627022794392,3.535489423033773,6.495840140559368,1.961606832724841,6.530441528379629,10.03132956359314,12.59408636002458,77.75,13.91831056429229,13.9091073065546,0.9245737932906284,85.9228898450654,0,39.5,46.7,69.44,0.0,0.0,0.0,0.009203257737690151,0.0,1.9764007725271735,0.3,0.2,12.62727145068204,13.801110656901812,0.030757298557166024,77.689,46.0,46.55,62.720000000000006
Магаданская область,2020,11.82107610879999,9.415676266603986,2.405399842196001,9.61973799902633,2.247941216747274,7.35635583077065,12.02513784122233,11.83495823821512,96.4,14.59791538132279,14.53993522244514,5.969396998398468,84.13189010035116,0,40.6,44.7,72.3,0.6852894340889302,1.0,0.0,0.05798015887765118,6.852894340889302,2.0568589167803495,0.3,0.2,11.879134134929277,14.37913340631017,0.048625039535500035,96.053,42.85,46.6,61.065
Сахалинская область,2020,0.2333808087887194,0.0,0.2333808087887194,1.374653169858828,1.24908456197072,4.240183033395831,1.608033978647547,13.06359378395837,82.2,14.80620177523855,14.81804093597222,-1.176935362765208,86.46405226000026,0,37.1,45.4,66.92,0.7063347909899357,1.0,0.0,-0.011839160733670084,7.063347909899357,4.596819886461441,0.6,0.2,13.07874068277152,14.774164130342658,0.005006101852764111,81.62100000000001,43.65,43.1,59.486000000000004
Еврейская автономная область,2020,32.29109801174575,10.24085670660657,22.05024130513919,9.900167933190472,5.443555908593227,17.9666497355939,31.95040923832966,11.94237399116035,70.75,13.11022306097971,13.08211842557881,2.850329664607743,92.7393675532346,0,39.6,45.0,67.48,0.6777171751487207,1.0,1.0,0.028104635400898914,6.777171751487207,1.3609917500399296,0.2,0.2,11.992814610304743,13.05142859923661,0.005815462641654001,69.852,46.55,45.85,63.357000000000006
Чукотский автономный округ,2020,24.53511912571792,23.85248210647449,0.6826370192434364,6.742118500292162,1.192183355321794,5.635011182571806,7.424755519535599,10.78033034544317,68.62,14.82555353354826,14.8112405269805,1.441592809886405,52.49183348689171,0,64.5,58.8,82.31,0.6630638308211809,1.0,0.0,0.014313006567761022,6.630638308211809,6.804508789301023,1.0,0.0,10.798123244199113,14.708184506899169,0.031235427564129024,67.761,64.55,71.8,75.541
Забайкальский край,2020,21.26692858024105,14.42984563984145,6.837082940399609,14.35266118989201,7.783908630602203,9.566922440640534,21.18974413029162,13.835221024151,68.84,13.08277941048479,13.02882681418972,5.543456946032266,89.90678173459195,0,38.9,39.9,72.03,0.7063347909899357,1.0,0.0,0.0539525962950691,7.063347909899357,2.1115633114582004,0.3,0.3,13.866564971078045,12.974359006659611,0.019566395341172084,67.95700000000001,41.6,46.25,67.592
Белгородская область,2021,3.217054297548901,0.627995432620226,2.589058864928675,6.60683382366616,3.141140592083189,5.414628731142911,9.195892688594835,14.24790772045966,65.34,13.69057276295085,13.65762060822614,3.350108991418921,94.36612621715348,0,62.2,54.7,79.71,0.7398849924640838,1.0,1.0,0.032952154724711136,7.398849924640838,6.258075849451342,1.0,0.1,14.252721865917223,13.553597196052564,0.028085594452510066,65.83500000000001,52.95,68.85,65.423
Брянская область,2021,18.20334469158644,15.8644375736234,2.338907117963037,12.64820831384835,6.838347395691572,16.80000094245471,14.98711543181139,13.97408998781323,69.5,12.92850771785232,12.88078050172335,4.888449752313639,96.70319132613922,0,55.1,63.9,81.6,0.780488437172477,1.0,0.0,0.04772721612896902,7.80488437172477,5.557272194605841,0.7,0.1,14.01017982111388,12.761148914465238,0.03458679688419597,69.51,57.0,57.5,69.294
Владимирская область,2021,8.945753286800128,6.607846851987357,2.337906434812772,11.14372440409282,4.889429929629713,4.58669295424367,13.48163083890559,14.11608837176106,77.64,13.200672398496,13.06775009274353,14.21612555242371,95.58201060163185,0,38.4,45.2,73.65,0.0,0.0,0.0,0.13292230575246933,0.0,4.579569635101675,0.7,0.2,14.148317042139514,12.981501158236167,0.028902071409907925,77.69,41.4,43.5,59.538
Воронежская область,2021,6.401745723464396,4.863862116380336,1.53788360708406,12.06459152715614,4.145993636855753,7.924166811807444,13.6024751342402,14.65313766412741,68.42,13.2199286489405,13.1734376317684,4.758866871754752,95.50289463735784,0,53.8,59.1,78.88,0.7398849924640838,1.0,0.0,0.04649101717210158,7.398849924640838,8.947648293289495,1.0,0.1,14.66311066675936,13.110858337994335,0.02729048016193012,67.483,54.55,59.05,66.602
Ивановская область,2021,24.22456566675229,20.37401003806081,3.850555628691488,13.00614962793368,4.754881605067047,8.596809666286925,16.85670525662517,13.74452248309645,81.9,12.71011561904109,12.67558385508973,3.513490782878348,95.57495314218058,0,38.5,42.4,71.37,1.000000810127238,1.0,0.0,0.03453176395136026,10.00000810127238,6.5690167994383755,0.9,0.2,13.805708923317388,12.617724326485558,0.0073315337883800066,81.444,41.25,45.85,64.706
Тверская область,2021,8.775984122674867,5.111414355249759,3.664569767425108,10.58761724895121,4.180504950621462,9.493721357894698,14.25218701637632,14.02572123907341,76.32,13.03357085147392,12.99155449197061,4.291154012600318,93.45164623819502,0,41.6,45.0,74.55,0.7286533417245892,1.0,0.0,0.042016359503309175,7.2865334172458915,5.305831705064431,0.8,0.2,14.06973721325139,12.960396311643638,0.011981358425233068,75.59299999999999,41.7,47.55,62.979
Калужская область,2021,0.8677155094362083,0.0,0.8677155094362083,9.920727708492233,3.944121561624622,11.82876992807248,10.78844321792844,13.87813787892173,75.04,13.35412869425119,13.29175277474424,6.436238411466899,93.0800802880774,0,43.1,45.7,76.16,0.7231644276626339,1.0,1.0,0.062375919506949984,7.231644276626339,6.4246208961410645,1.0,0.1,13.85554041843769,13.249145898689758,0.01749197480236795,75.735,43.05,50.35,64.162
Костромская область,2021,15.04339407595507,7.738270119187457,7.305123956767615,12.91135101682268,4.552511675785263,6.783468488968776,20.21647497359029,13.27696424159768,73.59,12.95774436191591,12.89103586469337,6.898382099945843,96.59759640453902,0,39.4,36.6,68.71,0.783674104262977,1.0,0.0,0.06670849722254069,7.83674104262977,8.072859485517743,1.0,0.1,13.339556055879871,12.851212249900556,0.019911432202010103,71.98400000000001,33.65,48.35,57.559000000000005
Курская область,2021,6.31861541497177,3.765014649161215,2.553600765810556,9.29307863293667,4.073806878134477,9.000073183115559,11.84667939874723,13.89696887856947,68.41,13.36076749173455,13.29453966953601,6.847011064940611,96.48180915317877,0,47.0,51.7,81.01,0.8514419314608854,1.0,0.0,0.06622782219853995,8.514419314608855,8.290882112478176,1.0,0.1,13.919282964584486,13.145400230172722,0.039278141499276845,67.375,48.7,50.85,66.61800000000001
Липецкая область,2021,2.054103767387703,0.8391012472962004,1.215002520091502,6.628837295014514,2.91031576918984,4.438371491577569,7.843839815106016,13.9503683205711,63.15,13.52170215783055,13.46832321766459,5.482928657938757,96.26322297018821,0,52.6,56.2,80.83,0.6881726005176689,1.0,0.0,0.053378940165959676,6.88172600517669,2.0568206848455426,0.3,0.1,13.96618993541692,13.392307693976097,0.023520154098316048,63.512,48.15,54.75,66.949
Московская область,2021,0.1448849404408442,0.0,0.1448849404408442,4.249820489126236,2.622168731730888,5.56720477887921,4.394705429567081,15.95434749568377,78.6,13.59505850631304,13.49533399418849,10.48664988212575,92.91775841693203,0,38.2,46.0,74.49,0.8152872846897229,1.0,0.0,0.09972451212454914,8.152872846897228,7.023968238094758,0.9,0.1,15.885742041004724,13.471572415288097,0.015701077232158946,79.455,39.4,44.6,62.141999999999996
Орловская область,2021,18.46382735789688,12.39297758145958,6.070849776437292,12.3411699541106,5.623844319739283,7.832636925700774,18.41201973054789,13.48074386607442,66.69,13.06635498438981,13.03257236558003,3.435973193758257,96.04297520231538,0,53.6,47.9,76.77,0.7071828933496493,1.0,0.0,0.03378261880977895,7.071828933496493,3.830051924606397,0.6,0.2,13.52696250430007,12.959555213680265,0.02072357290982385,66.462,43.45,59.15,60.019000000000005
Рязанская область,2021,8.272947047715746,5.498067983619478,2.774879064096269,13.08661465051632,5.130637532112164,6.918108117060758,15.86149371461259,13.91491416642793,71.43,13.10739957608397,13.05957617265942,4.898539173861405,95.11195291262811,0,43.3,54.5,76.34,0.6028262340484448,1.0,0.0,0.04782340342454994,6.028262340484448,4.456927781319715,0.7,0.1,13.938522044765856,13.013257137578137,0.016012176634652063,71.239,47.15,48.0,64.72
Смоленская область,2021,8.278135482374283,5.50411878311581,2.774016699258472,9.304015446732478,4.3479728764434,5.405982255893846,12.07803214599095,13.7030202411282,72.56,13.0813003121622,13.01624773193812,6.721513732002671,94.66093975086856,0,40.4,48.1,73.49,0.0,0.0,0.0,0.06505258022408,0.0,0.0,0.0,0.1,13.75185863536998,12.952967034060379,0.023782608667671033,72.503,42.15,45.0,61.73
Тамбовская область,2021,20.2768786892767,15.43944114718837,4.837437542088334,15.26126167847603,5.104887182708443,7.611592483308612,20.09869922056436,13.80150189320293,60.2,13.01532679125811,12.9988987834687,1.656368948441767,96.98967348305317,0,49.3,63.5,81.81,0.0,0.0,0.0,0.01642800778940945,0.0,0.0,0.0,0.1,13.851756469223428,12.895621793221153,0.03668518441231594,59.628,65.1,58.8,74.775
Тульская область,2021,5.131419323938371,1.103995914313896,4.027423409624476,10.7254111556835,5.862758931947909,6.190681167215313,14.75283456530797,14.22240930458814,73.61,13.28931136413162,13.22742988956829,6.38362455996464,95.30925002623609,0,45.6,53.0,79.2,0.95049581952688,1.0,0.0,0.061881474563330485,9.5049581952688,8.399521489189901,1.0,0.2,14.24050427557213,13.069838428029508,0.04070484021754996,75.926,57.15,59.2,71.199
Ярославская область,2021,2.028692469835963,0.739052950112542,1.289639519723421,10.12002791734666,3.817874846706341,7.057488232926788,11.40966743707008,14.0091429059041,81.16,13.25805688098151,13.19508987582316,6.499169941910776,95.96558891889833,0,37.8,38.4,71.84,0.9142864549734749,1.0,0.0,0.06296700515835063,9.14286454973475,5.257900789212982,0.6,0.2,14.039261888917235,13.116074009342586,0.025374938754583985,81.66900000000001,33.7,46.85,59.723
г. Москва,2021,0.0056844375065664,0.0,0.0056844375065664,0.005443975557360562,1.265413672407361,1.477417116908761,0.01112841306392696,16.38025004725118,100.0,14.43983737001492,14.34082305710364,10.40821020749589,91.65044468473364,0,35.3,37.8,70.87,0.984616182279127,1.0,0.0,0.09901431291128127,9.84616182279127,9.757022611351823,1.0,0.0,16.338118114759993,14.357745724283001,0.006782166732758022,100.0,42.2,48.5,54.126
Республика Карелия,2021,15.99228903166647,10.55153679005088,5.440752241615582,12.82036840663672,4.51501676348961,9.283297194249778,18.2611206482523,13.19361183647325,79.33,13.63347368064527,13.58795349037369,4.657213497627244,82.18881340785018,1,39.6,37.3,73.04,0.7950316999769332,1.0,0.0,0.04552019027157961,7.950316999769332,6.592661288576157,0.9,0.2,13.27598030606928,13.484420656046058,0.025210717604336,78.965,34.8,44.95,60.678
Республика Коми,2021,2.486813254749311,0.2959663435965023,2.190846911152808,6.214733610156518,3.416086091433036,5.430312361860773,8.405580521309325,13.51763672551765,77.52,13.97411755080565,13.9329852226121,4.198998107476459,65.07796414152824,1,40.8,37.8,71.44,0.6736847562962441,1.0,1.0,0.04113232819354984,6.736847562962441,4.22213048271865,0.6,0.2,13.602233948025196,13.96424227136382,0.0006625953060579448,77.464,48.3,56.7,66.946
Архангельская область,2021,11.29198034450097,8.147837384650396,3.144142959850569,11.33753281168863,4.254596281280885,6.196040521768918,14.4816757715392,13.80056137363609,77.54,13.43163251351007,13.37364804307947,5.969853892050248,95.58024333912395,0,36.6,44.5,75.27,0.7218050960316897,1.0,0.0,0.05798447043060051,7.218050960316898,7.068758662357756,1.0,0.1,13.879810975329358,13.259508408329705,0.03269411072146813,77.051,38.2,43.3,63.160000000000004
Вологодская область,2021,2.234062980983659,1.048479726902792,1.185583254080868,7.492699248675261,3.309639924175831,7.859922382612659,8.67828250275613,13.95025646277021,72.43,13.70691626372048,13.66913022400155,3.850900942629476,97.26601120869842,0,40.9,37.2,72.41,0.569733399241631,1.0,0.0,0.03778603971892913,5.6973339924163104,5.559465151077335,1.0,0.1,13.978454104032071,13.637740710257905,0.01258994856479596,71.975,35.3,48.6,63.330999999999996
Калининградская область,2021,5.175338604789585,2.242928403253797,2.932410201535787,11.06276655782985,2.610053830355884,36.75055913597469,13.99517675936564,13.84148332641512,76.83,13.4094649814169,13.33096051618862,8.166818504686212,86.42750701458407,0,44.1,43.4,76.35,0.6969152651340453,1.0,0.0,0.07850446522827959,6.969152651340453,3.517805176669593,0.5,0.1,13.803348201913462,13.295133041532399,0.01816559597245391,76.973,40.25,49.35,59.69
Ленинградская область,2021,0.4324562177557441,0.0,0.4324562177557441,4.887760899388568,3.123856766937691,5.003362288288363,5.320217117144312,14.50447299468488,66.98,13.51404418370984,13.46311795901085,5.224526070872004,92.7461159300702,0,44.1,50.0,79.01,0.7286533417245892,1.0,0.0,0.05092622469899055,7.2865334172458915,7.335358655821446,1.0,0.1,14.436191328474141,13.442904586800628,0.011770313701108037,65.303,41.5,47.8,67.033
Мурманская область,2021,1.663745987282249,0.0125947427975323,1.651151244484717,5.8007145961624,2.3668334451291,5.133228809158309,7.451865840647116,13.41788414683835,93.07,14.31443619693641,14.23910878161733,7.82371244491471,88.97184610589743,0,39.7,42.0,76.37,0.7328250211619437,1.0,0.0,0.07532741531907838,7.328250211619437,1.4629845967686022,0.2,0.2,13.49139371358441,14.040909289964551,0.03979363204139297,92.986,37.0,45.8,64.946
Новгородская область,2021,8.608228595385418,2.99720140552565,5.611027189859768,11.23968213165502,4.275709870754723,7.223173873318918,16.85070932151479,13.27925942810707,72.89,13.28947467581537,13.24068687250533,4.999752110056277,95.06018883770646,0,39.9,40.1,72.65,0.888889609001988,1.0,0.0,0.048787803310039735,8.88889609001988,7.851502783919419,1.0,0.1,13.316641027128764,13.146522818285362,0.03242789246234708,71.64500000000001,37.35,48.25,62.331999999999994
Псковская область,2021,17.58587876636872,9.45881096658753,8.127067799781184,15.78336317249352,4.782342031588604,10.60692081022383,23.9104309722747,13.30633856619494,70.81,12.84513078513735,12.81636569993569,2.918279580627381,95.01212251056963,0,42.1,45.1,75.05,0.6666672067514912,1.0,0.0,0.028765085201660767,6.666672067514911,8.057939850703216,1.0,0.1,13.355894012261155,12.758881013677406,0.013595769047086925,70.441,40.9,47.5,64.298
г. Санкт-Петербург,2021,0.1185754706343363,0.0,0.1185754706343363,0.9282859543367177,1.94314617967826,2.930765030763747,1.046861424971054,15.5379583548938,100.0,14.33594508796805,14.15605260946941,19.70886434336661,92.47680067304842,0,32.7,39.7,75.01,0.9696977552748981,1.0,0.0,0.17989247849863865,9.696977552748981,9.314087418118442,1.0,0.2,15.49722681671185,14.15777414233609,0.02000782640407799,100.0,37.55,43.95,63.64200000000001
Ненецкий автономный округ,2021,,0.0,0.0,3.514960499470329,1.040466616228153,23.03626052334814,3.514960499470329,10.63330411745308,74.0,16.10462572749922,16.0199819145591,8.832934882151623,66.12571031539244,0,44.8,41.1,71.15,0.6713292151903134,1.0,1.0,0.08464381294011858,6.7132921519031346,2.8070767836081694,0.4,0.3,10.645855089516278,16.134450599373572,-0.0007417630986772394,72.111,38.55,50.45,61.279999999999994
Республика Калмыкия,2021,20.95857153069085,17.81782979330631,3.140741737384541,20.92069691987684,5.088712866317707,11.14222921620204,24.06143865726138,12.49747653342648,46.62,12.85445360499148,12.84852905037819,0.5942139497349341,30.21315445326077,1,57.5,70.6,81.66,0.7398849924640838,1.0,0.0,0.005924554613290667,7.398849924640838,1.475885844675597,0.2,0.1,12.528290997617901,12.84492623117244,0.006397844955817966,45.583,68.35,60.35,73.708
Краснодарский край,2021,4.442106381106755,2.952680967229282,1.489425413877473,8.983276625761325,5.079182087455349,5.682693158010252,10.4727020396388,15.57747039595381,56.76,13.24169561243144,13.16707169135232,7.747885759224116,88.25308927432054,0,51.2,59.3,81.35,1.0,1.0,0.0,0.0746239210791213,10.0,8.459223335820525,1.0,0.1,15.54067998324553,13.190794219767906,0.0070424677028171345,55.198,57.75,61.9,69.00899999999999
Астраханская область,2021,7.204809920008018,3.740969279657871,3.463840640350146,13.80525432115069,5.942414999471326,8.096588209043277,17.26909496150084,13.77822293518727,64.51,13.44297956871954,13.46510001306181,-2.187758135518092,67.57391327159684,0,37.0,42.2,76.95,0.8787192473429268,1.0,0.0,-0.022120444342270673,8.787192473429268,2.6100094728212637,0.3,0.1,13.810541734377562,13.269590553481365,0.04760383200078096,65.529,51.2,46.5,71.21700000000001
Волгоградская область,2021,8.825273002125941,6.806130785792303,2.019142216333639,15.83736010837026,4.582411770747166,9.11581089783957,17.8565023247039,14.73309125747231,77.37,12.96313338635532,12.99418721070898,-3.057660691579311,90.0076005020229,0,42.2,50.6,77.55,0.6796465682988665,1.0,0.0,-0.03105382435365911,6.796465682988665,4.767324418191054,0.7,0.2,14.753148639200223,13.007406433970996,-0.0009375837079140581,76.74600000000001,43.05,47.1,67.652
Ростовская область,2021,7.757994364327116,6.020041763855685,1.737952600471431,11.13415049358157,5.072820382367089,8.357767541052361,12.872103094053,15.25165499753642,67.94,13.09376285386705,13.02825860380812,6.769727508018875,90.34490047107509,0,48.2,58.8,78.97,0.8240350023366079,1.0,0.0,0.06550425005893068,8.240350023366078,8.404824658871652,1.0,0.0,15.260756375979733,12.950497172196648,0.027197563937771996,67.837,54.5,53.75,67.553
Республика Адыгея,2021,16.54576741740335,12.73770582061406,3.808061596789292,20.99306570052423,3.869046453075834,18.75811855608169,24.80112729731352,13.11100107018153,49.53,12.75618398033704,12.73269244056469,2.376963938578047,63.63961202296268,1,53.9,59.4,81.17,0.0,0.0,0.0,0.023491539772349412,0.0,3.5630262896737426,0.5,0.1,13.059570643995745,12.64504410493838,0.020816969755541946,50.262,60.2,59.9,69.2
Республика Дагестан,2021,44.83315705279257,42.17168824519853,2.661468807594046,17.77487192580016,7.40854404330772,5.203935968431547,20.4363407333942,14.9710921685215,45.25,12.43993454952495,12.42056330019873,1.956008936134035,3.597043936705582,1,88.1,88.9,90.76,0.8847933435227168,1.0,1.0,0.019371249326219697,8.847933435227167,2.734843020855516,0.5,0.3,14.933403593406263,12.396163307482151,0.01545040569252496,45.156,90.15,89.6,92.21600000000001
Кабардино-Балкарская Республика,2021,30.59544875543802,27.01399078386086,3.581457971577158,27.22135731476503,6.887468148108762,8.770622888785633,30.80281528634219,13.71289737603779,51.97,12.37061245667041,12.32095522426101,5.091081646492501,22.52089964671727,1,90.1,77.7,93.38,0.678445779308938,1.0,0.0,0.04965723240940001,6.784457793089381,5.4403455889367445,0.8,0.2,13.690886525080558,12.308210319625527,0.012181354804779864,52.86,79.8,94.25,82.362
Республика Северная Осетия - Алания,2021,26.94189078501273,22.93570447630936,4.006186308703368,25.40531043183143,5.738882083609699,8.487953509502098,29.4114967405348,13.44168364206512,63.29,12.56981431126936,12.50180662686069,7.037353363484145,20.82180223463845,1,85.6,67.1,81.51,0.0,0.0,0.0,0.06800768440866989,0.0,0.0,0.0,0.1,13.459118731636224,12.517267381598192,0.006880711986072896,63.608000000000004,67.5,85.7,73.495
Республика Ингушетия,2021,38.43000050857833,29.17038031629938,9.259620192278947,39.08118997927886,7.541934310836143,4.756149370282705,48.34081017155781,13.1375632714942,54.31,11.86002672711463,11.8705548310302,-1.047287740959413,0.7848507929068043,1,81.4,72.4,83.17,0.720450865082288,1.0,0.0,-0.010528103915570242,7.20450865082288,6.82859333063233,1.0,0.1,13.065479178316718,11.90951439178394,0.012066256805663932,48.587,81.7,83.9,89.288
Ставропольский край,2021,18.42076572238082,15.21605697161734,3.204708750763475,16.63062597865111,5.570678350286334,4.949179728950607,19.83533472941459,14.88136477886075,60.45,12.78682070860105,12.71514556222998,7.430629507343012,80.89193187278804,0,42.1,54.3,80.55,0.7544210433965799,1.0,0.0,0.07167514637107075,7.544210433965799,5.893657974680566,0.8,0.2,14.867542618269079,12.68111512996347,0.01574851868743199,59.101,51.7,46.5,69.294
Карачаево-Черкесская Республика,2021,31.34365314179115,27.84137811227486,3.502275029516299,33.73958350473371,5.078023873749244,7.574200219111766,37.24185853425001,13.05981114894736,41.39,12.35104966139187,12.2867429329705,6.641944975536651,31.62682350957079,1,93.3,81.7,87.64,0.0,0.0,0.0,0.06430672842137142,0.0,5.409677154771676,0.6,0.1,13.061394703752617,12.320611363457397,0.004807182182550029,41.968,85.75,93.25,90.244
Республика Башкортостан,2021,10.18644937879581,6.981848884416339,3.204600494379475,11.87305448326882,5.110421346837397,7.995415546306635,15.0776549776483,15.2249981154287,61.93,13.10715003919289,13.07694751135508,3.066325081701704,36.05048909105547,1,69.8,56.4,77.69,0.7328250211619437,1.0,0.0,0.030202527837809967,7.328250211619437,7.450630017873901,1.0,0.1,15.22755518188148,13.08045975577841,0.009329076720191943,61.440999999999995,63.45,74.55,76.003
Республика Марий Эл,2021,19.60915406152642,14.47337699777239,5.135777063754026,17.83761632301127,4.485620709930731,10.89201045488092,22.9733933867653,13.42700580643091,68.23,12.71879057775065,12.71158105443357,0.7235574498207997,47.40038953391814,1,53.4,46.7,73.99,0.7111116872015905,1.0,0.0,0.007209523317079913,7.111116872015905,5.626577630900743,0.8,0.1,13.439098279595418,12.678866506020535,0.01923977640964498,66.176,49.45,62.35,64.18299999999999
Республика Мордовия,2021,19.20879230767579,5.19624572657286,14.01254658110293,14.99155870429323,3.577570158689093,10.07929520950949,29.00410528539616,13.57354344990785,63.33,12.86730001636262,12.82856715664173,3.949275617069303,53.35929928018452,1,83.0,84.4,85.35,0.680851615405779,1.0,1.0,0.03873285972088958,6.80851615405779,0.680851615405779,0.1,0.2,13.602410763003665,12.723619405439708,0.02969477876152098,62.263999999999996,88.0,88.6,86.547
Республика Татарстан,2021,0.2431226215461537,0.0,0.2431226215461537,6.309133472790955,3.202541856747977,10.7602740920792,6.552256094337109,15.20152663036545,76.79,13.69171900728072,13.66068657859416,3.151895414899197,39.71417582522228,1,78.8,85.3,82.09,0.7124310038754332,1.0,0.0,0.03103242868656153,7.1243100387543326,7.09860463667785,1.0,0.0,15.184503930198208,13.640173051577909,0.012615270710136173,76.46900000000001,81.55,79.15,82.51700000000001
Удмуртская Республика,2021,9.98093124299864,4.267308503464075,5.713622739534566,11.9684707818638,5.185249759070991,7.416919109244301,17.68209352139836,14.19047865718598,65.71,13.29853237932264,13.26510278666644,3.399464034722954,62.2204206534331,1,44.5,50.5,76.23,0.6666672067514912,1.0,0.0,0.03342959265620138,6.666672067514911,2.630665096225134,0.4,0.2,14.214643371335915,13.247385497285697,0.013070305571228147,65.38,47.8,50.55,68.894
Чувашская Республика,2021,19.77382558101285,15.79878718460763,3.975038396405215,16.82870548319866,4.078779206299496,9.724772523518473,20.80374387960387,13.98891077098289,63.77,12.72556768111281,12.69065530951652,3.552896307369968,26.86003905114038,1,59.4,50.9,77.29,0.680851615405779,1.0,0.0,0.034912371596290015,6.80851615405779,1.3548450698119257,0.2,0.1,14.015324518032207,12.646276986344116,0.013769500076335105,61.742999999999995,47.15,60.55,66.811
Нижегородская область,2021,3.566211119379134,1.543921268274958,2.022289851104176,11.02312523435804,3.741874624544575,7.399240507432088,13.04541508546222,14.95549061219253,79.88,13.33370006116712,13.26505059442416,7.106070094214179,95.14764485436845,0,44.5,58.1,77.27,0.6894080989027993,1.0,0.0,0.06864946674295958,6.894080989027993,2.7441486780386897,0.4,0.1,14.984951678226073,13.206367438444673,0.02261661197393696,79.491,51.35,51.7,67.911
Кировская область,2021,19.41804230394812,15.14300482929439,4.275037474653734,11.52430962868117,5.577729016338007,7.786017875514402,15.7993471033349,13.96477934069993,77.75,12.95001939861709,12.87324721560065,7.979605248991173,91.87916003881362,0,41.9,38.0,70.41,0.0,0.0,0.0,0.07677218301644118,0.0,0.0,0.0,0.1,14.029697272316138,12.76742057799933,0.028272655468727058,76.095,36.45,47.95,61.674
Самарская область,2021,0.3322556280616673,0.0,0.3322556280616673,8.253946513842475,3.381192323827301,12.78659000450657,8.586202141904142,14.97054004139289,79.63,13.42950625403154,13.37129039311749,5.994377144887864,85.55174732465221,0,52.9,50.8,75.82,0.691892452412358,1.0,0.0,0.058215860914049955,6.91892452412358,3.4717206169145696,0.5,0.2,14.982020275793763,13.407048298633658,0.008391063280375022,80.023,45.1,52.95,63.738
Оренбургская область,2021,6.33996951806492,3.607538520263986,2.732430997800935,10.66336788499408,5.067928747088243,6.928703415080519,13.39579888279502,14.44013636300843,59.7,13.53441845720577,13.50326180945019,3.164709643184338,75.8767376585608,0,41.7,40.9,72.97,0.6969152651340453,1.0,0.0,0.031156647755580025,6.969152651340453,1.3925682445400103,0.2,0.1,14.479405621805432,13.445290379354741,0.014717893964836115,59.587,37.9,46.45,61.714
Пензенская область,2021,15.78400443644999,10.39614622912001,5.387858207329986,10.87512285725471,4.580513498194531,10.63320279085855,16.26298106458469,14.05449044987595,68.73,12.96055901607131,12.92965393965407,3.138759623387632,86.8020996304275,0,60.6,64.3,79.98,0.0,0.0,0.0,0.030905076417239385,0.0,3.0619303429635636,0.4,0.1,14.098366359591276,12.77826841145454,0.0366029386578429,68.19500000000001,60.3,62.75,68.98299999999999
Пермский край,2021,4.885328995329422,1.19820421883831,3.687124776491113,8.318104500849726,4.025382508069792,4.658235765765619,12.00522927734084,14.74686052816885,75.7,13.45251899182078,13.40742833144501,4.612269748649789,87.10855422941499,0,35.2,42.7,75.35,0.7258985086745913,1.0,1.0,0.04509066037577014,7.258985086745913,6.647569093528406,0.9,0.3,14.771588788703472,13.398245824194627,0.008567070829177048,75.654,39.5,41.65,66.663
Саратовская область,2021,11.41715219218463,6.778100396203826,4.639051795980804,14.10578789960354,4.089539304632953,9.116895035079695,18.74483969558434,14.70927302336032,76.53,12.93149822783706,12.91592481196213,1.569531348123343,87.55403917112397,0,64.5,68.2,78.33,0.6666672067514912,1.0,0.0,0.015573415874930774,6.666672067514911,6.759308607098035,1.0,0.1,14.731359477747286,12.836899884145712,0.020306786101254026,75.899,66.55,65.9,72.947
Ульяновская область,2021,10.48868862613039,4.255068626269051,6.233619999861341,10.86906698617094,4.489549584144127,9.04834800427766,17.10268698603228,13.99731197951134,76.59,12.95741726939639,12.91430604939257,4.405400808420379,73.57869033536369,0,52.4,48.5,74.27,0.0,0.0,0.0,0.043111220003819284,0.0,0.0,0.0,0.0,14.032296613279021,12.85601346373942,0.01776994554110196,75.241,46.05,56.4,63.00699999999999
Курганская область,2021,26.46311122229992,21.55665699627069,4.90645422602923,15.59528425895185,5.396221091221992,8.68683933896594,20.50173848498108,13.56751575647742,63.81,12.76219576978202,12.73368224767129,2.89239239636887,92.47095274980636,0,41.8,41.5,73.3,0.7084876588355337,1.0,0.0,0.028513522110729994,7.084876588355336,2.1201965542942296,0.3,0.2,13.633687543490748,12.673840486292647,0.01188896439970204,62.435,42.95,49.15,66.363
Свердловская область,2021,0.3268195119658279,0.0,0.3268195119658279,7.406188409511863,3.960861446996939,5.742494109678444,7.733007921477691,15.26866394888274,85.73,13.48856749421473,13.43722414096199,5.268427380857466,90.6531957904619,0,41.5,40.5,74.6,0.9320395900215016,1.0,0.0,0.05134335325274009,9.320395900215017,9.156499373804538,1.0,0.1,15.277535141773035,13.418360170253417,0.01509034847636297,84.94300000000001,36.6,46.35,67.53
Тюменская область,2021,0.3192146750347188,0.0,0.3192146750347188,1.254650848325753,2.252488202697991,2.605348051856009,1.573865523360472,14.28303549278356,67.38,13.80125594195227,13.78208022869725,1.936074807695798,73.31976912372754,0,81.1,58.4,79.75,0.7084876588355337,1.0,0.0,0.0191757132550201,7.084876588355336,7.07239478992211,1.0,0.1,14.218849082364192,13.851065183654274,-0.010386970251895989,64.976,60.3,78.65,75.095
Челябинская область,2021,5.909366221573594,2.529676002164945,3.37969021940865,7.879467988470912,4.230118205678991,6.099360926768059,11.25915820787956,15.04909886195355,82.64,13.30701737860041,13.23907152888049,7.030734946678718,83.79738904074622,0,44.4,38.2,73.0,0.7300386142373754,1.0,0.0,0.06794584971991924,7.300386142373753,1.4601981898440337,0.2,0.2,15.063058138389987,13.21378815960539,0.013439296059669027,82.533,44.25,52.05,67.414
Ханты-Мансийский автономный округ - Югра,2021,0.261023917263641,0.0,0.261023917263641,1.44365849625722,2.40696661921319,2.500813289935828,1.704682413520861,14.3496520421541,92.05,15.0218752993266,14.96104055888148,6.272327449921877,68.10534890794732,0,39.3,47.6,76.23,0.7191017061589129,1.0,0.0,0.06083474044512016,7.191017061589129,7.309642049936467,1.0,0.0,14.312446241182107,15.101363631381437,-0.018493822206228926,91.899,44.3,47.1,69.356
Ямало-Ненецкий автономный округ,2021,0.1594230219576255,0.0,0.1594230219576255,0.3005576345884299,0.8515305178613659,5.195202297730083,0.4599806565460554,13.14218561235142,84.64,15.92849160912376,15.84255048596493,8.974216583988536,61.73862802169426,0,74.4,67.1,85.54,0.6400005184814318,1.0,0.0,0.08594112315883073,6.400005184814318,6.287617879029826,1.0,0.1,13.15681205450636,15.626406435148212,0.050444200389276085,84.786,69.4,78.3,84.86800000000001
Республика Тыва,2021,44.674983871931,36.65090938017647,8.024074491754538,16.14011310388313,5.605727190784326,18.82165172058773,24.16418759563767,12.7218499892701,54.65,12.51807506616858,12.53742254970625,-1.916152220378053,16.26883698581899,1,90.1,82.6,91.98,0.6802225990864245,1.0,0.0,-0.01934748353767013,6.802225990864245,6.909227620251606,1.0,0.0,12.68017391648718,12.577339800353524,-0.0029048978322650854,54.451,83.95,88.1,90.59400000000001
Алтайский край,2021,22.91173075647299,19.56999280851982,3.341737947953174,13.78231313457702,5.409947609643351,7.985500965179767,17.12405108253019,14.59206554712006,58.06,12.89931657141014,12.84719755352198,5.350112053064193,93.92766264596298,0,40.8,35.2,64.66,0.5880556065679317,1.0,0.0,0.05211901788815965,5.8805560656793165,8.48098297281967,1.0,0.1,14.644949049966584,12.76249114852617,0.02413049000470995,56.720000000000006,36.2,46.65,59.543000000000006
Красноярский край,2021,1.26476503729797,0.2290970532606332,1.035667984037337,5.792177644836309,3.33477127268914,3.579583354422452,6.827845628873646,14.8661069826152,79.26,13.9034249104821,13.90267588458485,0.07493064871948452,91.31694705096045,0,36.7,40.4,74.28,0.7619053791445616,1.0,0.0,0.0007490258972495667,7.619053791445616,5.471818442093575,0.7,0.2,14.868241774506672,13.90333664054648,0.008165780660617017,78.179,38.55,43.2,64.396
Иркутская область,2021,3.284204667542913,0.7615288066975214,2.522675860845391,10.40976994428366,4.477683546907039,6.41424956025654,12.93244580512905,14.67928746142849,77.68,13.63102554258057,13.57913924382619,5.325597918808733,91.40701771588505,0,34.7,39.8,73.06,0.7111116872015905,1.0,0.0,0.05188629875437911,7.111116872015905,2.3390715803622264,0.3,0.4,14.693891829081224,13.49487285365654,0.030863608300009913,78.506,37.35,40.9,60.733000000000004
Кемеровская область - Кузбасс,2021,2.805062865571763,1.466483668695759,1.338579196876004,7.50129795471447,3.682891886655844,6.085418441625027,8.839877151590475,14.77376477660844,86.5,13.45809505416448,13.37608330538083,8.546856268993519,93.69873923071353,0,86.8,77.3,85.42,0.920864055368966,1.0,0.0,0.08201174878364981,9.20864055368966,5.203967124119177,0.8,0.1,14.804856835034371,13.38397253710104,0.0025126278093269504,86.069,70.75,78.1,79.659
Новосибирская область,2021,5.308016814751613,2.694170460564064,2.613846354187549,11.29027640878985,4.204545176070903,9.621994189466497,13.9041227629774,14.84493674219143,79.61,13.27395507153306,13.19623265793883,8.082259536574753,93.10494236245461,0,34.9,38.3,71.06,0.731429163978778,1.0,0.0,0.07772241359422871,7.31429163978778,2.8851626163274022,0.4,0.2,14.835074168230875,13.140787756219154,0.019580606761437025,78.91,36.05,45.85,60.75600000000001
Омская область,2021,9.606424361609028,6.418112636581598,3.18831172502743,12.5687634056404,5.087958439126945,9.768363649772763,15.75707513066783,14.43868152657361,73.45,12.96423901293942,12.93647691092724,2.815106025636638,85.83181391841353,0,38.7,36.3,67.31,0.7137552250722285,1.0,0.0,0.027762102012179213,7.137552250722285,7.238630859576507,1.0,0.2,14.477233397522411,12.891849038465546,0.013851675733471857,72.69800000000001,37.95,47.2,59.077999999999996
Томская область,2021,10.60074990332706,6.084581181598452,4.516168721728605,11.17306536034823,4.452912765672745,7.831351206760464,15.68923408207684,13.87754500903366,71.38,13.42944328935441,13.3903899233561,3.982597352065187,92.05339702188196,0,33.9,40.7,71.23,0.6857148412301061,1.0,0.0,0.039053365998309886,6.85714841230106,7.181908666166396,1.0,0.1,13.883383049493252,13.440413736671497,0.0020421963197739144,71.572,39.1,42.2,61.318000000000005
Республика Алтай,2021,36.76337968820643,32.59016296842398,4.17321671978245,15.90643976347091,5.166756031536305,11.54616354228918,20.07965648325336,12.25949966191303,30.96,12.77474586226428,12.73528868006615,4.024595688609112,56.62635151132507,1,45.1,48.8,70.62,0.8329724752469827,1.0,0.0,0.03945718219813088,8.329724752469827,2.355787000566351,0.3,0.1,12.25551773039436,12.631323468657445,0.02108814976007505,30.145999999999997,51.05,54.35,67.995
Республика Хакасия,2021,12.24402786080862,7.382309545140638,4.86171831566798,11.32222981771934,5.11013868181849,6.500343517126191,16.18394813338732,13.18940127250296,68.48,13.28740295739174,13.25878885474882,2.90274188842421,81.656591192903,1,39.4,38.1,69.16,0.0,0.0,0.0,0.028614102642919192,0.0,5.3604922594408,0.7,0.1,13.194250190951431,13.20431037255266,0.017542535983104023,68.139,39.1,47.8,61.628
Республика Бурятия,2021,25.73543606648656,22.66983937821813,3.065596688268424,19.95916974671202,5.433274292293786,8.764707705447154,23.02476643498045,13.79474953155034,59.17,12.80386877045039,12.75773661534874,4.721279632611286,66.05043759070661,1,40.5,43.3,73.72,0.7007304946876984,1.0,0.0,0.04613215510164892,7.007304946876984,6.674006840534031,1.0,0.1,13.79338927924395,12.748006162640538,0.0026454229679838902,59.162,46.15,48.7,68.456
Республика Саха (Якутия),2021,17.56480484641362,16.08481253019328,1.479992316220345,7.350235136029175,2.788215164773561,4.131214543273551,8.83022745224952,13.80802460802848,66.66,14.33718074630062,14.19945200025106,14.76641996006214,37.83701950647506,0,48.1,46.4,64.38,0.7164184908374245,1.0,0.0,0.1377287460495591,7.164184908374245,2.1237409083227794,0.3,0.1,13.783010412041786,14.202154809336957,0.02271373016148992,65.633,47.8,54.1,67.93599999999999
Приморский край,2021,7.133640088508917,5.416386567046053,1.717253521462865,13.47184568759569,3.878581286102484,5.624365759017897,15.18909920905856,14.43073781780997,78.38,13.50341993923813,13.42428919986075,8.234581803892493,92.51599441368536,0,37.4,39.0,65.26,0.8187639895284842,1.0,0.0,0.07913073937737991,8.187639895284843,7.58437064059278,1.0,0.2,14.459640510954193,13.37265391260488,0.007975210240877929,77.601,36.0,43.05,59.69500000000001
Хабаровский край,2021,7.75855315749683,5.033716626099938,2.724836531396891,11.37560362888998,4.302370318216957,7.010015819495258,14.10044016028687,14.07319620243033,83.37,13.57546357013591,13.52847312295087,4.811199661187748,91.81126152303911,0,36.9,37.3,65.78,0.0,0.0,1.0,0.04699044718503842,0.0,0.0,0.0,0.2,14.09581107317058,13.498208701900916,0.00944420509220798,82.83,37.7,45.05,59.039
Амурская область,2021,6.034488630664675,3.813185006636648,2.221303624028027,17.4429427220979,3.980448997305449,9.373199336886968,19.66424634612593,13.55236628937264,68.07,13.47766704156857,13.39298539504622,8.837052499834108,94.32830956041175,0,42.5,37.9,67.04,0.7137552250722285,1.0,0.0,0.0846816465223501,7.137552250722285,7.597476443923663,1.0,0.2,13.586747980047912,13.261594561190638,0.018746484191135872,67.55499999999999,40.7,48.25,64.1
Камчатский край,2021,44.51491716083811,41.0031942320572,3.511722928780907,8.586524499732464,1.752501450183497,4.902162263022969,12.09824742851337,12.58763091557961,77.86,13.99708667031688,13.91831056429229,8.196205016506596,85.9228898450654,0,39.5,46.7,69.44,0.7258985086745913,1.0,1.0,0.07877610602459129,7.258985086745913,1.9764007725271735,0.3,0.2,12.62727145068204,13.801110656901812,0.030757298557166024,77.689,46.0,46.55,62.720000000000006
Магаданская область,2021,10.60884760906541,8.683644888002766,1.925202721062647,9.199627849871979,1.933018219066826,6.340055112501411,11.12483057093463,11.82500986398103,96.38,14.66707561518873,14.59791538132279,7.160790326948563,84.13189010035116,0,40.6,44.7,72.3,0.6881726005176689,1.0,0.0,0.06916023386594006,6.88172600517669,2.0568589167803495,0.3,0.2,11.879134134929277,14.37913340631017,0.048625039535500035,96.053,42.85,46.6,61.065
Сахалинская область,2021,0.006071569254660926,0.0,0.006071569254660926,1.817671622664131,1.286539570901271,2.014733654547808,1.823743191918792,13.05545190972141,82.36,14.78902584149122,14.80620177523855,-1.702926830311435,86.46405226000026,0,37.1,45.4,66.92,0.7111116872015905,1.0,0.0,-0.017175933747330063,7.111116872015905,4.596819886461441,0.6,0.2,13.07874068277152,14.774164130342658,0.005006101852764111,81.62100000000001,43.65,43.1,59.486000000000004
Еврейская автономная область,2021,32.38213759078182,8.803637325136592,23.57850026564523,12.17555145321355,4.260543397470759,18.70219445566866,35.75405171885878,11.92551844268441,70.73,13.16917978547428,13.11022306097971,6.072933614874931,92.7393675532346,0,39.6,45.0,67.48,0.6832745748912088,1.0,0.0,0.05895672449456946,6.832745748912088,1.3609917500399296,0.2,0.2,11.992814610304743,13.05142859923661,0.005815462641654001,69.852,46.55,45.85,63.357000000000006
Чукотский автономный округ,2021,26.66908857419818,24.94758835055891,1.721500223639263,10.98588661225945,1.139281359869913,4.277145591137869,12.70738683589871,10.7736296283843,68.53,14.89146611023897,14.82555353354826,6.813333333333316,52.49183348689171,0,64.5,58.8,82.31,0.6678266279806251,1.0,0.0,0.06591257669070849,6.678266279806251,6.804508789301023,1.0,0.0,10.798123244199113,14.708184506899169,0.031235427564129024,67.761,64.55,71.8,75.541
Забайкальский край,2021,15.94107069947743,12.1697783359584,3.771292363519031,16.10620856536099,5.957014821057261,13.83961742550997,19.87750092888002,13.82310167241009,69.08,13.14749121234488,13.08277941048479,6.685151545225398,89.90678173459195,0,38.9,39.9,72.03,0.7111116872015905,1.0,0.0,0.06471180186009029,7.111116872015905,2.1115633114582004,0.3,0.3,13.866564971078045,12.974359006659611,0.019566395341172084,67.95700000000001,41.6,46.25,67.592
