region_name,year,dotations,dotations_equalization,other_dotations,subsidies,subventions,other_transfers,PST,ln_population,Urbanization,ln_grp_pc,ln_grp_pc_L1,grp_growth,russian_share,republic,turnout,UR,Putin,closeness_centrality,patronaged,t1,log_growth,delta_PST,closeness_centr,mean_closeness_centr,mean_patronaged,mean_t1,mean_ln_population,mean_ln_grp_pc_L1,mean_log_growth,mean_Urbanization,mean_UR,mean_turnout,mean_Putin
Алтайский край,2012,3.268912814696619,4.189237259782701,0.3940039687115249,1.628296281128296,1.693043051787861,1.123677387795614,1.405372613668864,14.68570792603184,55.4,12.68209872355978,12.65801167136304,2.437948849409133,93.92766264596298,0,52.5,37.2,57.35,0.965778843948438,1.0,0.0,0.0240870521967409,,9.657788439484381,8.48098297281967,1.0,0.1,14.644949049966584,12.76249114852617,0.02413049000470995,56.720000000000006,36.2,46.65,59.543000000000006
Алтайский край,2013,3.216495584833071,4.239677569542018,0.9539220710724782,2.033705195965968,1.652329983180903,0.8686834607027011,1.74591257337371,14.67787674727795,55.77,12.73776723172783,12.68209872355978,5.72471568445756,93.92766264596298,0,52.5,37.2,57.35,0.96707818930041,1.0,0.0,0.0556685081680488,0.34053995970484596,9.6707818930041,8.48098297281967,1.0,0.1,14.644949049966584,12.76249114852617,0.02413049000470995,56.720000000000006,36.2,46.65,59.543000000000006
Алтайский край,2014,2.472423996521513,3.733269227542543,0.8116293186193996,1.719621844391593,1.620869507823977,4.818806665149576,1.315622325937542,14.67054867087306,56.09,12.74908732940227,12.73776723172783,1.138441243412669,93.92766264596298,0,52.5,37.2,57.35,0.9569888262367435,1.0,0.0,0.011320097674440532,-0.43029024743616806,9.569888262367435,8.48098297281967,1.0,0.1,14.644949049966584,12.76249114852617,0.02413049000470995,56.720000000000006,36.2,46.65,59.543000000000006
Алтайский край,2015,2.765658862848845,3.248485184059293,1.314902182353841,1.986458440348389,1.577928837743792,3.394681822603544,1.794784806835845,14.66318234843091,56.37,12.76144119335545,12.74908732940227,1.243048814029213,93.92766264596298,0,52.5,37.2,57.35,0.9560433632970701,1.0,0.0,0.012353863953180166,0.47916248089830304,9.560433632970701,8.48098297281967,1.0,0.1,14.644949049966584,12.76249114852617,0.02413049000470995,56.720000000000006,36.2,46.65,59.543000000000006
Алтайский край,2016,2.869229960455264,3.349997785462986,1.121645520188781,1.844187450093277,1.668770096068239,0.7779824666298543,1.641022996759522,14.65462430538822,56.57,12.75994890054464,12.76144119335545,-0.1491179895563022,93.92766264596298,0,52.5,37.2,57.35,0.9776962321039215,1.0,0.0,-0.00149229281081098,-0.15376181007632295,9.776962321039216,8.48098297281967,1.0,0.1,14.644949049966584,12.76249114852617,0.02413049000470995,56.720000000000006,36.2,46.65,59.543000000000006
Алтайский край,2017,3.182856808608261,3.758969233586331,0.7118774008496933,1.321614375835093,1.597426018654068,0.5096720296409015,1.167632062803037,14.64434355870215,56.77,12.77720526096713,12.75994890054464,1.740611155640104,93.92766264596298,0,40.8,35.2,57.35,0.9863010880627017,1.0,0.0,0.01725636042248979,-0.473390933956485,9.863010880627016,8.48098297281967,1.0,0.1,14.644949049966584,12.76249114852617,0.02413049000470995,56.720000000000006,36.2,46.65,59.543000000000006
Алтайский край,2018,3.314238636334727,4.307622621699122,1.670455481788401,1.615915907097147,1.613986682939813,0.8184503497368002,1.643312102527867,14.63259468883473,57.06,12.80875675813073,12.77720526096713,3.20545221077535,93.92766264596298,0,40.8,35.2,57.35,0.9223309736829312,1.0,0.0,0.03155149716360128,0.47568003972483,9.22330973682931,8.48098297281967,1.0,0.1,14.644949049966584,12.76249114852617,0.02413049000470995,56.720000000000006,36.2,46.65,59.543000000000006
Алтайский край,2019,3.218906997637507,4.057756919541226,0.9197354190999384,1.588053463480253,1.669180287540635,0.9228824936405823,1.383770287783869,14.6206940712461,57.39,12.84339686268885,12.80875675813073,3.524706104804132,93.92766264596298,0,40.8,35.2,64.66,0.5784306943888942,1.0,1.0,0.034640104558119944,-0.25954181474399807,5.784306943888941,8.48098297281967,1.0,0.1,14.644949049966584,12.76249114852617,0.02413049000470995,56.720000000000006,36.2,46.65,59.543000000000006
Алтайский край,2020,2.866958537906916,4.181081679088221,1.252166707189215,1.749844261657502,1.500232213041842,1.217813974514563,1.567841155465892,14.60785263576082,57.72,12.84719755352198,12.84339686268885,0.3807922617557136,93.92766264596298,0,40.8,35.2,64.66,0.5822791552306273,1.0,0.0,0.0038006908331293943,0.18407086768202308,5.822791552306273,8.48098297281967,1.0,0.1,14.644949049966584,12.76249114852617,0.02413049000470995,56.720000000000006,36.2,46.65,59.543000000000006
Алтайский край,2021,3.387315323216353,4.11001345497383,1.668833440893254,1.73970619496631,1.570852885623692,1.279626989072503,1.725406602935169,14.59206554712006,58.06,12.89931657141014,12.84719755352198,5.350112053064193,93.92766264596298,0,40.8,35.2,64.66,0.5880556065679317,1.0,0.0,0.05211901788815965,0.15756544746927692,5.8805560656793165,8.48098297281967,1.0,0.1,14.644949049966584,12.76249114852617,0.02413049000470995,56.720000000000006,36.2,46.65,59.543000000000006
Амурская область,2012,0.9008745717661957,0.7904401922530433,1.245849407823647,1.539374725787747,0.9310920974033117,0.6406246032882517,1.486361562119384,13.6144892454876,67.08,13.27104881440932,13.29020219965721,-1.897112465536532,94.32830956041175,0,54.0,43.5,62.84,0.8141020383283292,1.0,0.0,-0.019153385247889787,,8.141020383283292,7.597476443923663,1.0,0.2,13.586747980047912,13.261594561190638,0.018746484191135872,67.55499999999999,40.7,48.25,64.1
Амурская область,2013,1.379152718042605,0.7775606952162418,2.709459737984696,3.417381570955485,1.009305533920982,8.505763289070511,3.228700458791338,13.60718665124834,67.24,13.16630190483996,13.27104881440932,-9.944758505512684,94.32830956041175,0,54.0,43.5,62.84,0.8216783216783199,1.0,0.0,-0.10474690956936072,1.7423388966719542,8.216783216783199,7.597476443923663,1.0,0.2,13.586747980047912,13.261594561190638,0.018746484191135872,67.55499999999999,40.7,48.25,64.1
Амурская область,2014,0.5474762430692812,0.5717971805883011,0.515440524014003,1.364671985919985,0.9353903716372761,1.743391080248583,0.986817442046653,13.60185312086047,67.4,13.20216464026266,13.16630190483996,3.65135601300106,94.32830956041175,0,54.0,43.5,62.84,0.8042165136146124,1.0,0.0,0.035862735422700354,-2.2418830167446853,8.042165136146124,7.597476443923663,1.0,0.2,13.586747980047912,13.261594561190638,0.018746484191135872,67.55499999999999,40.7,48.25,64.1
Амурская область,2015,0.5659359512634904,0.4812576837597979,0.820370220641649,0.8262909983030021,0.9425599725552889,0.5414343414511615,0.8246011071672089,13.59739434836409,67.48,13.24295534200643,13.20216464026266,4.163407053450596,94.32830956041175,0,54.0,43.5,62.84,0.8042165136146124,1.0,0.0,0.040790701743770086,-0.1622163348794441,8.042165136146124,7.597476443923663,1.0,0.2,13.586747980047912,13.261594561190638,0.018746484191135872,67.55499999999999,40.7,48.25,64.1
Амурская область,2016,0.4754906076002976,0.5076469074132455,0.3586028994664417,0.7276545012953864,0.8658302750700885,0.2305906259629093,0.6238845139294841,13.59132896807439,67.48,13.23492179791662,13.24295534200643,-0.8001361412465435,94.32830956041175,0,54.0,43.5,62.84,0.7471599046476005,1.0,1.0,-0.008033544089810718,-0.20071659323772484,7.471599046476005,7.597476443923663,1.0,0.2,13.586747980047912,13.261594561190638,0.018746484191135872,67.55499999999999,40.7,48.25,64.1
Амурская область,2017,0.5608628243875943,0.6302457287103956,0.2632755473233108,0.6293135833151305,0.8290180360788504,0.1934832427311203,0.536874735497051,13.58576652129419,67.5,13.21311304790069,13.23492179791662,-2.157265862794877,94.32830956041175,0,42.5,37.9,62.84,0.7619045442177486,1.0,0.0,-0.0218087500159303,-0.08700977843243307,7.619045442177486,7.597476443923663,1.0,0.2,13.586747980047912,13.261594561190638,0.018746484191135872,67.55499999999999,40.7,48.25,64.1
Амурская область,2018,0.6012982779737229,0.5691995887982244,0.6544129701039241,0.5123328911590811,0.9693474756288525,0.8116862856993691,0.5837022340925397,13.5793539529458,67.6,13.23244184151563,13.21311304790069,1.951680413141399,94.32830956041175,0,42.5,37.9,62.84,0.6934313159805964,1.0,0.0,0.019328793614940665,0.04682749859548874,6.9343131598059635,7.597476443923663,1.0,0.2,13.586747980047912,13.261594561190638,0.018746484191135872,67.55499999999999,40.7,48.25,64.1
Амурская область,2019,0.5600668769183769,0.5363053873265524,0.6251938324162742,0.617005345233258,0.9127824526599024,1.58719853504942,0.6195083004952946,13.57301342851622,67.77,13.36981062835162,13.23244184151563,14.7251161640749,94.32830956041175,0,42.5,37.9,67.04,0.7224481325836793,1.0,1.0,0.13736878683599052,0.035806066402754855,7.224481325836793,7.597476443923663,1.0,0.2,13.586747980047912,13.261594561190638,0.018746484191135872,67.55499999999999,40.7,48.25,64.1
Амурская область,2020,0.4428811738947468,0.5431697431157462,0.3196467849569958,0.7699006721715633,0.7714402465677122,1.662812804892456,0.605240632127262,13.56472727431537,67.93,13.39298539504622,13.36981062835162,2.344538808595842,94.32830956041175,0,42.5,37.9,67.04,0.7145639341859347,1.0,0.0,0.023174766694598503,-0.014267668368032616,7.145639341859347,7.597476443923663,1.0,0.2,13.586747980047912,13.261594561190638,0.018746484191135872,67.55499999999999,40.7,48.25,64.1
Амурская область,2021,0.6168205360786129,0.5536828550942854,0.7669537052340482,1.522278708760739,0.7990889767920885,1.038459824536575,1.369881083712647,13.55236628937264,68.07,13.47766704156857,13.39298539504622,8.837052499834108,94.32830956041175,0,42.5,37.9,67.04,0.7137552250722285,1.0,0.0,0.0846816465223501,0.764640451585385,7.137552250722285,7.597476443923663,1.0,0.2,13.586747980047912,13.261594561190638,0.018746484191135872,67.55499999999999,40.7,48.25,64.1
Архангельская область,2012,0.7799334763367423,0.8849598772497925,0.4518520799780237,0.5936506869574291,1.319402197641714,0.6215746396900398,0.5680406550464354,13.95669409808601,76.34,13.16175847923364,13.10469140629539,5.872681993268714,95.58024333912395,0,50.0,31.9,57.97,0.7195462775026603,1.0,0.0,0.05706707293825097,,7.195462775026603,7.068758662357756,1.0,0.1,13.879810975329358,13.259508408329705,0.03269411072146813,77.051,38.2,43.3,63.160000000000004
Архангельская область,2013,1.370398807376957,1.409710884211465,1.283467581900017,1.028988551028273,1.175959474314543,0.6749579577257172,1.096814381976075,13.93896105871291,76.5,13.19929414590292,13.16175847923364,3.824902730613711,95.58024333912395,0,50.0,31.9,57.97,0.7078313253012025,1.0,1.0,0.03753566666927988,0.5287737269296395,7.078313253012025,7.068758662357756,1.0,0.1,13.879810975329358,13.259508408329705,0.03269411072146813,77.051,38.2,43.3,63.160000000000004
Архангельская область,2014,1.135736781313367,1.332946542187613,0.8759706234756856,0.5918259652004932,1.074234882589408,1.027638924629882,0.718252452045022,13.9222587104087,76.69,13.22693643424547,13.19929414590292,2.802788108432619,95.58024333912395,0,50.0,31.9,57.97,0.7139034291979991,1.0,0.0,0.027642288342550003,-0.378561929931053,7.139034291979991,7.068758662357756,1.0,0.1,13.879810975329358,13.259508408329705,0.03269411072146813,77.051,38.2,43.3,63.160000000000004
Архангельская область,2015,1.395657714693809,1.403991021366878,1.370618482581815,0.5151731894904686,0.9542534457688817,1.446567304780605,0.7593318964432869,13.90585296424399,76.94,13.24434168074326,13.22693643424547,1.755760043634402,95.58024333912395,0,50.0,31.9,57.97,0.7092386907067928,1.0,0.0,0.017405246497789406,0.04107944439826494,7.092386907067928,7.068758662357756,1.0,0.1,13.879810975329358,13.259508408329705,0.03269411072146813,77.051,38.2,43.3,63.160000000000004
Архангельская область,2016,1.245413148411744,1.330199928140683,0.9372143686947041,0.4140543726509318,0.9324254281472851,1.1366631486223,0.5611565825065887,13.88949309367975,77.13,13.25266937961024,13.24434168074326,0.836247060702755,95.58024333912395,0,50.0,31.9,57.97,0.7205487299615212,1.0,0.0,0.008327698866979816,-0.19817531393669818,7.205487299615212,7.068758662357756,1.0,0.1,13.879810975329358,13.259508408329705,0.03269411072146813,77.051,38.2,43.3,63.160000000000004
Архангельская область,2017,1.368714395364774,1.474774333411799,0.9138172059623332,0.5718980346897541,0.9549550605124361,0.7631340504741737,0.6582459306227773,13.87254190817643,77.23,13.30498770895085,13.25266937961024,5.371111629572045,95.58024333912395,0,36.6,44.5,57.97,0.7272725194805767,1.0,0.0,0.052318329340611314,0.09708934811618852,7.272725194805767,7.068758662357756,1.0,0.1,13.879810975329358,13.259508408329705,0.03269411072146813,77.051,38.2,43.3,63.160000000000004
Архангельская область,2018,1.15348165192046,1.38294296523597,0.7737849314123747,0.7644294068688544,0.9998983780280296,0.4158879178416026,0.7691288527336622,13.85427347403677,77.3,13.35184359994242,13.30498770895085,4.797097613907919,95.58024333912395,0,36.6,44.5,57.97,0.6818188298278127,1.0,0.0,0.04685589099156928,0.11088292211088491,6.818188298278127,7.068758662357756,1.0,0.1,13.879810975329358,13.259508408329705,0.03269411072146813,77.051,38.2,43.3,63.160000000000004
Архангельская область,2019,1.196605738135866,1.353773694395424,0.7658301146861598,0.9477775443470023,0.9732734938176433,1.107520302601353,0.8921621093704181,13.83718594036333,77.39,13.3749132052934,13.35184359994242,2.333776685272304,95.58024333912395,0,36.6,44.5,75.27,0.6833968821737503,1.0,0.0,0.023069605350979572,0.1230332566367559,6.8339688217375025,7.068758662357756,1.0,0.1,13.879810975329358,13.259508408329705,0.03269411072146813,77.051,38.2,43.3,63.160000000000004
Архангельская область,2020,1.502604847444968,1.345813337852444,1.695269934058015,1.091762813653419,0.9424790049782399,0.7954696069722751,1.312468307675029,13.8202871319496,77.45,13.37364804307947,13.3749132052934,-0.1264362233625138,95.58024333912395,0,36.6,44.5,75.27,0.6833968821737503,1.0,0.0,-0.0012651622139294716,0.4203061983046109,6.8339688217375025,7.068758662357756,1.0,0.1,13.879810975329358,13.259508408329705,0.03269411072146813,77.051,38.2,43.3,63.160000000000004
Архангельская область,2021,1.298082412359564,1.330544343071176,1.220892175742412,1.112773505024254,0.9605837456319439,0.7720223917440026,1.134587993574045,13.80056137363609,77.54,13.43163251351007,13.37364804307947,5.969853892050248,95.58024333912395,0,36.6,44.5,75.27,0.7218050960316897,1.0,0.0,0.05798447043060051,-0.17788031410098393,7.218050960316898,7.068758662357756,1.0,0.1,13.879810975329358,13.259508408329705,0.03269411072146813,77.051,38.2,43.3,63.160000000000004
Астраханская область,2012,0.2942194540685182,0.2698263197316636,0.3704187097340201,0.5844124797188532,0.4236986879480689,0.2939488687671966,0.5457633886254452,13.82495382959157,66.41,13.07514677973197,12.96694124871173,11.42767402881464,67.57391327159684,0,56.0,60.2,68.76,0.0,0.0,0.0,0.10820553102023922,,0.0,2.6100094728212637,0.3,0.1,13.810541734377562,13.269590553481365,0.04760383200078096,65.529,51.2,46.5,71.21700000000001
Астраханская область,2013,0.3348155460320512,0.215899066653306,0.597776857522053,0.4679452941366661,0.4018843827995063,0.1820586238767679,0.5025490634126668,13.82290415781793,66.26,13.22733910993533,13.07514677973197,16.43841611401782,67.57391327159684,0,56.0,60.2,68.76,0.0,0.0,0.0,0.15219233020336098,-0.04321432521277835,0.0,2.6100094728212637,0.3,0.1,13.810541734377562,13.269590553481365,0.04760383200078096,65.529,51.2,46.5,71.21700000000001
Астраханская область,2014,0.4016632365228186,0.2419224689621803,0.6120749588195127,0.3943069553840092,0.5217895151565493,0.2869613098224678,0.4912000090441409,13.82376340930999,66.01,13.2314673999543,13.22733910993533,0.4136823146584145,67.57391327159684,0,56.0,60.2,68.76,0.0,0.0,0.0,0.004128290018968528,-0.011349054368525902,0.0,2.6100094728212637,0.3,0.1,13.810541734377562,13.269590553481365,0.04760383200078096,65.529,51.2,46.5,71.21700000000001
Астраханская область,2015,0.4684288508471567,0.1925114345189864,1.297482730924544,0.2955959352126549,0.5069343753110819,0.3548695029342603,0.5815515498261031,13.82206006305443,65.74,13.22413000155772,13.2314673999543,-0.7310545406136404,67.57391327159684,0,56.0,60.2,68.76,0.0,0.0,0.0,-0.007337398396579431,0.09035154078196223,0.0,2.6100094728212637,0.3,0.1,13.810541734377562,13.269590553481365,0.04760383200078096,65.529,51.2,46.5,71.21700000000001
Астраханская область,2016,0.9028373246737464,0.2377199494157621,3.320529847947468,0.1941970775933953,0.5447672967421877,0.253285968191977,1.073259816986725,13.81823384644578,65.53,13.25557138519934,13.22413000155772,3.194088520604299,67.57391327159684,0,56.0,60.2,68.76,0.0,0.0,0.0,0.031441383641620746,0.49170826716062177,0.0,2.6100094728212637,0.3,0.1,13.810541734377562,13.269590553481365,0.04760383200078096,65.529,51.2,46.5,71.21700000000001
Астраханская область,2017,0.4064323321031901,0.3756810040974277,0.5383265509552845,0.2478415656247677,0.554009122619014,0.4473136175287445,0.3212003281360079,13.81497441426492,65.4,13.37305196147022,13.25557138519934,12.46597846445694,67.57391327159684,0,37.0,42.2,68.76,0.0,0.0,0.0,0.1174805762708786,-0.752059488850717,0.0,2.6100094728212637,0.3,0.1,13.810541734377562,13.269590553481365,0.04760383200078096,65.529,51.2,46.5,71.21700000000001
Астраханская область,2018,0.7368999658537908,0.3734919558402356,1.338242421428365,0.6694798628196652,0.5460267336627166,0.3530057023021759,1.005411154108788,13.80973390518682,65.34,13.4223093559651,13.37305196147022,5.0490706469263,67.57391327159684,0,37.0,42.2,68.76,0.0,0.0,0.0,0.0492573944948802,0.6842108259727802,0.0,2.6100094728212637,0.3,0.1,13.810541734377562,13.269590553481365,0.04760383200078096,65.529,51.2,46.5,71.21700000000001
Астраханская область,2019,0.5424907297105948,0.411784093507355,0.9007395358888594,0.4993429625172486,0.59657375053396,0.29037794624675,0.6220368915701905,13.80091150854309,65.19,13.45484827922614,13.4223093559651,3.307410297440794,67.57391327159684,0,37.0,42.2,76.95,0.8613128587980615,1.0,0.0,0.0325389232610398,-0.3833742625385975,8.613128587980615,2.6100094728212637,0.3,0.1,13.810541734377562,13.269590553481365,0.04760383200078096,65.529,51.2,46.5,71.21700000000001
Астраханская область,2020,0.6631808388812772,0.3487428281878616,1.049561623925835,0.7506546049678436,0.7066440205128107,0.4029510687084713,0.8599663579781865,13.78965927437384,64.9,13.46510001306181,13.45484827922614,1.030446289303044,67.57391327159684,0,37.0,42.2,76.95,0.8699773666802755,1.0,1.0,0.010251733835671573,0.23792946640799606,8.699773666802756,2.6100094728212637,0.3,0.1,13.810541734377562,13.269590553481365,0.04760383200078096,65.529,51.2,46.5,71.21700000000001
Астраханская область,2021,0.4721014129335211,0.348218437467793,0.7666789682240234,0.7723484009555585,0.764751743999238,0.5750403497367659,0.7712045117957641,13.77822293518727,64.51,13.44297956871954,13.46510001306181,-2.187758135518092,67.57391327159684,0,37.0,42.2,76.95,0.8787192473429268,1.0,0.0,-0.022120444342270673,-0.08876184618242244,8.787192473429268,2.6100094728212637,0.3,0.1,13.810541734377562,13.269590553481365,0.04760383200078096,65.529,51.2,46.5,71.21700000000001
Белгородская область,2012,0.2053496374461194,0.1372504074214982,0.4180779636878992,2.478312524098061,1.135230546594948,0.9960002619368759,2.106216676612766,14.24681688705224,66.2,13.46014151432313,13.40971681842575,5.171766171820735,94.36612621715348,0,75.5,51.2,59.3,0.6271600887862697,1.0,0.0,0.05042469589738019,,6.271600887862697,6.258075849451342,1.0,0.1,14.252721865917223,13.553597196052564,0.028085594452510066,65.83500000000001,52.95,68.85,65.423
Белгородская область,2013,0.3266639178255317,0.06255769434390036,0.9106848984518258,3.010871735598196,1.273604953249727,0.5668181951436168,2.4511127767279,14.24970888489531,66.14,13.4868083187216,13.46014151432313,2.702554535296109,94.36612621715348,0,75.5,51.2,59.3,0.6233421750663124,1.0,0.0,0.026666804398470134,0.34489610011513383,6.233421750663124,6.258075849451342,1.0,0.1,14.252721865917223,13.553597196052564,0.028085594452510066,65.83500000000001,52.95,68.85,65.423
Белгородская область,2014,0.7009801382459522,0.02012304953645928,1.597810138883672,2.909031422344039,0.9987144968720493,1.003729701505913,2.325620488807791,14.25225402462795,66.06,13.51187834602194,13.4868083187216,2.538692308835433,94.36612621715348,0,75.5,51.2,59.3,0.6223773485315888,1.0,0.0,0.025070027300339248,-0.12549228792010902,6.2237734853158875,6.258075849451342,1.0,0.1,14.252721865917223,13.553597196052564,0.028085594452510066,65.83500000000001,52.95,68.85,65.423
Белгородская область,2015,0.3920247842967111,0.1494072713736581,1.121021862989082,3.02324956954776,1.078778344431612,0.6231244434135307,2.48032127136891,14.25447878282791,65.98,13.53921239006352,13.51187834602194,2.771104618253029,94.36612621715348,0,75.5,51.2,59.3,0.6229113083057274,1.0,0.0,0.027334044041580796,0.15470078256111908,6.229113083057274,6.258075849451342,1.0,0.1,14.252721865917223,13.553597196052564,0.028085594452510066,65.83500000000001,52.95,68.85,65.423
Белгородская область,2016,0.3514524491189092,0.331967705120066,0.4222792259199719,3.133035648563645,1.127930732679417,0.5713509629628157,2.370824731890391,14.25632028713357,65.94,13.5708056618441,13.53921239006352,3.209763669065913,94.36612621715348,0,75.5,51.2,59.3,0.6261911581808453,1.0,0.0,0.03159327178057936,-0.10949653947851923,6.2619115818084525,6.258075849451342,1.0,0.1,14.252721865917223,13.553597196052564,0.028085594452510066,65.83500000000001,52.95,68.85,65.423
Белгородская область,2017,0.4585090561262278,0.4904195653679059,0.3216430421181503,2.292218533439766,1.135839516454743,0.4139062722418815,1.794571540381408,14.2564869436661,65.89,13.60985971846485,13.5708056618441,3.982669164805075,94.36612621715348,0,62.2,54.7,59.3,0.631578766917344,1.0,0.0,0.0390540566207509,-0.5762531915089828,6.3157876691734405,6.258075849451342,1.0,0.1,14.252721865917223,13.553597196052564,0.028085594452510066,65.83500000000001,52.95,68.85,65.423
Белгородская область,2018,0.5820140863438058,0.3689538644761411,0.9345714143960576,1.847863886816769,1.096269136627625,1.071206906049586,1.389100883960865,14.25499698835311,65.76,13.63506620039515,13.60985971846485,2.552685142824007,94.36612621715348,0,62.2,54.7,59.3,0.584016948500053,1.0,0.0,0.025206481930299063,-0.40547065642054303,5.84016948500053,6.258075849451342,1.0,0.1,14.252721865917223,13.553597196052564,0.028085594452510066,65.83500000000001,52.95,68.85,65.423
Белгородская область,2019,0.3420488148527165,0.3055376346899843,0.4421209082475747,1.582994513246876,1.028742613891942,1.327761451389243,1.234266411324174,14.25500343200499,65.6,13.65486238403946,13.63506620039515,1.999342749626232,94.36612621715348,0,62.2,54.7,79.71,0.587063988334996,1.0,0.0,0.019796183644309906,-0.15483447263669103,5.870639883349959,6.258075849451342,1.0,0.1,14.252721865917223,13.553597196052564,0.028085594452510066,65.83500000000001,52.95,68.85,65.423
Белгородская область,2020,0.5586774792591033,0.1398259481681854,1.073361384818529,1.192486375357538,0.9027127897775945,1.102683418779176,1.148921785979362,14.25324470815139,65.44,13.65762060822614,13.65486238403946,0.2762031586768021,94.36612621715348,0,62.2,54.7,79.71,0.5935490743641219,1.0,0.0,0.002758224186679925,-0.08534462534481202,5.9354907436412185,6.258075849451342,1.0,0.1,14.252721865917223,13.553597196052564,0.028085594452510066,65.83500000000001,52.95,68.85,65.423
Белгородская область,2021,0.5005262536911937,0.1387969120909807,1.360671440911955,0.8776430581184049,0.9598438163519114,0.9131048503356405,0.9751009444916269,14.24790772045966,65.34,13.69057276295085,13.65762060822614,3.350108991418921,94.36612621715348,0,62.2,54.7,79.71,0.7398849924640838,1.0,1.0,0.032952154724711136,-0.17382084148773502,7.398849924640838,6.258075849451342,1.0,0.1,14.252721865917223,13.553597196052564,0.028085594452510066,65.83500000000001,52.95,68.85,65.423
Брянская область,2012,1.103246498639737,1.354928096243867,0.3170437033243332,1.097938203383565,1.20888953787313,0.6045088510333957,0.9569020289693774,14.04500748378399,69.24,12.67150957816323,12.58263974901036,9.293837835173768,96.70319132613922,0,59.9,50.1,64.02,0.0,0.0,0.0,0.08886982915286978,,0.0,5.557272194605841,0.7,0.1,14.01017982111388,12.761148914465238,0.03458679688419597,69.51,57.0,57.5,69.294
Брянская область,2013,1.096481542975048,1.275784211976121,0.6999875899039225,1.848644364539561,1.1295597090138,0.5096985040319927,1.542494973972485,14.03577797717298,69.33,12.69068941562741,12.67150957816323,1.93649521425534,96.70319132613922,0,59.9,50.1,64.02,0.0,0.0,0.0,0.01917983746418095,0.5855929450031075,0.0,5.557272194605841,0.7,0.1,14.01017982111388,12.761148914465238,0.03458679688419597,69.51,57.0,57.5,69.294
Брянская область,2014,0.9402355196974111,1.294979219748031,0.4729644902576793,2.106408011695694,0.861393828443941,1.289993319914897,1.379628465221307,14.02690374333377,69.46,12.73396507618395,12.69068941562741,4.42257070191141,96.70319132613922,0,59.9,50.1,64.02,0.0,0.0,0.0,0.04327566055653875,-0.1628665087511778,0.0,5.557272194605841,0.7,0.1,14.01017982111388,12.761148914465238,0.03458679688419597,69.51,57.0,57.5,69.294
Брянская область,2015,1.125278939175598,1.284422612945127,0.6470971629608144,2.194963431700326,2.081161773294607,0.4048598407614771,1.753175944220438,14.01983004303522,69.54,12.75592738897625,12.73396507618395,2.220525968256037,96.70319132613922,0,59.9,50.1,64.02,0.8105585036649076,1.0,1.0,0.021962312792300764,0.3735474789991309,8.105585036649076,5.557272194605841,0.7,0.1,14.01017982111388,12.761148914465238,0.03458679688419597,69.51,57.0,57.5,69.294
Брянская область,2016,1.472093695856429,1.679061447655769,0.7197687608929624,3.064921255213923,1.811176774723395,0.439385923334725,2.405510908528594,14.01481049618602,69.57,12.76394244480525,12.75592738897625,0.8047262377227193,96.70319132613922,0,59.9,50.1,64.02,0.8167710758880583,1.0,0.0,0.008015055829000417,0.6523349643081562,8.167710758880583,5.557272194605841,0.7,0.1,14.01017982111388,12.761148914465238,0.03458679688419597,69.51,57.0,57.5,69.294
Брянская область,2017,1.489740078329848,1.775519537294522,0.2640155015877712,2.970176617944037,1.685116357238375,0.3388378599021517,2.286765630536019,14.00866901618791,69.63,12.80834263692046,12.76394244480525,4.540063227747693,96.70319132613922,0,55.1,63.9,64.02,0.8299709444216395,1.0,0.0,0.044400192115208625,-0.11874527799257528,8.299709444216395,5.557272194605841,0.7,0.1,14.01017982111388,12.761148914465238,0.03458679688419597,69.51,57.0,57.5,69.294
Брянская область,2018,1.382819913545034,2.019923429980511,0.3285850522545056,1.752941264924987,1.504043105800591,1.50496176309779,1.037461883463314,14.00005547459426,69.67,12.84651498075564,12.80834263692046,3.891026723018998,96.70319132613922,0,55.1,63.9,64.02,0.7702710023460162,1.0,0.0,0.0381723438351802,-1.2493037470727049,7.7027100234601615,5.557272194605841,0.7,0.1,14.01017982111388,12.761148914465238,0.03458679688419597,69.51,57.0,57.5,69.294
Брянская область,2019,1.532048647391176,1.821595443910059,0.7384409377999185,1.154205810131786,1.233798443302353,1.859397661270775,1.027119957554352,13.99213256983291,69.63,12.87717737248649,12.84651498075564,3.113732462830443,96.70319132613922,0,55.1,63.9,81.6,0.7678949782342794,1.0,0.0,0.030662391730849947,-0.010341925908962102,7.678949782342794,5.557272194605841,0.7,0.1,14.01017982111388,12.761148914465238,0.03458679688419597,69.51,57.0,57.5,69.294
Брянская область,2020,1.336242477960081,1.879098400154098,0.6691822299930458,0.9323260781677519,1.009790274431825,1.613137241093713,0.8360930909393481,13.98452141919851,69.53,12.88078050172335,12.87717737248649,0.360962831033329,96.70319132613922,0,55.1,63.9,81.6,0.781317252878463,1.0,0.0,0.0036031292368612355,-0.1910268666150038,7.81317252878463,5.557272194605841,0.7,0.1,14.01017982111388,12.761148914465238,0.03458679688419597,69.51,57.0,57.5,69.294
Брянская область,2021,1.504860274527066,1.863050010693545,0.6531318072909691,0.8927504179518551,1.11030135493743,1.505351037792266,0.8444039352966546,13.97408998781323,69.5,12.92850771785232,12.88078050172335,4.888449752313639,96.70319132613922,0,55.1,63.9,81.6,0.780488437172477,1.0,0.0,0.04772721612896902,0.008310844357306446,7.80488437172477,5.557272194605841,0.7,0.1,14.01017982111388,12.761148914465238,0.03458679688419597,69.51,57.0,57.5,69.294
Владимирская область,2012,0.5347211549047807,0.5678042793962951,0.4313761141842937,0.5714785968366866,1.0527745572791,0.9114769212845344,0.5461748993747055,14.17265759045167,77.55,12.93905058657579,12.91165168439692,2.777770376828048,95.58201060163185,0,48.6,37.6,53.49,0.5120964434645948,1.0,0.0,0.027398902178870088,,5.120964434645948,4.579569635101675,0.7,0.2,14.148317042139514,12.981501158236167,0.028902071409907925,77.69,41.4,43.5,59.538
Владимирская область,2013,0.6565317896892915,0.5022300866027212,0.9977408333875509,1.198262120188529,1.10418925427585,0.2804557120159818,1.144817548141045,14.16727456295792,77.55,12.95833651923854,12.93905058657579,1.94731076068555,95.58201060163185,0,48.6,37.6,53.49,0.50429184549356,1.0,0.0,0.019285932662748806,0.5986426487663394,5.0429184549356,4.579569635101675,0.7,0.2,14.148317042139514,12.981501158236167,0.028902071409907925,77.69,41.4,43.5,59.538
Владимирская область,2014,0.6351160386743794,0.6752488787931267,0.5822527643894493,0.9921923656810907,0.9360881027580388,0.3630637991068658,0.809795047623629,14.1627404373813,77.59,12.97083881446433,12.95833651923854,1.258077563947646,95.58201060163185,0,48.6,37.6,53.49,0.7437322632870516,1.0,1.0,0.01250229522579005,-0.335022500517416,7.437322632870515,4.579569635101675,0.7,0.2,14.148317042139514,12.981501158236167,0.028902071409907925,77.69,41.4,43.5,59.538
Владимирская область,2015,0.6986778823887008,0.7267179167634236,0.6144255013493752,0.9071669879939508,0.8858000406429314,0.6808170130322574,0.823613564498811,14.15825664419725,77.67,12.9591932257185,12.97083881446433,-1.157804134124429,95.58201060163185,0,48.6,37.6,53.49,0.7290498273187148,1.0,0.0,-0.011645588745828661,0.013818516875181985,7.290498273187148,4.579569635101675,0.7,0.2,14.148317042139514,12.981501158236167,0.028902071409907925,77.69,41.4,43.5,59.538
Владимирская область,2016,0.8325156605003982,0.8326274910538146,0.8321091579747893,0.5856242764880318,0.9248558956894016,0.6279927829348871,0.6549309341776577,14.15387814013992,77.73,12.96955380145337,12.9591932257185,1.041443233408623,95.58201060163185,0,48.6,37.6,53.49,0.7265201282761191,1.0,0.0,0.010360575734869926,-0.16868263032115327,7.265201282761192,4.579569635101675,0.7,0.2,14.148317042139514,12.981501158236167,0.028902071409907925,77.69,41.4,43.5,59.538
Владимирская область,2017,0.8912906558449096,0.9145730372141834,0.7914311797552432,0.6732702157456482,0.917074764774516,0.5287482577054482,0.7031104571853782,14.14840210584998,77.79,12.98200544947974,12.96955380145337,1.252949255768487,95.58201060163185,0,38.4,45.2,53.49,0.7041562780300935,1.0,0.0,0.012451648026369,0.04817952300772055,7.041562780300935,4.579569635101675,0.7,0.2,14.148317042139514,12.981501158236167,0.028902071409907925,77.69,41.4,43.5,59.538
Владимирская область,2018,0.7434857820821728,0.870772617634025,0.5328603248991749,0.7625339798873081,0.9156495883539195,0.4115842069202766,0.6471648305501068,14.14108000314285,77.83,12.99431509369791,12.98200544947974,1.238571972221614,95.58201060163185,0,38.4,45.2,53.49,0.6597228492315403,1.0,0.0,0.01230964421817049,-0.05594562663527147,6.597228492315404,4.579569635101675,0.7,0.2,14.148317042139514,12.981501158236167,0.028902071409907925,77.69,41.4,43.5,59.538
Владимирская область,2019,0.8319929292277315,0.8489039908232361,0.7856420490905026,0.8091618053966224,0.9207993870590615,0.4291475701905825,0.8019725778271733,14.13511417316717,77.82,13.06231631459304,12.99431509369791,7.036661528336152,95.58201060163185,0,38.4,45.2,73.65,0.0,0.0,1.0,0.06800122089513039,0.1548077472770666,0.0,4.579569635101675,0.7,0.2,14.148317042139514,12.981501158236167,0.028902071409907925,77.69,41.4,43.5,59.538
Владимирская область,2020,0.7435576434880807,0.8605877839765413,0.5997512459851558,0.7107657246540477,0.8990985700772867,0.532448607000802,0.6701671889785393,14.12767839234601,77.73,13.06775009274353,13.06231631459304,0.5448567898921343,95.58201060163185,0,38.4,45.2,73.65,0.0,0.0,0.0,0.005433778150489843,-0.13180538884863402,0.0,4.579569635101675,0.7,0.2,14.148317042139514,12.981501158236167,0.028902071409907925,77.69,41.4,43.5,59.538
Владимирская область,2021,0.8138979155334087,0.8540195968570246,0.7184937911650447,0.8656442527743508,0.8736871964072379,0.4523099931880834,0.8359545420282716,14.11608837176106,77.64,13.200672398496,13.06775009274353,14.21612555242371,95.58201060163185,0,38.4,45.2,73.65,0.0,0.0,0.0,0.13292230575246933,0.16578735304973224,0.0,4.579569635101675,0.7,0.2,14.148317042139514,12.981501158236167,0.028902071409907925,77.69,41.4,43.5,59.538
Волгоградская область,2012,0.6594699971389124,0.656547248506264,0.6686000772356175,1.548683846965992,1.149778484787648,0.9920941094004154,1.389733248597871,14.76896064909162,76.18,13.00336043875921,12.97250922343446,3.133204606717066,90.0076005020229,0,52.0,35.5,63.41,0.0,0.0,0.0,0.030851215324748438,,0.0,4.767324418191054,0.7,0.2,14.753148639200223,13.007406433970996,-0.0009375837079140581,76.74600000000001,43.05,47.1,67.652
Волгоградская область,2013,0.6010510375401604,0.4177281926925822,1.006434849431026,1.068190730708048,1.192936205408969,1.021851860782464,1.051731048552001,14.76550952949721,76.3,13.02071446352261,13.00336043875921,1.750548070605085,90.0076005020229,0,52.0,35.5,63.41,0.0,0.0,1.0,0.0173540247634012,-0.33800220004587,0.0,4.767324418191054,0.7,0.2,14.753148639200223,13.007406433970996,-0.0009375837079140581,76.74600000000001,43.05,47.1,67.652
Волгоградская область,2014,1.332735731951155,0.9829233285867875,1.793511220867607,1.514281840157348,1.267050107394648,0.4924215347626534,1.638521337888049,14.76206625045844,76.41,13.07008667444979,13.02071446352261,5.061132698881843,90.0076005020229,0,52.0,35.5,63.41,0.0,0.0,0.0,0.049372210927179694,0.5867902893360479,0.0,4.767324418191054,0.7,0.2,14.753148639200223,13.007406433970996,-0.0009375837079140581,76.74600000000001,43.05,47.1,67.652
Волгоградская область,2015,1.102825140581303,1.089626035432579,1.142484722360235,2.069125210452692,1.257929938715977,1.226981095828723,1.804646178058714,14.75907748892242,76.53,13.00907010600989,13.07008667444979,-5.919234806815854,90.0076005020229,0,52.0,35.5,63.41,0.68865392659657,1.0,1.0,-0.0610165684399,0.16612484017066498,6.8865392659657,4.767324418191054,0.7,0.2,14.753148639200223,13.007406433970996,-0.0009375837079140581,76.74600000000001,43.05,47.1,67.652
Волгоградская область,2016,1.092645265940903,1.104241314260955,1.050493789576245,1.662182293338736,1.249879607792643,0.9961385816760773,1.490187623778348,14.75627534196084,76.65,12.99777332859198,13.00907010600989,-1.123320842798781,90.0076005020229,0,52.0,35.5,63.41,0.6976134918725594,1.0,0.0,-0.011296777417909354,-0.31445855428036595,6.976134918725593,4.767324418191054,0.7,0.2,14.753148639200223,13.007406433970996,-0.0009375837079140581,76.74600000000001,43.05,47.1,67.652
Волгоградская область,2017,1.324211147018301,1.27692086782523,1.527041881102326,1.981908366825703,1.199124263393045,1.392858447407165,1.867036878846603,14.75298257419322,76.79,13.00106609635959,12.99777332859198,0.3298194882511041,90.0076005020229,0,42.2,50.6,63.41,0.7007297267988037,1.0,0.0,0.0032927677676095612,0.37684925506825495,7.007297267988037,4.767324418191054,0.7,0.2,14.753148639200223,13.007406433970996,-0.0009375837079140581,76.74600000000001,43.05,47.1,67.652
Волгоградская область,2018,1.380438075263968,1.27858326368728,1.54898037707874,1.757442475909881,1.267848419957783,1.224008664842695,1.652728267341036,14.74908899265558,76.93,13.0009516564997,13.00106609635959,-0.01144333119068586,90.0076005020229,0,42.2,50.6,63.41,0.6612535286961143,1.0,0.0,-0.0001144398598906804,-0.21430861150556701,6.612535286961143,4.767324418191054,0.7,0.2,14.753148639200223,13.007406433970996,-0.0009375837079140581,76.74600000000001,43.05,47.1,67.652
Волгоградская область,2019,1.477629249594996,1.313899123465769,1.926390872761593,1.918906392104738,1.301395432038037,1.215511084532436,1.921194155378343,14.74469500744793,77.08,13.00434514137376,13.0009516564997,0.339924926247126,90.0076005020229,0,42.2,50.6,77.55,0.6666658850583855,1.0,0.0,0.0033934848740599932,0.268465888037307,6.666658850583856,4.767324418191054,0.7,0.2,14.753148639200223,13.007406433970996,-0.0009375837079140581,76.74600000000001,43.05,47.1,67.652
Волгоградская область,2020,1.252288834865096,1.359250542552986,1.120854507014544,1.736903897980638,1.299272984551496,1.335453255404714,1.51161163451284,14.73973930030266,77.22,12.99418721070898,13.00434514137376,-1.010651313293565,90.0076005020229,0,42.2,50.6,77.55,0.6727612908697546,1.0,0.0,-0.010157930664780324,-0.40958252086550284,6.727612908697545,4.767324418191054,0.7,0.2,14.753148639200223,13.007406433970996,-0.0009375837079140581,76.74600000000001,43.05,47.1,67.652
Волгоградская область,2021,1.246780356655186,1.36589382160368,0.9635440751984548,1.910295979652039,1.271453961982562,1.395855959510403,1.71927523881225,14.73309125747231,77.37,12.96313338635532,12.99418721070898,-3.057660691579311,90.0076005020229,0,42.2,50.6,77.55,0.6796465682988665,1.0,0.0,-0.03105382435365911,0.20766360429941,6.796465682988665,4.767324418191054,0.7,0.2,14.753148639200223,13.007406433970996,-0.0009375837079140581,76.74600000000001,43.05,47.1,67.652
Вологодская область,2012,0.255546457854477,0.3373527566340298,0.0,0.6603846054345777,1.217404657442586,0.8749996117556657,0.541113540795947,13.9954584665496,71.19,13.63009649642501,13.58101677807252,5.030407591331132,97.26601120869842,0,56.3,33.4,59.44,0.5545847946690806,1.0,1.0,0.049079718352489365,,5.545847946690806,5.559465151077335,1.0,0.1,13.978454104032071,13.637740710257905,0.01258994856479596,71.975,35.3,48.6,63.330999999999996
Вологодская область,2013,0.4595829652138789,0.1956725303177171,1.043170996399702,0.6313448211508575,1.117424495613307,0.2266818299217357,0.7411080988819247,13.99320643276813,71.38,13.58839664267729,13.63009649642501,-4.084237506090604,97.26601120869842,0,56.3,33.4,59.44,0.5402298850574699,1.0,0.0,-0.04169985374771912,0.19999455808597777,5.4022988505747,5.559465151077335,1.0,0.1,13.978454104032071,13.637740710257905,0.01258994856479596,71.975,35.3,48.6,63.330999999999996
Вологодская область,2014,0.5489457297142286,0.3479284519143262,0.8137271770502355,0.6212171911268837,0.9080915737867401,0.1957230474365362,0.7068720169135698,13.99094344224231,71.62,13.62021843544466,13.58839664267729,3.233351961213704,97.26601120869842,0,56.3,33.4,59.44,0.5550933108524959,1.0,0.0,0.03182179276736896,-0.034236081968354926,5.550933108524959,5.559465151077335,1.0,0.1,13.978454104032071,13.637740710257905,0.01258994856479596,71.975,35.3,48.6,63.330999999999996
Вологодская область,2015,0.4588311279267654,0.4396871325443134,0.5163534252257825,0.7276396242692178,0.8705157387961854,0.4649066583505658,0.6673349319971986,13.98850121701675,71.86,13.63557688593677,13.62021843544466,1.547699761535259,97.26601120869842,0,56.3,33.4,59.44,0.548318987773319,1.0,0.0,0.015358450492110265,-0.0395370849163712,5.48318987773319,5.559465151077335,1.0,0.1,13.978454104032071,13.637740710257905,0.01258994856479596,71.975,35.3,48.6,63.330999999999996
Вологодская область,2016,0.4688330122774663,0.4933914482770181,0.3795634347440542,0.5583356975694483,0.890435636691756,0.8484639978681388,0.5080684846300411,13.9854583748199,72.03,13.6396192284667,13.63557688593677,0.4050523816635286,97.26601120869842,0,56.3,33.4,59.44,0.553684813549379,1.0,0.0,0.004042342529929854,-0.15926644736715756,5.53684813549379,5.559465151077335,1.0,0.1,13.978454104032071,13.637740710257905,0.01258994856479596,71.975,35.3,48.6,63.330999999999996
Вологодская область,2017,0.4902091895589455,0.4735762361706689,0.5615488856507354,0.492327276747492,0.9150425545260876,0.2980078343023291,0.509808426633436,13.98074190552794,72.16,13.65131131149509,13.6396192284667,1.176070260565276,97.26601120869842,0,40.9,37.2,59.44,0.5549131362510767,1.0,0.0,0.011692083028391309,0.0017399420033948898,5.549131362510767,5.559465151077335,1.0,0.1,13.978454104032071,13.637740710257905,0.01258994856479596,71.975,35.3,48.6,63.330999999999996
Вологодская область,2018,0.5133426853052092,0.4288585067210018,0.6531412643324933,0.7313996665041937,0.8886855150818244,0.2003026072874523,0.692089083461902,13.97378358636776,72.31,13.68100911762476,13.65131131149509,3.014318395610349,97.26601120869842,0,40.9,37.2,59.44,0.551257777307593,1.0,0.0,0.029697806129668436,0.18228065682846606,5.51257777307593,5.559465151077335,1.0,0.1,13.978454104032071,13.637740710257905,0.01258994856479596,71.975,35.3,48.6,63.330999999999996
Вологодская область,2019,0.5088020389603714,0.3789226744855583,0.8647834077865408,1.046148423238313,0.9450351344334532,1.24041628488866,0.9907110134178652,13.96673610662087,72.38,13.68103198243468,13.68100911762476,0.00228650713209877,97.26601120869842,0,40.9,37.2,72.41,0.5654945446741275,1.0,0.0,2.286480992097495e-05,0.29862192995596315,5.654945446741275,5.559465151077335,1.0,0.1,13.978454104032071,13.637740710257905,0.01258994856479596,71.975,35.3,48.6,63.330999999999996
Вологодская область,2020,0.7181298384077676,0.2100271707021655,1.342485358271242,0.9549906429546907,0.9603218813646796,1.272086707097722,1.096699348093692,13.95945504563722,72.39,13.66913022400155,13.68103198243468,-1.18312126565181,97.26601120869842,0,40.9,37.2,72.41,0.5661545017011619,1.0,0.0,-0.011901758433129572,0.1059883346758268,5.661545017011619,5.559465151077335,1.0,0.1,13.978454104032071,13.637740710257905,0.01258994856479596,71.975,35.3,48.6,63.330999999999996
Вологодская область,2021,0.3121995702453514,0.208138190252374,0.5596439572020373,0.8939871097140012,0.908369117173744,1.19052533335137,0.8265285956227025,13.95025646277021,72.43,13.70691626372048,13.66913022400155,3.850900942629476,97.26601120869842,0,40.9,37.2,72.41,0.569733399241631,1.0,0.0,0.03778603971892913,-0.27017075247098943,5.6973339924163104,5.559465151077335,1.0,0.1,13.978454104032071,13.637740710257905,0.01258994856479596,71.975,35.3,48.6,63.330999999999996
Воронежская область,2012,1.623025752572262,1.819587867656699,1.009005157488613,1.640021934461005,1.637994457677497,1.293661476190748,1.526054948896877,14.66258282147784,66.16,13.03635506586528,12.9470238473212,9.344276487510484,95.50289463735784,0,64.3,50.0,61.34,0.9999993541670816,1.0,0.0,0.08933121854408022,,9.999993541670817,8.947648293289495,1.0,0.1,14.66311066675936,13.110858337994335,0.02729048016193012,67.483,54.55,59.05,66.602
Воронежская область,2013,1.326760868174582,1.411878285871384,1.138539791456485,2.160680036590969,1.55736815061207,0.9781999653847964,1.888250865378126,14.66261797164623,66.58,13.05808140747842,13.03635506586528,2.196407715926485,95.50289463735784,0,64.3,50.0,61.34,1.0,1.0,0.0,0.021726341613140576,0.36219591648124894,10.0,8.947648293289495,1.0,0.1,14.66311066675936,13.110858337994335,0.02729048016193012,67.483,54.55,59.05,66.602
Воронежская область,2014,0.9241282320694081,1.045666245092735,0.7640374610328401,2.156741594856935,1.429975506978597,0.5952423200753282,1.537075922019596,14.66336483495162,66.92,13.11465961079229,13.05808140747842,5.820936704371404,95.50289463735784,0,64.3,50.0,61.34,0.9999995600001923,1.0,0.0,0.05657820331386887,-0.35117494335853006,9.999995600001924,8.947648293289495,1.0,0.1,14.66311066675936,13.110858337994335,0.02729048016193012,67.483,54.55,59.05,66.602
Воронежская область,2015,1.013977781806816,0.9708610101383099,1.143531498726481,2.51875279842522,1.448353737768611,1.016338794397952,2.126241135762341,14.66491633798418,67.2,13.11809564927077,13.11465961079229,0.3441948425686681,95.50289463735784,0,64.3,50.0,61.34,0.9999993800003838,1.0,0.0,0.003436038478481507,0.5891652137427452,9.999993800003837,8.947648293289495,1.0,0.1,14.66311066675936,13.110858337994335,0.02729048016193012,67.483,54.55,59.05,66.602
Воронежская область,2016,0.8580100864905238,0.9189604934188987,0.6364561944965496,2.639460170705153,1.451193656990524,0.7306414778282946,2.07625519808087,14.66641334137292,67.44,13.13050155105102,13.11809564927077,1.248317419376899,95.50289463735784,0,64.3,50.0,61.34,1.0,1.0,0.0,0.012405901780249806,-0.04998593768147108,10.0,8.947648293289495,1.0,0.1,14.66311066675936,13.110858337994335,0.02729048016193012,67.483,54.55,59.05,66.602
Воронежская область,2017,1.026484686791969,1.116633778547828,0.63983003450714,2.726963423658331,1.483576018961102,0.9818391568805638,2.199881025751215,14.66706221525803,67.67,13.15356920378323,13.13050155105102,2.333576866614329,95.50289463735784,0,53.8,59.1,61.34,0.9999997142857937,1.0,0.0,0.0230676527322089,0.1236258276703448,9.999997142857938,8.947648293289495,1.0,0.1,14.66311066675936,13.110858337994335,0.02729048016193012,67.483,54.55,59.05,66.602
Воронежская область,2018,1.119988023688786,1.112820940032405,1.131847618322033,2.555689295626989,1.26533858889733,1.705013012236827,1.840468374402854,14.6660293683753,67.95,13.18124398161238,13.15356920378323,2.806128172497191,95.50289463735784,0,53.8,59.1,61.34,0.7233509412894048,1.0,1.0,0.027674777829149733,-0.35941265134836087,7.233509412894048,8.947648293289495,1.0,0.1,14.66311066675936,13.110858337994335,0.02729048016193012,67.483,54.55,59.05,66.602
Воронежская область,2019,1.0929856813879,1.126117612482032,1.002175642160839,1.830415754017136,1.305302578618424,1.567144594576439,1.577249583042333,14.66457414425385,68.19,13.19561543100038,13.18124398161238,1.447521515903816,95.50289463735784,0,53.8,59.1,78.88,0.7484134988710417,1.0,0.0,0.014371449388001167,-0.26321879136052106,7.484134988710417,8.947648293289495,1.0,0.1,14.66311066675936,13.110858337994335,0.02729048016193012,67.483,54.55,59.05,66.602
Воронежская область,2020,0.9705481777059902,1.119918314362202,0.7870024589928912,1.678589042502595,1.273299659895762,1.433499384148298,1.352531485394358,14.66040796814623,68.3,13.1734376317684,13.19561543100038,-2.193367984984573,95.50289463735784,0,53.8,59.1,78.88,0.7360008522115131,1.0,0.0,-0.022177799231981155,-0.224718097647975,7.360008522115131,8.947648293289495,1.0,0.1,14.66311066675936,13.110858337994335,0.02729048016193012,67.483,54.55,59.05,66.602
Воронежская область,2021,1.028594420492906,1.110150469445088,0.8346647749611605,1.655062635267724,1.308335424566619,1.380011955041517,1.489535630440008,14.65313766412741,68.42,13.2199286489405,13.1734376317684,4.758866871754752,95.50289463735784,0,53.8,59.1,78.88,0.7398849924640838,1.0,0.0,0.04649101717210158,0.13700414504565006,7.398849924640838,8.947648293289495,1.0,0.1,14.66311066675936,13.110858337994335,0.02729048016193012,67.483,54.55,59.05,66.602
Еврейская автономная область,2012,0.4636314178810104,0.6120504983613196,0.0,0.309700505612823,0.1748573018271637,0.1869560419525124,0.2537659657710656,12.05997115058879,68.37,13.13911795850847,13.11102515905774,2.849112340435411,92.7393675532346,0,52.1,48.1,61.59,0.0,0.0,0.0,0.02809279945073051,,0.0,1.3609917500399296,0.2,0.2,11.992814610304743,13.05142859923661,0.005815462641654001,69.852,46.55,45.85,63.357000000000006
Еврейская автономная область,2013,0.5190037744160358,0.6437063139698173,0.2432476847763924,0.6091901388968072,0.1804265235306078,1.548724615839106,0.5116561654893698,12.04549888179377,68.52,12.96121833465604,13.13911795850847,-16.29735632386354,92.7393675532346,0,52.1,48.1,61.59,0.0,0.0,0.0,-0.1778996238524293,0.2578901997183042,0.0,1.3609917500399296,0.2,0.2,11.992814610304743,13.05142859923661,0.005815462641654001,69.852,46.55,45.85,63.357000000000006
Еврейская автономная область,2014,0.3695422170947901,0.5791345813133382,0.09346560240893848,0.2068551799134584,0.1961485879776865,0.8151406831436873,0.156403955471301,12.02990213222072,68.96,12.98279715590663,12.96121833465604,2.181332776767353,92.7393675532346,0,52.1,48.1,61.59,0.0,0.0,0.0,0.021578821250589186,-0.3552522100180687,0.0,1.3609917500399296,0.2,0.2,11.992814610304743,13.05142859923661,0.005815462641654001,69.852,46.55,45.85,63.357000000000006
Еврейская автономная область,2015,0.4586576168926192,0.4991627341735822,0.3369511835269498,0.1470905414932245,0.1904202734935094,0.24276696769161,0.2012800136132567,12.01460337569918,69.53,12.9809497535932,12.98279715590663,-0.1845696916118134,92.7393675532346,0,52.1,48.1,61.59,0.0,0.0,0.0,-0.0018474023134302797,0.044876058141955694,0.0,1.3609917500399296,0.2,0.2,11.992814610304743,13.05142859923661,0.005815462641654001,69.852,46.55,45.85,63.357000000000006
Еврейская автономная область,2016,0.4501569451682568,0.4212882638571869,0.5550942052052138,0.1426637997345666,0.1911040471104578,0.1701396777642445,0.2586310459215642,11.99992754839314,69.96,12.97847942206428,12.9809497535932,-0.2467282770994839,92.7393675532346,0,52.1,48.1,61.59,0.0,0.0,1.0,-0.0024703315289187344,0.057351032308307515,0.0,1.3609917500399296,0.2,0.2,11.992814610304743,13.05142859923661,0.005815462641654001,69.852,46.55,45.85,63.357000000000006
Еврейская автономная область,2017,0.3115338118922277,0.308961823495421,0.3225652184197743,0.07813245923409223,0.1884761279833078,0.1470707441339003,0.1398612426019046,11.98518903861681,70.29,13.07387583485806,12.97847942206428,10.00948603783942,92.7393675532346,0,39.6,45.0,61.59,0.0,0.0,0.0,0.09539641279377875,-0.11876980331965961,0.0,1.3609917500399296,0.2,0.2,11.992814610304743,13.05142859923661,0.005815462641654001,69.852,46.55,45.85,63.357000000000006
Еврейская автономная область,2018,0.2555191697735854,0.3014312451422685,0.1795470409762616,0.07437540323858573,0.2052909513112704,0.1672418110197306,0.1272049817151545,11.96957152782275,70.62,13.09448088716316,13.07387583485806,2.081880197875541,92.7393675532346,0,39.6,45.0,61.59,0.0,0.0,0.0,0.020605052305100457,-0.012656260886750093,0.0,1.3609917500399296,0.2,0.2,11.992814610304743,13.05142859923661,0.005815462641654001,69.852,46.55,45.85,63.357000000000006
Еврейская автономная область,2019,0.4152272813541281,0.2689276187155106,0.8162144156498271,0.1461473081593472,0.2006181067561592,0.2630646428899388,0.350965115786804,11.9555900140675,70.79,13.08211842557881,13.09448088716316,-1.228636027876795,92.7393675532346,0,39.6,45.0,67.48,0.0,0.0,0.0,-0.01236246158434895,0.2237601340716495,0.0,1.3609917500399296,0.2,0.2,11.992814610304743,13.05142859923661,0.005815462641654001,69.852,46.55,45.85,63.357000000000006
Еврейская автономная область,2020,0.4784948261818193,0.2752459536725303,0.7282466254200171,0.1885155006229548,0.173261634158304,0.4055644620170339,0.3858978023550623,11.94237399116035,70.75,13.11022306097971,13.08211842557881,2.850329664607743,92.7393675532346,0,39.6,45.0,67.48,0.6777171751487207,1.0,1.0,0.028104635400898914,0.03493268656825832,6.777171751487207,1.3609917500399296,0.2,0.2,11.992814610304743,13.05142859923661,0.005815462641654001,69.852,46.55,45.85,63.357000000000006
Еврейская автономная область,2021,0.7118952514193387,0.2749334445739766,1.750933427019481,0.2285363516784833,0.1839586868466939,0.4456425450214384,0.5357017408538082,11.92551844268441,70.73,13.16917978547428,13.11022306097971,6.072933614874931,92.7393675532346,0,39.6,45.0,67.48,0.6832745748912088,1.0,0.0,0.05895672449456946,0.14980393849874585,6.832745748912088,1.3609917500399296,0.2,0.2,11.992814610304743,13.05142859923661,0.005815462641654001,69.852,46.55,45.85,63.357000000000006
Забайкальский край,2012,1.677177223745292,2.190109317978151,0.07488031315766197,0.7998168990806058,0.9866732595249975,0.6660706040150035,0.6688871988922973,13.90301672918971,66.62,12.9821424781841,12.95182725893316,3.077940425984171,89.90678173459195,0,53.6,43.3,65.69,0.0,0.0,0.0,0.030315219250940828,,0.0,2.1115633114582004,0.3,0.3,13.866564971078045,12.974359006659611,0.019566395341172084,67.95700000000001,41.6,46.25,67.592
Забайкальский край,2013,2.097138513250289,2.478995488822985,1.252734006635299,0.9922124528832788,0.9463854915937885,0.3391177055947696,1.061648786409513,13.89531846884443,67.01,12.97065791911261,12.9821424781841,-1.141886325928243,89.90678173459195,0,53.6,43.3,65.69,0.0,0.0,0.0,-0.011484559071490708,0.3927615875172157,0.0,2.1115633114582004,0.3,0.3,13.866564971078045,12.974359006659611,0.019566395341172084,67.95700000000001,41.6,46.25,67.592
Забайкальский край,2014,1.509011838342929,2.164669831231347,0.6453742733808396,0.7428539962567555,1.100528507343593,0.2655954198321281,0.6994816556447967,13.88824508737716,67.33,12.9179812961741,12.97065791911261,-5.131325358340022,89.90678173459195,0,53.6,43.3,65.69,0.0,0.0,1.0,-0.05267662293850961,-0.3621671307647163,0.0,2.1115633114582004,0.3,0.3,13.866564971078045,12.974359006659611,0.019566395341172084,67.95700000000001,41.6,46.25,67.592
Забайкальский край,2015,1.760380573763319,1.915106929087028,1.295471591436577,0.5952642355869435,1.092181310537353,0.969541523684262,0.7951153820995267,13.88132826060023,67.62,12.91585737829889,12.9179812961741,-0.2121663957634023,89.90678173459195,0,53.6,43.3,65.69,0.0,0.0,0.0,-0.002123917875209713,0.09563372645473,0.0,2.1115633114582004,0.3,0.3,13.866564971078045,12.974359006659611,0.019566395341172084,67.95700000000001,41.6,46.25,67.592
Забайкальский край,2016,1.642849757362133,1.642199475776229,1.645213521994883,0.593851372232338,1.044893009979412,0.3391839904868806,0.8894735466306352,13.87375588090446,67.93,12.92442925832774,12.91585737829889,0.8608723790655359,89.90678173459195,0,53.6,43.3,65.69,0.0,0.0,0.0,0.008571880028849677,0.09435816453110846,0.0,2.1115633114582004,0.3,0.3,13.866564971078045,12.974359006659611,0.019566395341172084,67.95700000000001,41.6,46.25,67.592
Забайкальский край,2017,1.648173637854104,1.927500846448012,0.4501231349709137,0.4151747402970579,1.038825540238492,0.4163164357981494,0.4240005699078771,13.8652574072217,68.17,12.97406967534167,12.92442925832774,5.089314513251564,89.90678173459195,0,38.9,39.9,65.69,0.0,0.0,1.0,0.04964041701393107,-0.46547297672275806,0.0,2.1115633114582004,0.3,0.3,13.866564971078045,12.974359006659611,0.019566395341172084,67.95700000000001,41.6,46.25,67.592
Забайкальский край,2018,1.947384541778477,1.921341040728971,1.990479527142957,0.5515634997241771,1.171711377047892,0.334248617416005,1.274356534299897,13.85524844505237,68.36,12.99501857754934,12.97406967534167,2.116987077838606,89.90678173459195,0,38.9,39.9,65.69,0.0,0.0,0.0,0.020948902207669207,0.85035596439202,0.0,2.1115633114582004,0.3,0.3,13.866564971078045,12.974359006659611,0.019566395341172084,67.95700000000001,41.6,46.25,67.592
Забайкальский край,2019,2.526610564935996,1.796133379167083,4.528747467420867,0.7738139333015789,1.15039960621762,1.510570303965141,1.92157547188159,13.8451567350293,68.61,13.02882681418972,12.99501857754934,3.438623032938892,89.90678173459195,0,38.9,39.9,72.03,0.6941168332666741,1.0,1.0,0.033808236640380684,0.647218937581693,6.941168332666741,2.1115633114582004,0.3,0.3,13.866564971078045,12.974359006659611,0.019566395341172084,67.95700000000001,41.6,46.25,67.592
Забайкальский край,2020,1.410865761252119,1.736332232346863,1.010933226601015,1.223554800865372,1.109184867927825,0.9668331496978414,1.145798055334007,13.835221024151,68.84,13.08277941048479,13.02882681418972,5.543456946032266,89.90678173459195,0,38.9,39.9,72.03,0.7063347909899357,1.0,0.0,0.0539525962950691,-0.775777416547583,7.063347909899357,2.1115633114582004,0.3,0.3,13.866564971078045,12.974359006659611,0.019566395341172084,67.95700000000001,41.6,46.25,67.592
Забайкальский край,2021,1.58580861793764,1.719771714066433,1.267261850648508,1.367989209806655,1.163875942967695,1.492247520269055,1.34766602410329,13.82310167241009,69.08,13.14749121234488,13.08277941048479,6.685151545225398,89.90678173459195,0,38.9,39.9,72.03,0.7111116872015905,1.0,0.0,0.06471180186009029,0.20186796876928303,7.111116872015905,2.1115633114582004,0.3,0.3,13.866564971078045,12.974359006659611,0.019566395341172084,67.95700000000001,41.6,46.25,67.592
Ивановская область,2012,1.684946029030277,2.167495454044265,0.177558478906061,0.4118316655008716,0.8270186572016341,0.5869162693197711,0.369519939649752,13.85869264527328,81.06,12.61011670581729,12.63680028115729,-2.633071424193234,95.57495314218058,0,53.2,40.1,61.85,0.575963346844531,1.0,0.0,-0.026683575339999877,,5.75963346844531,6.5690167994383755,0.9,0.2,13.805708923317388,12.617724326485558,0.0073315337883800066,81.444,41.25,45.85,64.706
Ивановская область,2013,1.671668605028068,2.199451988984989,0.5045754354942483,0.4571205386705943,0.7846978435934425,0.2012891947740185,0.4697686055803929,13.84879445226224,81.12,12.66975699072315,12.61011670581729,6.145465660196336,95.57495314218058,0,53.2,40.1,61.85,0.5635491606714624,1.0,0.0,0.05964028490585882,0.10024866593064091,5.635491606714624,6.5690167994383755,0.9,0.2,13.805708923317388,12.617724326485558,0.0073315337883800066,81.444,41.25,45.85,64.706
Ивановская область,2014,1.369499994333806,1.943009466617245,0.6140690692206029,0.4646278707969936,0.6366451865534494,0.2612776829302678,0.531119797202434,13.8381962800476,81.2,12.57388291842727,12.66975699072315,-9.142157594005552,95.57495314218058,0,53.2,40.1,61.85,0.4784944131183718,1.0,1.0,-0.09587407229587974,0.06135119162204106,4.784944131183718,6.5690167994383755,0.9,0.2,13.805708923317388,12.617724326485558,0.0073315337883800066,81.444,41.25,45.85,64.706
Ивановская область,2015,1.388532553621674,1.66476753807345,0.5585244710565744,0.3518133950647313,0.6357887269348993,0.4129990144645508,0.4108122690249915,13.82676103336212,81.29,12.59823439037929,12.57388291842727,2.465039048208562,95.57495314218058,0,53.2,40.1,61.85,0.4728257938045294,1.0,0.0,0.02435147195201992,-0.12030752817744245,4.728257938045294,6.5690167994383755,0.9,0.2,13.805708923317388,12.617724326485558,0.0073315337883800066,81.444,41.25,45.85,64.706
Ивановская область,2016,1.233595449390127,1.389442272936412,0.6670943864496711,0.2154906483967363,0.6642679899976999,0.306476090023113,0.3424726583918271,13.81506145713359,81.36,12.57326998223623,12.59823439037929,-2.465537426304376,95.57495314218058,0,53.2,40.1,61.85,0.4781823389744629,1.0,0.0,-0.024964408143059558,-0.0683396106331644,4.781823389744629,6.5690167994383755,0.9,0.2,13.805708923317388,12.617724326485558,0.0073315337883800066,81.444,41.25,45.85,64.706
Ивановская область,2017,1.378790306406147,1.624444800351526,0.325164018124844,0.286286146499952,0.6051134921824425,0.1531101925003795,0.2961043219496327,13.80263097102654,81.45,12.58068792651974,12.57326998223623,0.7445525388395602,95.57495314218058,0,38.5,42.4,61.85,0.0,0.0,0.0,0.0074179442835102805,-0.0463683364421944,0.0,6.5690167994383755,0.9,0.2,13.805708923317388,12.617724326485558,0.0073315337883800066,81.444,41.25,45.85,64.706
Ивановская область,2018,1.413963895115365,1.843306231974025,0.703517872973248,0.4073608478293848,0.6127834900148271,0.2164279720899955,0.5561257728393909,13.78807255523678,81.57,12.61013495480325,12.58068792651974,2.988487925709316,95.57495314218058,0,38.5,42.4,61.85,1.000000950414124,1.0,1.0,0.02944702828350998,0.2600214508897582,10.000009504141241,6.5690167994383755,0.9,0.2,13.805708923317388,12.617724326485558,0.0073315337883800066,81.444,41.25,45.85,64.706
Ивановская область,2019,1.375767295239241,1.778731891169355,0.2712970891542342,0.4695560287253253,0.6390115171137527,0.7231907104909503,0.4089546935880499,13.77412486292807,81.69,12.64877525970233,12.61013495480325,3.939655055609448,95.57495314218058,0,38.5,42.4,71.37,0.9999988275875807,1.0,0.0,0.038640304899079325,-0.14717107925134099,9.999988275875808,6.5690167994383755,0.9,0.2,13.805708923317388,12.617724326485558,0.0073315337883800066,81.444,41.25,45.85,64.706
Ивановская область,2020,1.226370832989257,1.825168820118167,0.490569089937415,0.8998560914622059,0.6355334639736606,0.7902082493584964,0.7501778410919475,13.76023249280722,81.8,12.67558385508973,12.64877525970233,2.717117864518048,95.57495314218058,0,38.5,42.4,71.37,1.000001157896076,1.0,0.0,0.026808595387400658,0.3412231475038976,10.000011578960759,6.5690167994383755,0.9,0.2,13.805708923317388,12.617724326485558,0.0073315337883800066,81.444,41.25,45.85,64.706
Ивановская область,2021,1.505248247185162,1.798388408912255,0.8081991823367086,0.6900124780116894,0.5802786123044965,0.578992499584805,0.7138583363737151,13.74452248309645,81.9,12.71011561904109,12.67558385508973,3.513490782878348,95.57495314218058,0,38.5,42.4,71.37,1.000000810127238,1.0,0.0,0.03453176395136026,-0.03631950471823242,10.00000810127238,6.5690167994383755,0.9,0.2,13.805708923317388,12.617724326485558,0.0073315337883800066,81.444,41.25,45.85,64.706
Иркутская область,2012,0.5106794013238257,0.6741596234173369,0.0,1.319618460811011,1.915575601283962,1.003854168064123,1.081284166761038,14.70096799177201,79.3,13.4132077833418,13.32238945958047,9.50700389795276,91.40701771588505,0,47.1,34.9,55.45,0.9270067005782439,1.0,0.0,0.09081832376132937,,9.270067005782439,2.3390715803622264,0.3,0.4,14.693891829081224,13.49487285365654,0.030863608300009913,78.506,37.35,40.9,60.733000000000004
Иркутская область,2013,0.8124560066000178,0.344722564489592,1.846760082937097,1.203781547201819,1.842779378893858,1.146913246382516,1.375153441060633,14.69996257456922,79.12,13.43401582784077,13.4132077833418,2.102604126017882,91.40701771588505,0,47.1,34.9,55.45,0.0,0.0,1.0,0.020808044498970446,0.293869274299595,0.0,2.3390715803622264,0.3,0.4,14.693891829081224,13.49487285365654,0.030863608300009913,78.506,37.35,40.9,60.733000000000004
Иркутская область,2014,0.7624885882734941,0.5608664076361425,1.028066818107754,1.239269376663173,2.135355734006889,0.6578498891380252,1.145297532698831,14.69872794682739,78.97,13.48213404148145,13.43401582784077,4.929468893842048,91.40701771588505,0,47.1,34.9,55.45,0.0,0.0,1.0,0.04811821364067903,-0.22985590836180192,0.0,2.3390715803622264,0.3,0.4,14.693891829081224,13.49487285365654,0.030863608300009913,78.506,37.35,40.9,60.733000000000004
Иркутская область,2015,1.120906473407526,0.5944043181015586,2.70289669546135,1.329116681332636,1.85112525896197,1.298312097593714,1.721216976461005,14.69781545874927,78.84,13.4870385508291,13.48213404148145,0.4916556140110773,91.40701771588505,0,47.1,34.9,55.45,0.0,0.0,0.0,0.004904509347650077,0.575919443762174,0.0,2.3390715803622264,0.3,0.4,14.693891829081224,13.49487285365654,0.030863608300009913,78.506,37.35,40.9,60.733000000000004
Иркутская область,2016,0.9573656343255776,1.000653603119076,0.8000144623476181,1.629249094311583,1.848401570373454,0.7872470911848768,1.396084770255476,14.69680603684117,78.67,13.51566313977018,13.4870385508291,2.903820962914616,91.40701771588505,0,47.1,34.9,55.45,0.0,0.0,1.0,0.028624588941079665,-0.3251322062055291,0.0,2.3390715803622264,0.3,0.4,14.693891829081224,13.49487285365654,0.030863608300009913,78.506,37.35,40.9,60.733000000000004
Иркутская область,2017,1.190149465965705,1.18847983165062,1.197310623809539,1.569696613373832,1.810082777383206,0.5295728607276189,1.475654660259189,14.69525763017774,78.43,13.54677034867515,13.51566313977018,3.159609424592058,91.40701771588505,0,34.7,39.8,55.45,0.0,0.0,0.0,0.031107208904970207,0.07956989000371295,0.0,2.3390715803622264,0.3,0.4,14.693891829081224,13.49487285365654,0.030863608300009913,78.506,37.35,40.9,60.733000000000004
Иркутская область,2018,1.173203197252817,0.9225468587163366,1.587971980459428,1.420223490734729,1.956596806677424,0.5475363723272036,1.504486531539905,14.69318103637314,78.21,13.57353955507012,13.54677034867515,2.713072020421659,91.40701771588505,0,34.7,39.8,55.45,0.0,0.0,0.0,0.02676920639497027,0.02883187128071607,0.0,2.3390715803622264,0.3,0.4,14.693891829081224,13.49487285365654,0.030863608300009913,78.506,37.35,40.9,60.733000000000004
Иркутская область,2019,0.8500421383712962,0.8281288777881842,0.9101033538643348,1.944775510707854,2.079605941324723,4.110000816010709,1.628509751041577,14.69071175953367,78.01,13.59483058615018,13.57353955507012,2.151930224668441,91.40701771588505,0,34.7,39.8,73.06,0.0,0.0,0.0,0.021291031080060918,0.12402321950167194,0.0,2.3390715803622264,0.3,0.4,14.693891829081224,13.49487285365654,0.030863608300009913,78.506,37.35,40.9,60.733000000000004
Иркутская область,2020,1.149037099769078,0.2696507669132196,2.229625228720169,2.088120167216237,2.016777784383778,2.174542270653752,2.139869257574685,14.68620039454014,77.83,13.57913924382619,13.59483058615018,-1.556887460970158,91.40701771588505,0,34.7,39.8,73.06,0.7009531925823922,1.0,1.0,-0.015691342323989943,0.5113595065331082,7.0095319258239215,2.3390715803622264,0.3,0.4,14.693891829081224,13.49487285365654,0.030863608300009913,78.506,37.35,40.9,60.733000000000004
Иркутская область,2021,0.8145516975337864,0.2683055295957087,2.113453827814955,2.204375818562752,2.181155162991544,1.724319689958431,2.18603100621057,14.67928746142849,77.68,13.63102554258057,13.57913924382619,5.325597918808733,91.40701771588505,0,34.7,39.8,73.06,0.7111116872015905,1.0,0.0,0.05188629875437911,0.04616174863588496,7.111116872015905,2.3390715803622264,0.3,0.4,14.693891829081224,13.49487285365654,0.030863608300009913,78.506,37.35,40.9,60.733000000000004
Кабардино-Балкарская Республика,2012,1.249369420001254,1.649321307093586,0.0,0.9207365598620666,0.352419184157871,0.2479755702937167,0.7544437225628204,13.66854996738235,53.93,12.30218052340143,12.24879890862261,5.48321078431373,22.52089964671727,1,98.4,81.9,77.64,0.0,0.0,0.0,0.05338161477881975,,0.0,5.4403455889367445,0.8,0.2,13.690886525080558,12.308210319625527,0.012181354804779864,52.86,79.8,94.25,82.362
Кабардино-Балкарская Республика,2013,1.483258711919667,1.938295588099784,0.4770306906919897,0.9137875746066599,0.3466354530697396,0.2193311999703167,0.7973795606645788,13.67186418093193,53.62,12.28679372861758,12.30218052340143,-1.526902287478316,22.52089964671727,1,98.4,81.9,77.64,0.0,0.0,0.0,-0.015386794783850632,0.04293583810175838,0.0,5.4403455889367445,0.8,0.2,13.690886525080558,12.308210319625527,0.012181354804779864,52.86,79.8,94.25,82.362
Кабардино-Балкарская Республика,2014,1.214495893196164,1.809770333724889,0.4303959906881637,0.6995997315911485,0.5622779735105,0.9346183423931188,0.5798210124895318,13.67637032228945,53.38,12.29816093641635,12.28679372861758,1.143206000188468,22.52089964671727,1,98.4,81.9,77.64,0.6971276306006564,1.0,1.0,0.011367207798770096,-0.21755854817504705,6.971276306006564,5.4403455889367445,0.8,0.2,13.690886525080558,12.308210319625527,0.012181354804779864,52.86,79.8,94.25,82.362
Кабардино-Балкарская Республика,2015,1.312230285098315,1.645521987362438,0.3107828859568879,0.9228693670635159,0.5388731605091985,0.329283740143592,0.7481694242650269,13.68270119033125,53.16,12.31065182261514,12.29816093641635,1.256922314396935,22.52089964671727,1,98.4,81.9,77.64,0.6832456496861242,1.0,0.0,0.012490886198790463,0.1683484117754951,6.8324564968612425,5.4403455889367445,0.8,0.2,13.690886525080558,12.308210319625527,0.012181354804779864,52.86,79.8,94.25,82.362
Кабардино-Балкарская Республика,2016,1.270620143866709,1.489913369635025,0.4734922803238426,1.071895929738398,0.5430220045360217,0.1993369979368647,0.9036366976100958,13.68906145518491,52.93,12.32898417035184,12.31065182261514,1.850141678742667,22.52089964671727,1,98.4,81.9,77.64,0.6957679535342733,1.0,0.0,0.018332347736699006,0.15546727334506893,6.957679535342733,5.4403455889367445,0.8,0.2,13.690886525080558,12.308210319625527,0.012181354804779864,52.86,79.8,94.25,82.362
Кабардино-Балкарская Республика,2017,1.352542015861854,1.505239974831551,0.6976116657045054,0.8023327386040583,0.5504643171828432,0.1352055996431889,0.7758865926594762,13.6947351746981,52.71,12.3273024721082,12.32898417035184,-0.1680284981488755,22.52089964671727,1,90.1,77.7,77.64,0.6923074945055504,1.0,0.0,-0.0016816982436402839,-0.12775010495061956,6.923074945055504,5.4403455889367445,0.8,0.2,13.690886525080558,12.308210319625527,0.012181354804779864,52.86,79.8,94.25,82.362
Кабардино-Балкарская Республика,2018,1.251066048474255,1.673759565550563,0.5516220337299435,1.214089602802458,0.5958050158806505,0.1369181103493269,0.8813203963763724,13.69936093755857,52.49,12.33361664928607,12.3273024721082,0.6334153617374216,22.52089964671727,1,90.1,77.7,77.64,0.6551730364782186,1.0,0.0,0.006314177177870306,0.10543380371689615,6.551730364782186,5.4403455889367445,0.8,0.2,13.690886525080558,12.308210319625527,0.012181354804779864,52.86,79.8,94.25,82.362
Кабардино-Балкарская Республика,2019,1.566743685473026,1.892706700072813,0.6733241604149107,1.045337562628799,0.6314957903568342,0.2774429589154109,0.9316251171174181,13.70431080487205,52.29,12.32465876057505,12.33361664928607,-0.8917886360588323,22.52089964671727,1,90.1,77.7,93.38,0.669186360994336,1.0,1.0,-0.00895788871101999,0.05030472074104575,6.69186360994336,5.4403455889367445,0.8,0.2,13.690886525080558,12.308210319625527,0.012181354804779864,52.86,79.8,94.25,82.362
Кабардино-Балкарская Республика,2020,1.254350105466873,1.949490293729409,0.4001632625193748,1.286968189923026,0.806531172729408,0.5006248791380029,0.9626593077474395,13.70901384151917,52.12,12.32095522426101,12.32465876057505,-0.3696686681987416,22.52089964671727,1,90.1,77.7,93.38,0.6690916838286474,1.0,0.0,-0.003703536314040079,0.03103419063002133,6.690916838286474,5.4403455889367445,0.8,0.2,13.690886525080558,12.308210319625527,0.012181354804779864,52.86,79.8,94.25,82.362
Кабардино-Балкарская Республика,2021,1.556552115983276,1.952317440372396,0.6154738016385268,1.182422492189692,0.6881944520458618,0.4836383956852158,1.068032483172772,13.71289737603779,51.97,12.37061245667041,12.32095522426101,5.091081646492501,22.52089964671727,1,90.1,77.7,93.38,0.678445779308938,1.0,0.0,0.04965723240940001,0.10537317542533264,6.784457793089381,5.4403455889367445,0.8,0.2,13.690886525080558,12.308210319625527,0.012181354804779864,52.86,79.8,94.25,82.362
Калининградская область,2012,0.320924377237577,0.1270767818159656,0.9264653577321279,2.102191654400341,0.5864221552429693,0.369015111497118,1.889845506453765,13.76544598207709,77.23,13.26663199790753,13.22780902169236,3.958643583467913,86.42750701458407,0,54.6,37.1,52.55,0.0,0.0,0.0,0.038822976215168836,,0.0,3.517805176669593,0.5,0.1,13.803348201913462,13.295133041532399,0.01816559597245391,76.973,40.25,49.35,59.69
Калининградская область,2013,0.1281455391459458,0.08072282414258929,0.2330119075151406,1.830373451602631,0.5695439042217059,0.9262903742935971,1.404631599000236,13.77430828281317,77.15,13.26772002802461,13.26663199790753,0.1088622236579351,86.42750701458407,0,54.6,37.1,52.55,0.0,0.0,0.0,0.0010880301170814732,-0.4852139074535289,0.0,3.517805176669593,0.5,0.1,13.803348201913462,13.295133041532399,0.01816559597245391,76.973,40.25,49.35,59.69
Калининградская область,2014,0.257266777115927,0.1882311366812787,0.3482010340719387,4.249043068075816,0.568890606152904,0.2470222380355508,2.513413909716118,13.78201064975699,77.08,13.30499102672352,13.26772002802461,3.79742724043617,86.42750701458407,0,54.6,37.1,52.55,0.0,0.0,0.0,0.03727099869890971,1.1087823107158818,0.0,3.517805176669593,0.5,0.1,13.803348201913462,13.295133041532399,0.01816559597245391,76.973,40.25,49.35,59.69
Калининградская область,2015,0.4039984915710692,0.2674707760210377,0.8142257031082747,3.502439622276891,0.5060301760905724,0.4387166952450275,2.735177425830752,13.78914502181729,76.98,13.28274301685317,13.30499102672352,-2.200234809990753,86.42750701458407,0,54.6,37.1,52.55,0.0,0.0,0.0,-0.022248009870351027,0.2217635161146343,0.0,3.517805176669593,0.5,0.1,13.803348201913462,13.295133041532399,0.01816559597245391,76.973,40.25,49.35,59.69
Калининградская область,2016,0.2897816598825957,0.2942003019000975,0.2737199568416948,3.64966178757541,0.5198078149851149,12.08288111525233,2.700413933380666,13.79823010730483,76.89,13.29541942314715,13.28274301685317,1.275709250886181,86.42750701458407,0,54.6,37.1,52.55,0.0,0.0,0.0,0.012676406293980591,-0.034763492450086364,0.0,3.517805176669593,0.5,0.1,13.803348201913462,13.295133041532399,0.01816559597245391,76.973,40.25,49.35,59.69
Калининградская область,2017,0.2927724131835343,0.3083709507314281,0.2258693862726643,2.711055943123848,0.5207938573243565,26.56985305128977,2.083449630829469,13.807694088808,76.86,13.30673798082651,13.29541942314715,1.138285490831614,86.42750701458407,0,44.1,43.4,52.55,0.7403596856408975,1.0,1.0,0.011318557679359742,-0.6169643025511968,7.403596856408975,3.517805176669593,0.5,0.1,13.803348201913462,13.295133041532399,0.01816559597245391,76.973,40.25,49.35,59.69
Калининградская область,2018,0.3838291120855221,0.3394622980999957,0.4572442491571608,2.089395582672682,0.5238207712103577,18.90702382108521,1.26953702751104,13.81600843400343,76.87,13.33089082576858,13.30673798082651,2.444688745004986,86.42750701458407,0,44.1,43.4,52.55,0.6934313159805964,1.0,0.0,0.024152844942070928,-0.813912603318429,6.9343131598059635,3.517805176669593,0.5,0.1,13.803348201913462,13.295133041532399,0.01816559597245391,76.973,40.25,49.35,59.69
Калининградская область,2019,0.4330828447783794,0.37360997140526,0.5960897624438416,1.78836575359438,0.5457950083657201,10.49517875999854,1.423925607429205,13.82534603073636,76.92,13.33742657819194,13.33089082576858,0.6557157059622787,86.42750701458407,0,44.1,43.4,76.35,0.6927584832994201,1.0,0.0,0.006535752423358687,0.15438857991816501,6.927584832994201,3.517805176669593,0.5,0.1,13.803348201913462,13.295133041532399,0.01816559597245391,76.973,40.25,49.35,59.69
Калининградская область,2020,0.3789477619659209,0.3857337694267281,0.3706091298640233,1.510980130188514,0.6650743003430662,6.550387847182458,1.093940899854657,13.83381009540235,76.92,13.33096051618862,13.33742657819194,-0.6445202009292439,86.42750701458407,0,44.1,43.4,76.35,0.6943404266146334,1.0,0.0,-0.0064660620033194505,-0.3299847075745481,6.9434042661463335,3.517805176669593,0.5,0.1,13.803348201913462,13.295133041532399,0.01816559597245391,76.973,40.25,49.35,59.69
Калининградская область,2021,0.6198946708106654,0.381636049740019,1.186442591201016,1.13135512604126,0.6140070007233316,4.77118854961293,1.142469810211741,13.84148332641512,76.83,13.4094649814169,13.33096051618862,8.166818504686212,86.42750701458407,0,44.1,43.4,76.35,0.6969152651340453,1.0,0.0,0.07850446522827959,0.048528910357084065,6.969152651340453,3.517805176669593,0.5,0.1,13.803348201913462,13.295133041532399,0.01816559597245391,76.973,40.25,49.35,59.69
Калужская область,2012,0.3407170447986088,0.1081242975944062,1.067290102832279,0.5178438517219422,0.6928278766676373,0.6269859280997013,0.61707850800002,13.830607030627,76.2,13.26719130095058,13.17920894622751,9.196885376537534,93.0800802880774,0,57.6,40.4,59.02,0.6334160497716674,1.0,0.0,0.0879823547230707,,6.334160497716674,6.4246208961410645,1.0,0.1,13.85554041843769,13.249145898689758,0.01749197480236795,75.735,43.05,50.35,64.162
Калужская область,2013,0.263269951658938,0.05592113250713663,0.7217826633109654,0.5854798336583592,0.7796241251218636,1.044833795394817,0.6218083777040337,13.83412424345506,76.12,13.23527461360083,13.26719130095058,-3.141272570937248,93.0800802880774,0,57.6,40.4,59.02,0.6300268096514724,1.0,0.0,-0.03191668734975117,0.004729869704013789,6.300268096514724,6.4246208961410645,1.0,0.1,13.85554041843769,13.249145898689758,0.01749197480236795,75.735,43.05,50.35,64.162
Калужская область,2014,0.1420289669821708,0.008257288837593307,0.3182340123362614,0.8033932116337881,0.6380607740122299,1.143462458209516,0.5875279073207773,13.84166551544113,76.16,13.25826254664958,13.23527461360083,2.325419191427169,93.0800802880774,0,57.6,40.4,59.02,0.6282350176942371,1.0,0.0,0.02298793304874991,-0.034280470383256434,6.282350176942371,6.4246208961410645,1.0,0.1,13.85554041843769,13.249145898689758,0.01749197480236795,75.735,43.05,50.35,64.162
Калужская область,2015,0.0619458799443667,0.0,0.2480757473739854,0.5216083951589521,0.8096452143388619,2.000637286341768,0.4435375025701181,13.84944714235964,76.15,13.19496820980081,13.25826254664958,-6.133285130577604,93.0800802880774,0,57.6,40.4,59.02,0.6289152727231314,1.0,0.0,-0.0632943368487684,-0.14399040475065922,6.289152727231314,6.4246208961410645,1.0,0.1,13.85554041843769,13.249145898689758,0.01749197480236795,75.735,43.05,50.35,64.162
Калужская область,2016,0.1016274840571865,0.0,0.4710419926901569,1.309747996563283,0.7675639017122197,1.874780007971413,1.073920510666174,13.85681755485187,75.93,13.214239728255,13.19496820980081,1.945841281477523,93.0800802880774,0,57.6,40.4,59.02,0.6322122270095071,1.0,0.0,0.019271518454189618,0.630383008096056,6.322122270095071,6.4246208961410645,1.0,0.1,13.85554041843769,13.249145898689758,0.01749197480236795,75.735,43.05,50.35,64.162
Калужская область,2017,0.03988310495774866,0.0,0.2109440416695753,1.557106828114398,0.7413981512278905,2.209105939339771,1.217148340966041,13.86330689511786,75.74,13.26034283810818,13.214239728255,4.718238021196308,93.0800802880774,0,43.1,45.7,59.02,0.6414252064906645,1.0,0.0,0.04610310985317945,0.14322783029986708,6.414252064906645,6.4246208961410645,1.0,0.1,13.85554041843769,13.249145898689758,0.01749197480236795,75.735,43.05,50.35,64.162
Калужская область,2018,0.2199721909056531,0.04266172573984463,0.513373292653246,0.8355214981994257,0.7165482861217072,4.224950170597551,0.6737007424131823,13.86615899447567,75.55,13.28413266969679,13.26034283810818,2.407506704196871,93.0800802880774,0,43.1,45.7,59.02,0.5925161556507804,1.0,0.0,0.023789831588610255,-0.5434475985528587,5.925161556507804,6.4246208961410645,1.0,0.1,13.85554041843769,13.249145898689758,0.01749197480236795,75.735,43.05,50.35,64.162
Калужская область,2019,,0.0,0.0,0.8046086079606716,0.6688898973964483,1.3671520334587,0.5586658221733151,13.86694579227788,75.33,13.30608535886407,13.28413266969679,2.219542240978889,93.0800802880774,0,43.1,45.7,76.16,0.5959588972491644,1.0,0.0,0.021952689167280326,-0.11503492023986728,5.959588972491644,6.4246208961410645,1.0,0.1,13.85554041843769,13.249145898689758,0.01749197480236795,75.735,43.05,50.35,64.162
Калужская область,2020,0.2487451483953126,0.0,0.55440267847909,0.8436581739549325,0.5934753036453714,1.432996806134922,0.7378760301010826,13.86819313684905,75.13,13.29175277474424,13.30608535886407,-1.42303615897994,93.0800802880774,0,43.1,45.7,76.16,0.7187508322378058,1.0,0.0,-0.014332584119831182,0.17921020792776754,7.187508322378058,6.4246208961410645,1.0,0.1,13.85554041843769,13.249145898689758,0.01749197480236795,75.735,43.05,50.35,64.162
Калужская область,2021,0.07099437059248893,0.0,0.2398097227415736,0.693020610087311,0.6337844364354996,1.048985857886738,0.6015788299861069,13.87813787892173,75.04,13.35412869425119,13.29175277474424,6.436238411466899,93.0800802880774,0,43.1,45.7,76.16,0.7231644276626339,1.0,1.0,0.062375919506949984,-0.1362972001149757,7.231644276626339,6.4246208961410645,1.0,0.1,13.85554041843769,13.249145898689758,0.01749197480236795,75.735,43.05,50.35,64.162
Камчатский край,2012,5.33377744279582,6.942516817666526,0.3083985295282072,0.3769177042577987,0.3329846299608304,0.640844755859841,0.3645425597572984,12.66827719083094,77.39,13.71893987644258,13.68951368474522,2.98634201956447,85.9228898450654,0,53.6,45.3,59.84,0.6271600887862697,1.0,1.0,0.029426191697359272,,6.271600887862697,1.9764007725271735,0.3,0.2,12.62727145068204,13.801110656901812,0.030757298557166024,77.689,46.0,46.55,62.720000000000006
Камчатский край,2013,4.974021052600205,6.978522826312307,0.5414443563077564,0.6191037753831918,0.3527636090685532,0.5337113347280782,0.5984053523670742,12.66199002780084,77.52,13.72021449764914,13.71893987644258,0.1275433881416488,85.9228898450654,0,53.6,45.3,59.84,0.6233421750663124,1.0,0.0,0.0012746212065604112,0.23386279260977577,6.233421750663124,1.9764007725271735,0.3,0.2,12.62727145068204,13.801110656901812,0.030757298557166024,77.689,46.0,46.55,62.720000000000006
Камчатский край,2014,4.357455648608862,7.33213831280082,0.4391816086325082,0.5348703374203368,0.3384880907821154,0.2707879936871301,0.4922948764396569,12.6508578208302,77.58,13.74030644599124,13.72021449764914,2.029515016136219,85.9228898450654,0,53.6,45.3,59.84,0.0,0.0,0.0,0.020091948342100707,-0.10611047592741724,0.0,1.9764007725271735,0.3,0.2,12.62727145068204,13.801110656901812,0.030757298557166024,77.689,46.0,46.55,62.720000000000006
Камчатский край,2015,5.160671756873818,6.696912629504154,0.5447019745501586,0.5825385967549634,0.3054820938465715,0.295558776926746,0.5717393781169098,12.63879617740917,77.65,13.77118984365287,13.74030644599124,3.136523727659024,85.9228898450654,0,53.6,45.3,59.84,0.0,0.0,0.0,0.030883397661629175,0.07944450167725287,0.0,1.9764007725271735,0.3,0.2,12.62727145068204,13.801110656901812,0.030757298557166024,77.689,46.0,46.55,62.720000000000006
Камчатский край,2016,5.669383817427361,6.951931620867942,1.007340168489914,0.8471779397114986,0.3172508490690015,0.3394816156966208,0.8922123803546647,12.62861116982763,77.76,13.81287351829378,13.77118984365287,4.25646369516921,85.9228898450654,0,53.6,45.3,59.84,0.0,0.0,0.0,0.041683674640909274,0.3204730022377549,0.0,1.9764007725271735,0.3,0.2,12.62727145068204,13.801110656901812,0.030757298557166024,77.689,46.0,46.55,62.720000000000006
Камчатский край,2017,4.880910656207141,5.786855150625354,0.9952624854271687,0.4521255052218023,0.3172823848022159,0.6515876454544155,0.589288727949555,12.62160028941742,77.79,13.83082433874232,13.81287351829378,1.811290482256056,85.9228898450654,0,39.5,46.7,59.84,0.0,0.0,0.0,0.017950820448540128,-0.30292365240510966,0.0,1.9764007725271735,0.3,0.2,12.62727145068204,13.801110656901812,0.030757298557166024,77.689,46.0,46.55,62.720000000000006
Камчатский край,2018,3.944426721805291,5.891153253986765,0.7231182174866273,0.4561824738956883,0.3173539708595819,0.8500669993696534,0.5902690310472741,12.61557293466705,77.82,13.89982649265408,13.83082433874232,7.143851692988035,85.9228898450654,0,39.5,46.7,59.84,0.0,0.0,0.0,0.0690021539117609,0.0009803030977191263,0.0,1.9764007725271735,0.3,0.2,12.62727145068204,13.801110656901812,0.030757298557166024,77.689,46.0,46.55,62.720000000000006
Камчатский край,2019,4.036727128720234,5.36816852410573,0.3874304728756485,0.6998667430261846,0.3026576925972509,0.4758260075516547,0.6043650967579534,12.60529162043295,77.77,13.9091073065546,13.89982649265408,0.9324014195053909,85.9228898450654,0,39.5,46.7,69.44,0.0,0.0,0.0,0.009280813900518936,0.014096065710679229,0.0,1.9764007725271735,0.3,0.2,12.62727145068204,13.801110656901812,0.030757298557166024,77.689,46.0,46.55,62.720000000000006
Камчатский край,2020,3.35517828958293,5.639451638967114,0.5482678653467943,0.5807884195337638,0.2931634335229554,0.6921710834511297,0.5688954944380668,12.59408636002458,77.75,13.91831056429229,13.9091073065546,0.9245737932906284,85.9228898450654,0,39.5,46.7,69.44,0.0,0.0,0.0,0.009203257737690151,-0.035469602319886606,0.0,1.9764007725271735,0.3,0.2,12.62727145068204,13.801110656901812,0.030757298557166024,77.689,46.0,46.55,62.720000000000006
Камчатский край,2021,4.376051043823722,5.725973687638774,1.166111092419019,0.7206929778362345,0.3383607046752764,0.5223336286117249,0.8105624545500644,12.58763091557961,77.86,13.99708667031688,13.91831056429229,8.196205016506596,85.9228898450654,0,39.5,46.7,69.44,0.7258985086745913,1.0,1.0,0.07877610602459129,0.24166696011199762,7.258985086745913,1.9764007725271735,0.3,0.2,12.62727145068204,13.801110656901812,0.030757298557166024,77.689,46.0,46.55,62.720000000000006
Карачаево-Черкесская Республика,2012,1.487540047976713,1.416481949249695,1.709511286163348,0.7339246993430689,0.2984023610621391,0.9995385296537384,0.9101239170408381,13.06805501595099,42.82,12.35423074987942,12.30297783956637,5.258907025360561,31.62682350957079,1,93.2,89.8,91.36,0.4096771547716753,1.0,1.0,0.05125291031304968,,4.096771547716753,5.409677154771676,0.6,0.1,13.061394703752617,12.320611363457397,0.004807182182550029,41.968,85.75,93.25,90.244
Карачаево-Черкесская Республика,2013,1.135720669456804,1.525285005474554,0.2742727923910076,1.057661055284132,0.3325000408800946,0.7308637004765042,0.8488660134943794,13.06353015008222,42.49,12.34971487109604,12.35423074987942,-0.4505697534321174,31.62682350957079,1,93.2,89.8,91.36,1.0,1.0,0.0,-0.00451587878337989,-0.06125790354645866,10.0,5.409677154771676,0.6,0.1,13.061394703752617,12.320611363457397,0.004807182182550029,41.968,85.75,93.25,90.244
Карачаево-Черкесская Республика,2014,0.8912256153346166,1.463146521704009,0.1378871610105597,0.8910652152310428,0.3198606492694772,0.2079696069573916,0.5559483914923677,13.06101124101333,42.26,12.33203107284741,12.34971487109604,-1.75283574979902,31.62682350957079,1,93.2,89.8,91.36,1.0,1.0,0.0,-0.017683798248629756,-0.29291762200201166,10.0,5.409677154771676,0.6,0.1,13.061394703752617,12.320611363457397,0.004807182182550029,41.968,85.75,93.25,90.244
Карачаево-Черкесская Республика,2015,1.043974884519578,1.351386114617846,0.1202909921290882,1.406359805362937,0.309273456775655,0.3710175480301671,1.03929378603072,13.06030285016896,42.12,12.28249824725503,12.33203107284741,-4.832608163638796,31.62682350957079,1,93.2,89.8,91.36,1.0,1.0,0.0,-0.04953282559238126,0.48334539453835235,10.0,5.409677154771676,0.6,0.1,13.061394703752617,12.320611363457397,0.004807182182550029,41.968,85.75,93.25,90.244
Карачаево-Черкесская Республика,2016,1.045092521074806,1.290494267974104,0.1530605418371388,1.085772039146209,0.3187509119040047,0.2591081306410662,0.8235120738401784,13.05954497601217,41.99,12.32535729743046,12.28249824725503,4.379076235685919,31.62682350957079,1,93.2,89.8,91.36,1.0,1.0,0.0,0.042859050175430013,-0.21578171219054165,10.0,5.409677154771676,0.6,0.1,13.061394703752617,12.320611363457397,0.004807182182550029,41.968,85.75,93.25,90.244
Карачаево-Черкесская Республика,2017,1.075998902174436,1.310994071481527,0.06809107185353325,1.411475806124004,0.3260016943824502,0.1416465937838441,1.072218885252714,13.0596003458186,41.81,12.3342616689955,12.32535729743046,0.89441334119853,31.62682350957079,1,93.3,81.7,91.36,1.0,1.0,0.0,0.008904371565041203,0.24870681141253548,10.0,5.409677154771676,0.6,0.1,13.061394703752617,12.320611363457397,0.004807182182550029,41.968,85.75,93.25,90.244
Карачаево-Черкесская Республика,2018,0.9141875051719586,1.408501526578557,0.09623083039613316,1.74051255585322,0.3511577573179808,0.1167995064941171,0.9145606897304333,13.06023687833465,41.69,12.31342242916192,12.3342616689955,-2.062360337276192,31.62682350957079,1,93.3,81.7,91.36,0.0,0.0,0.0,-0.020839239833581047,-0.15765819552228066,0.0,5.409677154771676,0.6,0.1,13.061394703752617,12.320611363457397,0.004807182182550029,41.968,85.75,93.25,90.244
Карачаево-Черкесская Республика,2019,1.123624721894698,1.347299463019396,0.5105632025426271,1.536331604659237,0.3611855594313311,0.2080352350871631,1.222787434371743,13.06071135299055,41.61,12.32487652537131,12.31342242916192,1.151994554408065,31.62682350957079,1,93.3,81.7,87.64,0.0,0.0,0.0,0.011454096209391196,0.30822674464130984,0.0,5.409677154771676,0.6,0.1,13.061394703752617,12.320611363457397,0.004807182182550029,41.968,85.75,93.25,90.244
Карачаево-Черкесская Республика,2020,0.8666742073331188,1.390490838293498,0.2230094015307316,0.9198536461371284,0.3914932187946927,0.2651755612456617,0.6650143110869239,13.06114307820735,41.5,12.2867429329705,12.32487652537131,-3.741566165151333,31.62682350957079,1,93.3,81.7,87.64,0.0,0.0,0.0,-0.03813359240081127,-0.5577731232848192,0.0,5.409677154771676,0.6,0.1,13.061394703752617,12.320611363457397,0.004807182182550029,41.968,85.75,93.25,90.244
Карачаево-Черкесская Республика,2021,1.110142447106963,1.400795288373281,0.4190079058466342,1.020292937644687,0.3532389290188799,0.2907698499577434,0.8989750805697333,13.05981114894736,41.39,12.35104966139187,12.2867429329705,6.641944975536651,31.62682350957079,1,93.3,81.7,87.64,0.0,0.0,0.0,0.06430672842137142,0.23396076948280942,0.0,5.409677154771676,0.6,0.1,13.061394703752617,12.320611363457397,0.004807182182550029,41.968,85.75,93.25,90.244
Кемеровская область - Кузбасс,2012,0.1728374021071133,0.1451624782513247,0.2592883095341442,0.8996390900096937,1.635663323401803,1.419856044993018,0.7839863041921974,14.82526649599782,85.53,13.3938893719246,13.43296877607121,-3.832565481609573,93.69873923071353,0,69.4,64.2,77.19,0.0,0.0,0.0,-0.039079404146610486,,0.0,5.203967124119177,0.8,0.1,14.804856835034371,13.38397253710104,0.0025126278093269504,86.069,70.75,78.1,79.659
Кемеровская область - Кузбасс,2013,0.4625168638371282,0.06164336791549549,1.348972809891446,0.8250238665922986,1.628240093697638,2.023211802785279,0.9646710207477944,14.8218156533472,85.64,13.35651822005496,13.3938893719246,-3.668146848353604,93.69873923071353,0,69.4,64.2,77.19,0.0,0.0,0.0,-0.03737115186963891,0.18068471655559704,0.0,5.203967124119177,0.8,0.1,14.804856835034371,13.38397253710104,0.0025126278093269504,86.069,70.75,78.1,79.659
Кемеровская область - Кузбасс,2014,0.6536794867533687,0.3997435897322233,0.9881657313176593,1.095496892649618,1.864301511112106,1.906590836991996,1.0477412820444,14.81816795904865,85.78,13.38094845353604,13.35651822005496,2.473109669181794,93.69873923071353,0,69.4,64.2,77.19,0.5907077046903789,1.0,0.0,0.02443023348108042,0.08307026129660566,5.907077046903789,5.203967124119177,0.8,0.1,14.804856835034371,13.38397253710104,0.0025126278093269504,86.069,70.75,78.1,79.659
Кемеровская область - Кузбасс,2015,0.8160613231618365,0.7685945360881774,0.9586856073477227,1.272450800253097,1.833528659546473,1.526225451221969,1.182896851677689,14.81470758583418,85.92,13.37435849089701,13.38094845353604,-0.6568296454475209,93.69873923071353,0,69.4,64.2,77.19,0.5799996404002223,1.0,0.0,-0.006589962639031555,0.1351555696332889,5.799996404002224,5.203967124119177,0.8,0.1,14.804856835034371,13.38397253710104,0.0025126278093269504,86.069,70.75,78.1,79.659
Кемеровская область - Кузбасс,2016,1.093715107200521,1.152192853198966,0.8811493037233498,1.156308992192776,1.841444517007775,1.079265678440408,1.078939547772067,14.81133679198191,86.03,13.34727007726457,13.37435849089701,-2.672481307444519,93.69873923071353,0,69.4,64.2,77.19,0.5780226075515481,1.0,0.0,-0.027088413632439412,-0.10395730390562208,5.780226075515481,5.203967124119177,0.8,0.1,14.804856835034371,13.38397253710104,0.0025126278093269504,86.069,70.75,78.1,79.659
Кемеровская область - Кузбасс,2017,1.191332860081107,1.312646004612313,0.671013788610885,1.116952147010898,1.818765001161093,1.410344738688205,1.00433535860341,14.80671802057303,86.16,13.37267138785598,13.34727007726457,2.572667291646713,93.69873923071353,0,86.8,77.3,77.19,0.3555554539682815,1.0,0.0,0.02540131059141082,-0.07460418916865685,3.5555545396828148,5.203967124119177,0.8,0.1,14.804856835034371,13.38397253710104,0.0025126278093269504,86.069,70.75,78.1,79.659
Кемеровская область - Кузбасс,2018,1.452377619295431,1.134058350155518,1.979110343084758,1.217631051009878,1.762187857712262,1.747020176417258,1.600135601517041,14.79988564208006,86.3,13.39832552058954,13.37267138785598,2.59860321156713,93.69873923071353,0,86.8,77.3,77.19,0.3555554539682815,1.0,0.0,0.025654132733558654,0.5958002429136309,3.5555545396828148,5.203967124119177,0.8,0.1,14.804856835034371,13.38397253710104,0.0025126278093269504,86.069,70.75,78.1,79.659
Кемеровская область - Кузбасс,2019,0.9833040655644445,1.019855013834182,0.8831229732903236,1.313577877141775,1.751529051143391,1.162008229263866,1.182001757819137,14.79251889556702,86.39,13.40669176743566,13.39832552058954,0.8401341691709252,93.69873923071353,0,86.8,77.3,85.42,0.9123700643453694,1.0,1.0,0.008366246846120973,-0.41813384369790385,9.123700643453693,5.203967124119177,0.8,0.1,14.804856835034371,13.38397253710104,0.0025126278093269504,86.069,70.75,78.1,79.659
Кемеровская область - Кузбасс,2020,1.682216101049218,0.4877810130066877,3.149935496630238,1.680187073797741,1.908700805964718,1.229522226861182,2.217681232162039,14.78438652930542,86.44,13.37608330538083,13.40669176743566,-3.014476612924344,93.69873923071353,0,86.8,77.3,85.42,0.9108921438261295,1.0,0.0,-0.03060846205483081,1.035679474342902,9.108921438261294,5.203967124119177,0.8,0.1,14.804856835034371,13.38397253710104,0.0025126278093269504,86.069,70.75,78.1,79.659
Кемеровская область - Кузбасс,2021,0.6517905668210892,0.4840581656383794,1.050636336368153,1.488188538721403,1.680734702373061,1.532637379556581,1.399906122328655,14.77376477660844,86.5,13.45809505416448,13.37608330538083,8.546856268993519,93.69873923071353,0,86.8,77.3,85.42,0.920864055368966,1.0,0.0,0.08201174878364981,-0.8177751098333841,9.20864055368966,5.203967124119177,0.8,0.1,14.804856835034371,13.38397253710104,0.0025126278093269504,86.069,70.75,78.1,79.659
Кировская область,2012,1.37057096469787,1.762008262627724,0.1477994122571656,0.579317172869581,1.129577951728232,0.564318547204977,0.5013814028725632,14.08638237650154,74.59,12.69886453230057,12.66729284392982,3.207536074477479,91.87916003881362,0,54.0,34.9,57.93,0.0,0.0,0.0,0.031571688370750195,,0.0,0.0,0.0,0.1,14.029697272316138,12.76742057799933,0.028272655468727058,76.095,36.45,47.95,61.674
Кировская область,2013,1.370133736890889,1.721603160555015,0.5929255561728091,0.8668092623193293,0.968118460924747,0.1986968946705218,0.7938115387394489,14.07343034497321,74.88,12.71779863550644,12.69886453230057,1.911449002692711,91.87916003881362,0,54.0,34.9,57.93,0.0,0.0,0.0,0.0189341032058703,0.2924301358668857,0.0,0.0,0.0,0.1,14.029697272316138,12.76742057799933,0.028272655468727058,76.095,36.45,47.95,61.674
Кировская область,2014,1.143993573151161,1.420158777729541,0.780226720010823,1.034839374095392,0.887076217075641,0.2041356795808156,0.9215527701610758,14.06118868767011,75.22,12.75180178459105,12.71779863550644,3.458786472770958,91.87916003881362,0,54.0,34.9,57.93,0.0,0.0,0.0,0.034003149084609774,0.12774123142162697,0.0,0.0,0.0,0.1,14.029697272316138,12.76742057799933,0.028272655468727058,76.095,36.45,47.95,61.674
Кировская область,2015,1.142128576538604,1.305851388930738,0.6501877825242048,0.8567991473621904,0.8373134666104222,0.7093167241193289,0.7978287326693916,14.04979501824089,75.55,12.75516328232301,12.75180178459105,0.3367153901411735,91.87916003881362,0,54.0,34.9,57.93,0.0,0.0,0.0,0.0033614977319604833,-0.12372403749168426,0.0,0.0,0.0,0.1,14.029697272316138,12.76742057799933,0.028272655468727058,76.095,36.45,47.95,61.674
Кировская область,2016,1.068525717425475,1.124155143992666,0.8663135159575239,0.8833239842188108,0.9095177201078802,0.6835742704750282,0.87854097808142,14.03887008595384,75.83,12.76208019321252,12.75516328232301,0.6940887968198695,91.87916003881362,0,54.0,34.9,57.93,0.0,0.0,0.0,0.006916910889509964,0.08071224541202837,0.0,0.0,0.0,0.1,14.029697272316138,12.76742057799933,0.028272655468727058,76.095,36.45,47.95,61.674
Кировская область,2017,1.282091347247645,1.498946165172196,0.3519885299282665,0.8359885006452239,0.8916237417312665,0.7820269321229754,0.7137596740266163,14.02717972965275,76.17,12.78569912037888,12.76208019321252,2.390006303920189,91.87916003881362,0,41.9,38.0,57.93,0.0,0.0,1.0,0.023618927166358716,-0.16478130405480362,0.0,0.0,0.0,0.1,14.029697272316138,12.76742057799933,0.028272655468727058,76.095,36.45,47.95,61.674
Кировская область,2018,1.139156359350498,1.564635920994507,0.4351021906318199,0.7094654537172712,0.892403701780489,0.8834793282038961,0.5716479218232333,14.01334696790397,76.58,12.81933450942384,12.78569912037888,3.420745460766361,91.87916003881362,0,41.9,38.0,57.93,0.0,0.0,0.0,0.03363538904496011,-0.142111752203383,0.0,0.0,0.0,0.1,14.029697272316138,12.76742057799933,0.028272655468727058,76.095,36.45,47.95,61.674
Кировская область,2019,1.390374747375792,1.723537543515264,0.4772216172287518,0.9104173996329106,0.9425502667205863,0.7042486390113866,0.7780034825287327,13.99871755597277,77.0,12.84292366272652,12.81933450942384,2.38695780321263,91.87916003881362,0,41.9,38.0,70.41,0.0,0.0,0.0,0.023589153302680188,0.20635556070549943,0.0,0.0,0.0,0.1,14.029697272316138,12.76742057799933,0.028272655468727058,76.095,36.45,47.95,61.674
Кировская область,2020,1.350294156840554,1.777269511975142,0.8256277128957897,0.7309816848831876,0.9328017804109723,0.675940163747194,0.7655941984119434,13.98328261559239,77.38,12.87324721560065,12.84292366272652,3.078799442277491,91.87916003881362,0,41.9,38.0,70.41,0.0,0.0,0.0,0.03032355287412969,-0.01240928411678932,0.0,0.0,0.0,0.1,14.029697272316138,12.76742057799933,0.028272655468727058,76.095,36.45,47.95,61.674
Кировская область,2021,1.590912594412039,1.762413398480466,1.183106054385813,0.8061425831171962,0.8975176816829239,0.691416546739889,0.8822003562386864,13.96477934069993,77.75,12.95001939861709,12.87324721560065,7.979605248991173,91.87916003881362,0,41.9,38.0,70.41,0.0,0.0,0.0,0.07677218301644118,0.116606157826743,0.0,0.0,0.0,0.1,14.029697272316138,12.76742057799933,0.028272655468727058,76.095,36.45,47.95,61.674
Костромская область,2012,0.6753339910363988,0.7445431367470706,0.4591385109651606,0.3412008560787393,0.6261888777196113,0.3982479368950688,0.3625013975261435,13.39148170482828,70.38,12.8104536733775,12.75863003989581,5.318997868292552,96.59759640453902,0,57.3,30.7,52.78,0.85,1.0,0.0,0.051823633481690834,,8.5,8.072859485517743,1.0,0.1,13.339556055879871,12.851212249900556,0.019911432202010103,71.98400000000001,33.65,48.35,57.559000000000005
Костромская область,2013,0.5860697677306211,0.7452874922029884,0.2339898721733476,0.3478630857399327,0.5675056609024903,0.128874853976172,0.317512666271608,13.38140829276916,70.71,12.84326657240611,12.8104536733775,3.335717902094038,96.59759640453902,0,57.3,30.7,52.78,0.8274647887323924,1.0,1.0,0.03281289902860962,-0.04498873125453551,8.274647887323924,8.072859485517743,1.0,0.1,13.339556055879871,12.851212249900556,0.019911432202010103,71.98400000000001,33.65,48.35,57.559000000000005
Костромская область,2014,0.4523265502835433,0.6011176333978664,0.2563378334483707,0.3015072042489532,0.5041551282036272,0.09727639135798606,0.2814096775245029,13.37183566554203,71.12,12.85683122090278,12.84326657240611,1.365706573743086,96.59759640453902,0,57.3,30.7,52.78,0.8090905530910657,1.0,0.0,0.013564648496670273,-0.0361029887471051,8.090905530910657,8.072859485517743,1.0,0.1,13.339556055879871,12.851212249900556,0.019911432202010103,71.98400000000001,33.65,48.35,57.559000000000005
Костромская область,2015,0.5936868021385426,0.5740328081192955,0.6527415012492894,0.2639434939575532,0.4396485091635876,0.2320515614032116,0.3749130901349281,13.36177547536456,71.49,12.85279248670075,12.85683122090278,-0.4030589483527192,96.59759640453902,0,57.3,30.7,52.78,0.8156244943128136,1.0,0.0,-0.00403873420203027,0.09350341261042516,8.156244943128137,8.072859485517743,1.0,0.1,13.339556055879871,12.851212249900556,0.019911432202010103,71.98400000000001,33.65,48.35,57.559000000000005
Костромская область,2016,0.5104411598596624,0.5038495990623589,0.5344013928187904,0.2333482673935162,0.401248811890802,0.3959794148034482,0.317998432484321,13.35049128614491,71.82,12.83155348421484,12.85279248670075,-2.101504323197845,96.59759640453902,0,57.3,30.7,52.78,0.821875895112361,1.0,0.0,-0.021239002485909708,-0.05691465765060705,8.218758951123611,8.072859485517743,1.0,0.1,13.339556055879871,12.851212249900556,0.019911432202010103,71.98400000000001,33.65,48.35,57.559000000000005
Костромская область,2017,0.515919039226407,0.5578651693399104,0.3360096686733002,0.2902600409376597,0.4040642261481207,0.3031943359659455,0.3018136022076781,13.33762313310977,72.2,12.86716112421947,12.83155348421484,3.62491839920529,96.59759640453902,0,39.4,36.6,52.78,0.8347823701864028,1.0,0.0,0.03560764000462946,-0.016184830276642914,8.347823701864028,8.072859485517743,1.0,0.1,13.339556055879871,12.851212249900556,0.019911432202010103,71.98400000000001,33.65,48.35,57.559000000000005
Костромская область,2018,0.7820957448370087,0.5806997001109945,1.115351998803537,0.5145753930378588,0.4177237165746372,0.21346692399435,0.8163561347274473,13.32234474442512,72.51,12.88543502188392,12.86716112421947,1.844188704580074,96.59759640453902,0,39.4,36.6,52.78,0.774457257793549,1.0,0.0,0.01827389766445009,0.5145425325197692,7.74457257793549,8.072859485517743,1.0,0.1,13.339556055879871,12.851212249900556,0.019911432202010103,71.98400000000001,33.65,48.35,57.559000000000005
Костромская область,2019,0.8209224343931503,0.5229764522971,1.637551149598928,0.6259393304931637,0.4316421711375485,0.4665912244359064,0.9351562919632653,13.30770536809178,72.82,12.91496301071101,12.88543502188392,2.996826267208363,96.59759640453902,0,39.4,36.6,68.71,0.7712409258518598,1.0,0.0,0.029527988827089402,0.11880015723581805,7.712409258518598,8.072859485517743,1.0,0.1,13.339556055879871,12.851212249900556,0.019911432202010103,71.98400000000001,33.65,48.35,57.559000000000005
Костромская область,2020,0.6496177053814407,0.5067180436411353,0.8252125177390841,0.5830881414642748,0.4609018503872913,0.2654435538062104,0.6716342054188819,13.29393064692541,73.2,12.89103586469337,12.91496301071101,-2.364316134923239,96.59759640453902,0,39.4,36.6,68.71,0.7846490961743209,1.0,0.0,-0.023927146017639345,-0.26352208654438347,7.846490961743209,8.072859485517743,1.0,0.1,13.339556055879871,12.851212249900556,0.019911432202010103,71.98400000000001,33.65,48.35,57.559000000000005
Костромская область,2021,0.6924046015572626,0.5059561118727962,1.135754788073012,0.5073899593436108,0.4115379657048382,0.3384148563058277,0.6341715528497074,13.27696424159768,73.59,12.95774436191591,12.89103586469337,6.898382099945843,96.59759640453902,0,39.4,36.6,68.71,0.783674104262977,1.0,0.0,0.06670849722254069,-0.03746265256917447,7.83674104262977,8.072859485517743,1.0,0.1,13.339556055879871,12.851212249900556,0.019911432202010103,71.98400000000001,33.65,48.35,57.559000000000005
Краснодарский край,2012,2.237891235187222,1.262930280137783,5.283473572076618,7.615239100801199,2.679065642061787,4.76768485506964,7.194102455867412,15.48822876279806,53.54,13.19569720333061,13.17127093540327,2.472703307365043,88.25308927432054,0,72.6,56.2,63.72,0.7405243030858282,1.0,0.0,0.024426267927340817,,7.405243030858282,8.459223335820525,1.0,0.1,15.54067998324553,13.190794219767906,0.0070424677028171345,55.198,57.75,61.9,69.00899999999999
Краснодарский край,2013,1.069768636879795,0.689483973075854,1.910696273283504,4.424613316388508,2.723506326025948,2.06230388097743,3.754583601962356,15.50186358455395,53.97,13.22032109369181,13.19569720333061,2.492956213544639,88.25308927432054,0,72.6,56.2,63.72,0.7253086419753075,1.0,0.0,0.02462389036119994,-3.439518853905056,7.2530864197530756,8.459223335820525,1.0,0.1,15.54067998324553,13.190794219767906,0.0070424677028171345,55.198,57.75,61.9,69.00899999999999
Краснодарский край,2014,1.591260185129442,1.133869132077074,2.193739068294406,2.278336579281332,2.9199642737022,1.960543600399141,2.240696012061834,15.51563360752647,54.35,13.21352668445571,13.22032109369181,-0.6771379425169366,88.25308927432054,0,72.6,56.2,63.72,0.5009378658912778,1.0,0.0,-0.006794409236100307,-1.5138875899005222,5.009378658912778,8.459223335820525,1.0,0.1,15.54067998324553,13.190794219767906,0.0070424677028171345,55.198,57.75,61.9,69.00899999999999
Краснодарский край,2015,1.6408675911719,1.001308038042113,3.562563351153091,2.492013598932838,2.977681707610483,2.61316604579741,2.797566794843457,15.52800204711763,54.66,13.18502886293467,13.21352668445571,-2.809558858285954,88.25308927432054,0,72.6,56.2,63.72,0.4924525248681116,1.0,0.0,-0.028497821521039413,0.556870782781623,4.924525248681116,8.459223335820525,1.0,0.1,15.54067998324553,13.190794219767906,0.0070424677028171345,55.198,57.75,61.9,69.00899999999999
Краснодарский край,2016,1.788769607789006,1.254609106567223,3.730435692712929,1.888874697547953,3.25836482823288,1.733335075653589,2.406685107405982,15.54094520044935,55.03,13.17308520993604,13.18502886293467,-1.187261069132994,88.25308927432054,0,72.6,56.2,63.72,1.0,1.0,1.0,-0.011943652998629872,-0.3908816874374752,10.0,8.459223335820525,1.0,0.1,15.54067998324553,13.190794219767906,0.0070424677028171345,55.198,57.75,61.9,69.00899999999999
Краснодарский край,2017,2.819902776086663,1.45029046112901,8.694248962947206,2.205557780092362,3.275040780868228,1.575386727568845,3.844204799834971,15.55124238555316,55.4,13.19525521496973,13.17308520993604,2.24175858325939,88.25308927432054,0,51.2,59.3,63.72,1.0,1.0,0.0,0.022170005033689932,1.4375196924289892,10.0,8.459223335820525,1.0,0.1,15.54067998324553,13.190794219767906,0.0070424677028171345,55.198,57.75,61.9,69.00899999999999
Краснодарский край,2018,1.586579835495872,1.362247147877539,1.957790060699822,1.850765687160186,3.46160912616619,1.70633832874197,1.904525927681689,15.56033406792202,55.78,13.19611386345404,13.19525521496973,0.08590172284501651,88.25308927432054,0,51.2,59.3,63.72,1.0,1.0,0.0,0.0008586484843089437,-1.939678872153282,10.0,8.459223335820525,1.0,0.1,15.54067998324553,13.190794219767906,0.0070424677028171345,55.198,57.75,61.9,69.00899999999999
Краснодарский край,2019,1.563415939159354,1.455596577698107,1.858933891792861,2.062116612964388,3.465300739538102,1.537987512956488,2.000010237300031,15.56887200220499,56.1,13.19057143815087,13.19611386345404,-0.5527094400585851,88.25308927432054,0,51.2,59.3,81.35,1.0,1.0,0.0,-0.005542425303168841,0.09548430961834176,10.0,8.459223335820525,1.0,0.1,15.54067998324553,13.190794219767906,0.0070424677028171345,55.198,57.75,61.9,69.00899999999999
Краснодарский край,2020,2.481417209773007,1.503832465815718,3.682671345635371,2.716830267930594,3.517183257588978,1.630713690964575,3.070043055309621,15.57420777837586,56.39,13.16707169135232,13.19057143815087,-2.322577801053272,88.25308927432054,0,51.2,59.3,81.35,1.0,1.0,0.0,-0.023499746798551158,1.0700328180095902,10.0,8.459223335820525,1.0,0.1,15.54067998324553,13.190794219767906,0.0070424677028171345,55.198,57.75,61.9,69.00899999999999
Краснодарский край,2021,1.579180525466797,1.491125499965013,1.788563889450772,2.726676815348085,3.546347852670392,2.189679368710289,2.537399112020189,15.57747039595381,56.76,13.24169561243144,13.16707169135232,7.747885759224116,88.25308927432054,0,51.2,59.3,81.35,1.0,1.0,0.0,0.0746239210791213,-0.5326439432894321,10.0,8.459223335820525,1.0,0.1,15.54067998324553,13.190794219767906,0.0070424677028171345,55.198,57.75,61.9,69.00899999999999
Красноярский край,2012,0.3643291695560544,0.1015243522339152,1.185278670703168,1.948327640969684,2.289097056025525,1.445724548748987,1.810514520696828,14.86049384414505,76.87,13.87486917089049,13.82176710387593,5.453727309783329,91.31694705096045,0,49.7,36.7,60.16,0.482889421974219,1.0,0.0,0.053102067014560106,,4.828894219742191,5.471818442093575,0.7,0.2,14.868241774506672,13.90333664054648,0.008165780660617017,78.179,38.55,43.2,64.396
Красноярский край,2013,1.166000147348909,0.06410526334529272,3.602632356236052,1.536580219567349,2.392540643885628,1.122967794163735,2.08724131911257,14.86325437427588,77.2,13.90069609761157,13.87486917089049,2.616333165100726,91.31694705096045,0,49.7,36.7,60.16,1.0,1.0,0.0,0.025826926721080667,0.27672679841574177,10.0,5.471818442093575,0.7,0.2,14.868241774506672,13.90333664054648,0.008165780660617017,78.179,38.55,43.2,64.396
Красноярский край,2014,1.308756121022047,0.06756064195722072,2.943668000093627,2.25959760939659,2.408311488399812,2.23119382243638,2.563965872995728,14.86563718609701,77.54,13.9082636166436,13.90069609761157,0.759622506965507,91.31694705096045,0,49.7,36.7,60.16,1.0,1.0,0.0,0.007567519032029679,0.4767245538831584,10.0,5.471818442093575,0.7,0.2,14.868241774506672,13.90333664054648,0.008165780660617017,78.179,38.55,43.2,64.396
Красноярский край,2015,1.032720258176016,0.5911809928513914,2.359421000721805,1.686922563053658,2.131423742723445,2.272933529898148,1.878865110747719,14.86825550684715,77.85,13.88339968694615,13.9082636166436,-2.455736822746168,91.31694705096045,0,49.7,36.7,60.16,0.0,0.0,1.0,-0.02486392969744955,-0.6851007622480092,0.0,5.471818442093575,0.7,0.2,14.868241774506672,13.90333664054648,0.008165780660617017,78.179,38.55,43.2,64.396
Красноярский край,2016,0.7438789716000102,0.3674369607618109,2.112240510338378,2.338837084716317,2.182339249360466,0.8238127959299053,2.275122624343227,14.87136286431519,78.15,13.89518094197185,13.88339968694615,1.18509273510099,91.31694705096045,0,49.7,36.7,60.16,0.0,0.0,0.0,0.011781255025699267,0.396257513595508,0.0,5.471818442093575,0.7,0.2,14.868241774506672,13.90333664054648,0.008165780660617017,78.179,38.55,43.2,64.396
Красноярский край,2017,1.282490303739579,0.9184977333898963,2.843675424760731,3.340080463980657,2.388414072153059,0.8836469288954127,3.2147188748435,14.87332897671663,78.42,13.92568201970792,13.89518094197185,3.097100116281526,91.31694705096045,0,36.7,40.4,60.16,0.0,0.0,0.0,0.030501077736071025,0.9395962505002728,0.0,5.471818442093575,0.7,0.2,14.868241774506672,13.90333664054648,0.008165780660617017,78.179,38.55,43.2,64.396
Красноярский край,2018,1.323308281537924,0.5014063564646649,2.683334775853745,2.714427422592718,2.395172553465228,1.984282370724812,2.698809034819411,14.87333557373155,78.65,13.9581426128305,13.92568201970792,3.299318530606565,91.31694705096045,0,36.7,40.4,60.16,0.7307699253026302,1.0,1.0,0.032460593122578985,-0.5159098400240887,7.307699253026302,5.471818442093575,0.7,0.2,14.868241774506672,13.90333664054648,0.008165780660617017,78.179,38.55,43.2,64.396
Красноярский край,2019,0.946143699418531,0.2621157179933504,2.820969759183852,1.791164581262303,2.509957752178455,0.9079869755033394,2.105942663140157,14.87178442513993,78.84,13.96268927040192,13.9581426128305,0.455700930159364,91.31694705096045,0,36.7,40.4,74.28,0.7436966070714347,1.0,0.0,0.004546657571420809,-0.5928663716792539,7.436966070714347,5.471818442093575,0.7,0.2,14.868241774506672,13.90333664054648,0.008165780660617017,78.179,38.55,43.2,64.396
Красноярский край,2020,0.9407568772081117,0.1270650001975006,1.940619793050948,1.704774577588145,2.532775728204236,1.353930654756295,1.79102432184378,14.86885801118312,79.01,13.90267588458485,13.96268927040192,-5.8248072619141,91.31694705096045,0,36.7,40.4,74.28,0.7525571086007292,1.0,0.0,-0.060013385817070386,-0.3149183412963772,7.525571086007292,5.471818442093575,0.7,0.2,14.868241774506672,13.90333664054648,0.008165780660617017,78.179,38.55,43.2,64.396
Красноярский край,2021,0.4905821989858725,0.1262339828628384,1.356954728193254,1.91822644750981,2.540462044242417,1.504935576781967,1.804981848653524,14.8661069826152,79.26,13.9034249104821,13.90267588458485,0.07493064871948452,91.31694705096045,0,36.7,40.4,74.28,0.7619053791445616,1.0,0.0,0.0007490258972495667,0.013957526809744047,7.619053791445616,5.471818442093575,0.7,0.2,14.868241774506672,13.90333664054648,0.008165780660617017,78.179,38.55,43.2,64.396
Курганская область,2012,1.457082083774383,1.829976589213194,0.2922344933086093,0.6447060678803139,0.8906424106306252,0.3581364281677624,0.5810467099727249,13.69493036390532,60.7,12.61880098532625,12.643306125785,-2.420732711646811,92.47095274980636,0,56.5,44.4,63.39,0.0,0.0,0.0,-0.024505140458749963,,0.0,2.1201965542942296,0.3,0.2,13.633687543490748,12.673840486292647,0.01188896439970204,62.435,42.95,49.15,66.363
Курганская область,2013,1.49151478307491,1.966655874730245,0.4408300902785851,0.5998375635527544,0.6576217147726979,0.3035031210280714,0.5574575923433919,13.68065257151742,61.2,12.66069394474712,12.61880098532625,4.278285269614647,92.47095274980636,0,56.5,44.4,63.39,0.0,0.0,0.0,0.04189295942087057,-0.023589117629333023,0.0,2.1201965542942296,0.3,0.2,13.633687543490748,12.673840486292647,0.01188896439970204,62.435,42.95,49.15,66.363
Курганская область,2014,1.220697588366168,1.729404121865147,0.5506255742419798,0.530210644350862,0.5850606645823874,0.1925483764713731,0.5392940030913657,13.66800773210848,61.75,12.64390997346525,12.66069394474712,-1.664390515263214,92.47095274980636,0,56.5,44.4,63.39,0.0,0.0,0.0,-0.01678397128186937,-0.018163589252026213,0.0,2.1201965542942296,0.3,0.2,13.633687543490748,12.673840486292647,0.01188896439970204,62.435,42.95,49.15,66.363
Курганская область,2015,1.309763934018217,1.526058326354627,0.6598603955181223,0.5673048231014884,0.6164459896968356,0.771034351022935,0.593721765324479,13.65560585545432,62.2,12.62996787477981,12.64390997346525,-1.384535774003326,92.47095274980636,0,56.5,44.4,63.39,0.0,0.0,1.0,-0.013942098685440385,0.0544277622331133,0.0,2.1201965542942296,0.3,0.2,13.633687543490748,12.673840486292647,0.01188896439970204,62.435,42.95,49.15,66.363
Курганская область,2016,1.566276816957975,1.610941593036747,1.403920969409329,0.5638820176641655,0.6275239187831678,0.326734464931175,0.8000843020532878,13.64278085193559,62.45,12.66063279642687,12.62996787477981,3.113993332263609,92.47095274980636,0,56.5,44.4,63.39,0.0,0.0,0.0,0.030664921647060694,0.2063625367288089,0.0,2.1201965542942296,0.3,0.2,13.633687543490748,12.673840486292647,0.01188896439970204,62.435,42.95,49.15,66.363
Курганская область,2017,1.591544127499231,1.826612007733735,0.5833244358183445,0.5563635356259202,0.6257293984578683,0.1314740689102414,0.5631722120607966,13.62939421004964,62.6,12.68693566357937,12.66063279642687,2.66518405111198,92.47095274980636,0,41.8,41.5,63.39,0.0,0.0,0.0,0.02630286715249852,-0.23691208999249125,0.0,2.1201965542942296,0.3,0.2,13.633687543490748,12.673840486292647,0.01188896439970204,62.435,42.95,49.15,66.363
Курганская область,2018,1.606674257563594,2.025225636567514,0.91408436658966,0.590427709586003,0.6309100940756911,0.1486069411009776,0.7530061872863014,13.61396336738137,62.91,12.71429507711291,12.68693566357937,2.773711902038589,92.47095274980636,0,41.8,41.5,63.39,0.0,0.0,0.0,0.027359413533540433,0.18983397522550483,0.0,2.1201965542942296,0.3,0.2,13.633687543490748,12.673840486292647,0.01188896439970204,62.435,42.95,49.15,66.363
Курганская область,2019,1.894685452358571,1.856484433863996,1.999389158826811,0.8596868051787647,0.6591927948293903,0.6726054834330653,1.208056893506615,13.5989353875281,63.24,12.74618017403261,12.71429507711291,3.239887267904519,92.47095274980636,0,41.8,41.5,73.3,0.7094180059438947,1.0,1.0,0.03188509691969976,0.4550507062203135,7.094180059438947,2.1201965542942296,0.3,0.2,13.633687543490748,12.673840486292647,0.01188896439970204,62.435,42.95,49.15,66.363
Курганская область,2020,1.25299786643574,1.856258790405802,0.5117120757126707,0.8040637231722783,0.6376866857752185,0.4983928587168628,0.697149301454524,13.58508933854981,63.49,12.73368224767129,12.74618017403261,-1.242015162446664,92.47095274980636,0,41.8,41.5,73.3,0.7022908895148012,1.0,0.0,-0.012497926361319855,-0.5109075920520909,7.022908895148012,2.1201965542942296,0.3,0.2,13.633687543490748,12.673840486292647,0.01188896439970204,62.435,42.95,49.15,66.363
Курганская область,2021,1.594090643916461,1.844626188241808,0.998349801534506,0.8020869923242284,0.6384201279828401,0.5671754122072181,0.8416858217940069,13.56751575647742,63.81,12.76219576978202,12.73368224767129,2.89239239636887,92.47095274980636,0,41.8,41.5,73.3,0.7084876588355337,1.0,0.0,0.028513522110729994,0.14453652033948283,7.084876588355336,2.1201965542942296,0.3,0.2,13.633687543490748,12.673840486292647,0.01188896439970204,62.435,42.95,49.15,66.363
Курская область,2012,0.5907386258105111,0.7080073552358379,0.2244146523657221,0.9580514283370559,0.9407497782540406,0.3823304382560902,0.825550399984689,13.92847935709144,66.15,13.01724458804568,12.96798607674178,5.049187966741586,96.48180915317877,0,54.7,45.7,60.45,0.8246747920728531,1.0,0.0,0.0492585113038988,,8.24674792072853,8.290882112478176,1.0,0.1,13.919282964584486,13.145400230172722,0.039278141499276845,67.375,48.7,50.85,66.61800000000001
Курская область,2013,0.3970108857194775,0.3498272326344945,0.5013486138538515,1.395911968571218,0.8565653088837346,0.471036948774288,1.157485632769356,13.92682292615518,66.43,13.06004296231312,13.01724458804568,4.372743132595658,96.48180915317877,0,54.7,45.7,60.45,0.8333333333333324,1.0,0.0,0.0427983742674396,0.33193523278466686,8.333333333333323,8.290882112478176,1.0,0.1,13.919282964584486,13.145400230172722,0.039278141499276845,67.375,48.7,50.85,66.61800000000001
Курская область,2014,0.4193195974682692,0.4391573309903005,0.393189187926767,1.482509031102924,0.7262545997508583,0.3193856874497426,0.997830270436536,13.92550511982521,66.61,13.10537765405986,13.06004296231312,4.637801539409758,96.48180915317877,0,54.7,45.7,60.45,0.8140240320733263,1.0,0.0,0.04533469174674032,-0.15965536233281985,8.140240320733263,8.290882112478176,1.0,0.1,13.919282964584486,13.145400230172722,0.039278141499276845,67.375,48.7,50.85,66.61800000000001
Курская область,2015,0.41173342757348,0.421665440538944,0.3818905347413601,1.377941271096922,1.013332193193019,0.6279547618500757,1.093651367567103,13.92559290819439,66.99,13.1338773225426,13.10537765405986,2.890966973315301,96.48180915317877,0,54.7,45.7,60.45,0.8207542081135218,1.0,0.0,0.028499668482741214,0.09582109713056686,8.207542081135218,8.290882112478176,1.0,0.1,13.919282964584486,13.145400230172722,0.039278141499276845,67.375,48.7,50.85,66.61800000000001
Курская область,2016,0.4282246074894209,0.4511196208749719,0.3450015483097866,1.752951919138691,1.047472211699845,0.3810830834673089,1.357064212734828,13.92773059323158,67.35,13.16999834962249,13.1338773225426,3.678131751342373,96.48180915317877,0,54.7,45.7,60.45,0.832279387455553,1.0,0.0,0.036121027079889956,0.2634128451677251,8.32279387455553,8.290882112478176,1.0,0.1,13.919282964584486,13.145400230172722,0.039278141499276845,67.375,48.7,50.85,66.61800000000001
Курская область,2017,0.54820627369086,0.6156134590109313,0.2590929693437053,1.82777639360134,1.083784280793316,0.2987285049193605,1.43162278640371,13.92519511148118,67.58,13.20014899840587,13.16999834962249,3.060978236908185,96.48180915317877,0,47.0,51.7,60.45,0.8445745387516387,1.0,0.0,0.030150648783379808,0.07455857366888208,8.445745387516387,8.290882112478176,1.0,0.1,13.919282964584486,13.145400230172722,0.039278141499276845,67.375,48.7,50.85,66.61800000000001
Курская область,2018,0.5661022896403579,0.5990994706221645,0.5115008353743983,1.286406803222114,0.8713303538691326,0.6371806276292419,0.8971577954004254,13.91762300435164,67.81,13.23630856238732,13.20014899840587,3.682127262286139,96.48180915317877,0,47.0,51.7,60.45,0.7829677771099607,1.0,0.0,0.036159563981449594,-0.5344649910032847,7.829677771099607,8.290882112478176,1.0,0.1,13.919282964584486,13.145400230172722,0.039278141499276845,67.375,48.7,50.85,66.61800000000001
Курская область,2019,0.659690472775608,0.6158616277982234,0.7798192730065714,0.8618961928243147,0.7983492119484572,0.9954309423480581,0.8368079373556285,13.91209537961287,68.11,13.26847811807251,13.23630856238732,3.269258936102415,96.48180915317877,0,47.0,51.7,81.01,0.8408541210593914,1.0,1.0,0.03216955568518998,-0.06034985804479687,8.408541210593913,8.290882112478176,1.0,0.1,13.919282964584486,13.145400230172722,0.039278141499276845,67.375,48.7,50.85,66.61800000000001
Курская область,2020,0.5615808176215699,0.5171393999863741,0.6161903408039386,0.6984985507962437,0.7248745271851288,0.8061781849181403,0.6683980374233315,13.9068163673319,68.31,13.29453966953601,13.26847811807251,2.640412320509977,96.48180915317877,0,47.0,51.7,81.01,0.8459779910477142,1.0,0.0,0.0260615514634992,-0.16840989993229705,8.459779910477142,8.290882112478176,1.0,0.1,13.919282964584486,13.145400230172722,0.039278141499276845,67.375,48.7,50.85,66.61800000000001
Курская область,2021,0.6027564659694511,0.5102011973520052,0.8228408210318273,0.7568949970205967,0.7632470202560993,0.9305709510002039,0.7702005104277082,13.89696887856947,68.41,13.36076749173455,13.29453966953601,6.847011064940611,96.48180915317877,0,47.0,51.7,81.01,0.8514419314608854,1.0,0.0,0.06622782219853995,0.10180247300437673,8.514419314608855,8.290882112478176,1.0,0.1,13.919282964584486,13.145400230172722,0.039278141499276845,67.375,48.7,50.85,66.61800000000001
Ленинградская область,2012,0.2277947670996411,0.0,0.9393798983004286,0.6291073350853761,1.270099510476451,0.7356804820138974,0.6851451933853334,14.37829902192199,64.89,13.44216196231639,13.39634104669876,4.688691307223158,92.7461159300702,0,51.5,33.0,61.9,0.7627622701454626,1.0,0.0,0.045820915617630575,,7.6276227014546265,7.335358655821446,1.0,0.1,14.436191328474141,13.442904586800628,0.011770313701108037,65.303,41.5,47.8,67.033
Ленинградская область,2013,0.1211702001375733,0.0,0.3891151889914676,0.942320164918278,1.199839813077618,0.6806293777972909,0.7948754538622793,14.39157882991219,65.18,13.41478322994669,13.44216196231639,-2.700733208546235,92.7461159300702,0,51.5,33.0,61.9,0.734375,1.0,1.0,-0.027378732369701453,0.1097302604769459,7.34375,7.335358655821446,1.0,0.1,14.436191328474141,13.442904586800628,0.011770313701108037,65.303,41.5,47.8,67.033
Ленинградская область,2014,0.2040281147604143,0.0,0.4727754588433193,1.483801278459996,1.024236862129225,1.303477228739095,1.033958429894272,14.40283767284501,65.34,13.40552238967654,13.41478322994669,-0.9218090756141661,92.7461159300702,0,51.5,33.0,61.9,0.7437322632870516,1.0,0.0,-0.009260840270149728,0.23908297603199258,7.437322632870515,7.335358655821446,1.0,0.1,14.436191328474141,13.442904586800628,0.011770313701108037,65.303,41.5,47.8,67.033
Ленинградская область,2015,0.136565512539218,0.0,0.5469062933500031,1.185066018246307,0.9871623034522929,0.7209321316074425,1.002924326055816,14.41164616216528,65.32,13.441687265999,13.40552238967654,3.682678058565636,92.7461159300702,0,51.5,33.0,61.9,0.7372876784748579,1.0,0.0,0.036164876322461126,-0.03103410383845584,7.372876784748579,7.335358655821446,1.0,0.1,14.436191328474141,13.442904586800628,0.011770313701108037,65.303,41.5,47.8,67.033
Ленинградская область,2016,0.1294657507016635,0.0,0.6000719762118937,0.9868695651206958,0.9919688386998973,0.5011779076823474,0.8781097583204753,14.42071083315526,65.12,13.45046251313736,13.441687265999,0.8813862489960966,92.7461159300702,0,51.5,33.0,61.9,0.7471599046476005,1.0,0.0,0.008775247138359532,-0.12481456773534072,7.471599046476005,7.335358655821446,1.0,0.1,14.436191328474141,13.442904586800628,0.011770313701108037,65.303,41.5,47.8,67.033
Ленинградская область,2017,0.1486898281386193,0.0,0.7864290740638817,0.7191405802342277,0.9866445569617385,0.2336450557352787,0.7361335433402972,14.43426764965624,64.63,13.45277904579266,13.45046251313736,0.2319217890154102,92.7461159300702,0,44.1,50.0,61.9,0.7403596856408975,1.0,0.0,0.002316532655299852,-0.1419762149801781,7.403596856408975,7.335358655821446,1.0,0.1,14.436191328474141,13.442904586800628,0.011770313701108037,65.303,41.5,47.8,67.033
Ленинградская область,2018,0.2883830500444376,0.0,0.7655793877182803,0.8320535094281443,0.9838396040907832,0.417357611482702,0.798662379413686,14.45337016181194,64.04,13.47769341905374,13.45277904579266,2.522732989295218,92.7461159300702,0,44.1,50.0,61.9,0.6985300756569256,1.0,0.0,0.024914373261079703,0.06252883607338877,6.985300756569256,7.335358655821446,1.0,0.1,14.436191328474141,13.442904586800628,0.011770313701108037,65.303,41.5,47.8,67.033
Ленинградская область,2019,0.1552398961292012,0.0,0.5807309735144953,0.7147063649238927,0.9981709953351882,0.4953409410183892,0.6737544279645142,14.47418171152436,65.02,13.4844970363743,13.47769341905374,0.6826814503294809,92.7461159300702,0,44.1,50.0,79.01,0.719511351556917,1.0,0.0,0.006803617320560562,-0.12490795144917177,7.195113515569171,7.335358655821446,1.0,0.1,14.436191328474141,13.442904586800628,0.011770313701108037,65.303,41.5,47.8,67.033
Ленинградская область,2020,0.1524817747336032,0.0,0.3398510679581475,0.6218309421577307,0.9476163333616018,0.672291582070397,0.5187095284490603,14.49054824706426,66.51,13.46311795901085,13.4844970363743,-2.115216482605076,92.7461159300702,0,44.1,50.0,79.01,0.722987084687144,1.0,0.0,-0.02137907736345035,-0.15504489951545397,7.2298708468714405,7.335358655821446,1.0,0.1,14.436191328474141,13.442904586800628,0.011770313701108037,65.303,41.5,47.8,67.033
Ленинградская область,2021,0.07124048091633559,0.0,0.2406410513107679,0.6874651974986714,1.010695971562836,0.8933674872599098,0.5973120337939938,14.50447299468488,66.98,13.51404418370984,13.46311795901085,5.224526070872004,92.7461159300702,0,44.1,50.0,79.01,0.7286533417245892,1.0,0.0,0.05092622469899055,0.07860250534493352,7.2865334172458915,7.335358655821446,1.0,0.1,14.436191328474141,13.442904586800628,0.011770313701108037,65.303,41.5,47.8,67.033
Липецкая область,2012,0.03954386926370921,0.04076984352168886,0.0357141717499308,0.7880850108410408,0.742743944067945,0.6996401184813817,0.6522004516872061,13.97017225005966,63.76,13.3067184884816,13.28650061684739,2.04236371751696,96.26322297018821,0,56.9,40.1,61.0,0.0,0.0,0.0,0.020217871634210738,,0.0,2.0568206848455426,0.3,0.1,13.96618993541692,13.392307693976097,0.023520154098316048,63.512,48.15,54.75,66.949
Липецкая область,2013,0.147129139633991,0.07390685390734422,0.3090463809244037,1.051540140593678,0.7012494849021536,0.2076858092430353,0.8536446359990081,13.96934947491282,63.76,13.34097603971467,13.3067184884816,3.485109958561372,96.26322297018821,0,56.9,40.1,61.0,0.0,0.0,0.0,0.03425755123307006,0.201444184311802,0.0,2.0568206848455426,0.3,0.1,13.96618993541692,13.392307693976097,0.023520154098316048,63.512,48.15,54.75,66.949
Липецкая область,2014,0.2407356541246972,0.1629218944569369,0.3432325147577178,1.182422947537782,0.6508636036780163,1.049545009477499,0.8090360295716171,13.96922342768096,63.72,13.39084417884135,13.34097603971467,5.113248399013504,96.26322297018821,0,56.9,40.1,61.0,0.0,0.0,0.0,0.04986813912667998,-0.04460860642739095,0.0,2.0568206848455426,0.3,0.1,13.96618993541692,13.392307693976097,0.023520154098316048,63.512,48.15,54.75,66.949
Липецкая область,2015,0.1956835361675504,0.1676463984326791,0.2799272136225205,1.198209454424426,0.6845985538310473,0.4939550409030937,0.936116008656891,13.96959552134654,63.64,13.40042241602894,13.39084417884135,0.9624255308205765,96.26322297018821,0,56.9,40.1,61.0,0.0,0.0,0.0,0.009578237187589878,0.1270799790852739,0.0,2.0568206848455426,0.3,0.1,13.96618993541692,13.392307693976097,0.023520154098316048,63.512,48.15,54.75,66.949
Липецкая область,2016,0.2735513353894552,0.2030247695689356,0.5299144334220459,1.692958247440654,0.6450465567177608,0.2945794521284777,1.365933405145996,13.9710345800395,63.48,13.41485670649227,13.40042241602894,1.453896787557629,96.26322297018821,0,56.9,40.1,61.0,0.0,0.0,0.0,0.014434290463329447,0.4298173964891049,0.0,2.0568206848455426,0.3,0.1,13.96618993541692,13.392307693976097,0.023520154098316048,63.512,48.15,54.75,66.949
Липецкая область,2017,0.3553158759778072,0.3256401525652722,0.4825967647132025,1.252655549283588,0.6839280285593862,0.5381093509560165,1.058185740688429,13.97050288350839,63.41,13.42731697388865,13.41485670649227,1.25382199616495,96.26322297018821,0,52.6,56.2,61.0,0.0,0.0,0.0,0.012460267396381397,-0.30774766445756696,0.0,2.0568206848455426,0.3,0.1,13.96618993541692,13.392307693976097,0.023520154098316048,63.512,48.15,54.75,66.949
Липецкая область,2018,0.2424597579435164,0.1253082931286873,0.4363139042053996,0.9390175683045032,0.6836994580916012,1.35071415864143,0.6865006041851124,13.96727152756432,63.44,13.45133086901525,13.42731697388865,2.430455063314008,96.26322297018821,0,52.6,56.2,61.0,0.0,0.0,0.0,0.024013895126598683,-0.3716851365033166,0.0,2.0568206848455426,0.3,0.1,13.96618993541692,13.392307693976097,0.023520154098316048,63.512,48.15,54.75,66.949
Липецкая область,2019,0.2952124668785602,0.1302383476420194,0.7473837030421341,0.7207555809312542,0.6767255840131815,1.047861226881643,0.7288949352302774,13.96465099316564,63.43,13.43578743278626,13.45133086901525,-1.542326047779352,96.26322297018821,0,52.6,56.2,80.83,0.6820801251753446,1.0,1.0,-0.015543436228989904,0.04239433104516499,6.820801251753446,2.0568206848455426,0.3,0.1,13.96618993541692,13.392307693976097,0.023520154098316048,63.512,48.15,54.75,66.949
Липецкая область,2020,0.4626491195239471,0.1331977797868696,0.8674782526204147,0.7954970658594884,0.5749983675777236,0.6787418156459218,0.8218209365267997,13.95973037532028,63.33,13.46832321766459,13.43578743278626,3.307086079758427,96.26322297018821,0,52.6,56.2,80.83,0.686567959152529,1.0,0.0,0.03253578487833053,0.09292600129652229,6.86567959152529,2.0568206848455426,0.3,0.1,13.96618993541692,13.392307693976097,0.023520154098316048,63.512,48.15,54.75,66.949
Липецкая область,2021,0.227909058045426,0.1322538798883009,0.4553645936141427,0.6279609443456861,0.634196797560877,0.5337604025304999,0.5931371614434361,13.9503683205711,63.15,13.52170215783055,13.46832321766459,5.482928657938757,96.26322297018821,0,52.6,56.2,80.83,0.6881726005176689,1.0,0.0,0.053378940165959676,-0.22868377508336357,6.88172600517669,2.0568206848455426,0.3,0.1,13.96618993541692,13.392307693976097,0.023520154098316048,63.512,48.15,54.75,66.949
Магаданская область,2012,1.556808253053822,1.968236449747276,0.2715891452955012,0.2765464897419627,0.2163225311034865,0.3362253763260022,0.2756511512603505,11.93931675196057,95.67,14.23079419084799,14.18082521983373,5.123847700624172,84.13189010035116,0,52.6,41.0,56.25,0.0,0.0,0.0,0.04996897101425901,,0.0,2.0568589167803495,0.3,0.2,11.879134134929277,14.37913340631017,0.048625039535500035,96.053,42.85,46.6,61.065
Магаданская область,2013,1.379905318350646,1.897965348096276,0.2343135083326885,0.467954509789722,0.2009857154095316,0.538535926976002,0.405682600732953,11.92449854802926,95.76,14.28387110689639,14.23079419084799,5.451075080009771,84.13189010035116,0,52.6,41.0,56.25,0.0,0.0,0.0,0.05307691604840059,0.13003144947260248,0.0,2.0568589167803495,0.3,0.2,11.879134134929277,14.37913340631017,0.048625039535500035,96.053,42.85,46.6,61.065
Магаданская область,2014,1.061073264097084,1.675175945149513,0.2521726637027111,0.3564037727666955,0.2054086201800991,0.3548127892786968,0.3100274902813635,11.90906051648203,95.84,14.32886794068516,14.28387110689639,4.602454796880417,84.13189010035116,0,52.6,41.0,56.25,0.0,0.0,1.0,0.04499683378877073,-0.09565511045158948,0.0,2.0568589167803495,0.3,0.2,11.879134134929277,14.37913340631017,0.048625039535500035,96.053,42.85,46.6,61.065
Магаданская область,2015,0.9191636695945962,1.143290669579003,0.2457253580884652,0.3826304284964316,0.188091972961034,0.153913462819781,0.343555381575197,11.89445983685317,95.88,14.36523011209554,14.32886794068516,3.703136159723597,84.13189010035116,0,52.6,41.0,56.25,0.0,0.0,0.0,0.03636217141037967,0.03352789129383349,0.0,2.0568589167803495,0.3,0.2,11.879134134929277,14.37913340631017,0.048625039535500035,96.053,42.85,46.6,61.065
Магаданская область,2016,0.9171819323881919,1.068740302977547,0.3662693370416863,0.7421642946787952,0.1829156055400915,0.2196731925373606,0.6364700914519285,11.88472347667455,95.95,14.36086754789466,14.36523011209554,-0.4353062040625244,84.13189010035116,0,52.6,41.0,56.25,0.0,0.0,0.0,-0.004362564200880215,0.29291470987673146,0.0,2.0568589167803495,0.3,0.2,11.879134134929277,14.37913340631017,0.048625039535500035,96.053,42.85,46.6,61.065
Магаданская область,2017,0.8226898949928771,0.8546784101448678,0.6854893091378678,0.4375525305395687,0.1800274574579549,0.5005189435681419,0.5001662151618554,11.87576834800394,96.08,14.42903453619711,14.36086754789466,7.054406188909246,84.13189010035116,0,40.6,44.7,56.25,0.0,0.0,0.0,0.06816698830244938,-0.136303876290073,0.0,2.0568589167803495,0.3,0.2,11.879134134929277,14.37913340631017,0.048625039535500035,96.053,42.85,46.6,61.065
Магаданская область,2018,0.6890961187144707,0.7708613971166763,0.5537965877732364,0.1288110366132199,0.1988506882287646,0.1847987921418321,0.342288814551948,11.85939753616977,96.22,14.47399280488319,14.42903453619711,4.598420870253928,84.13189010035116,0,40.6,44.7,56.25,0.0,0.0,0.0,0.04495826868608077,-0.15787740060990746,0.0,2.0568589167803495,0.3,0.2,11.879134134929277,14.37913340631017,0.048625039535500035,96.053,42.85,46.6,61.065
Магаданская область,2019,0.7584415937052856,0.702154564506094,0.9127165532611006,0.2579606849146758,0.2079493489610399,0.2877898051290257,0.458098342750435,11.84414823292334,96.35,14.53993522244514,14.47399280488319,6.816520783818114,84.13189010035116,0,40.6,44.7,72.3,0.6833968821737503,1.0,1.0,0.06594241756194918,0.115809528198487,6.8339688217375025,2.0568589167803495,0.3,0.2,11.879134134929277,14.37913340631017,0.048625039535500035,96.053,42.85,46.6,61.065
Магаданская область,2020,0.4339370965514694,0.6269191033009892,0.196801200980448,0.4537776273660408,0.1772474519813817,0.4113683278157484,0.3598000963315811,11.83495823821512,96.4,14.59791538132279,14.53993522244514,5.969396998398468,84.13189010035116,0,40.6,44.7,72.3,0.6852894340889302,1.0,0.0,0.05798015887765118,-0.09829824641885387,6.852894340889302,2.0568589167803495,0.3,0.2,11.879134134929277,14.37913340631017,0.048625039535500035,96.053,42.85,46.6,61.065
Магаданская область,2021,0.5379094337929321,0.6254575694283906,0.3297313877879805,0.398260538548418,0.1924959614282898,0.3484315543166571,0.3844338020128993,11.82500986398103,96.38,14.66707561518873,14.59791538132279,7.160790326948563,84.13189010035116,0,40.6,44.7,72.3,0.6881726005176689,1.0,0.0,0.06916023386594006,0.024633705681318174,6.88172600517669,2.0568589167803495,0.3,0.2,11.879134134929277,14.37913340631017,0.048625039535500035,96.053,42.85,46.6,61.065
Московская область,2012,0.2116989433294314,0.0,0.8730039517023777,5.854229569041703,4.18077019228577,12.10550062125021,4.954577945281768,15.80538536961003,79.96,13.4656564824299,13.43804773399145,2.799340170600839,92.91775841693203,0,51.0,32.8,56.85,0.0,0.0,0.0,0.027608748438449737,,0.0,7.023968238094758,0.9,0.1,15.885742041004724,13.471572415288097,0.015701077232158946,79.455,39.4,44.6,62.141999999999996
Московская область,2013,0.825822984427485,0.0,2.651974382266909,4.679535611611839,4.490842809161642,11.49224215284058,4.139133423239874,15.82407513293536,79.94,13.46872821088608,13.4656564824299,0.3076451048303452,92.91775841693203,0,51.0,32.8,56.85,0.7436708860759474,1.0,1.0,0.0030717284561809777,-0.8154445220418935,7.436708860759475,7.023968238094758,0.9,0.1,15.885742041004724,13.471572415288097,0.015701077232158946,79.455,39.4,44.6,62.141999999999996
Московская область,2014,1.098422102994717,0.0,2.545271833525403,6.021268977565239,4.304105966273653,7.344126946386158,4.474669052477224,15.84273811839656,79.88,13.45106472575797,13.46872821088608,-1.750840023042288,92.91775841693203,0,51.0,32.8,56.85,0.7876102729205062,1.0,0.0,-0.01766348512811078,0.3355356292373495,7.876102729205062,7.023968238094758,0.9,0.1,15.885742041004724,13.471572415288097,0.015701077232158946,79.455,39.4,44.6,62.141999999999996
Московская область,2015,0.4492743983904831,0.0,1.799217030362845,6.87447267143243,3.714964004004683,5.106759556754134,5.425907970935299,15.86139777216189,79.75,13.45807281874121,13.45106472575797,0.7032707132699656,92.91775841693203,0,51.0,32.8,56.85,0.7744802319884272,1.0,0.0,0.007008092983239678,0.951238918458075,7.744802319884272,7.023968238094758,0.9,0.1,15.885742041004724,13.471572415288097,0.015701077232158946,79.455,39.4,44.6,62.141999999999996
Московская область,2016,0.4231022476731843,0.0,1.961073106400175,2.771672173178645,3.650132172116215,6.474087285484212,2.543747800268317,15.88020628757889,79.64,13.47173149346171,13.45807281874121,1.375238056456141,92.91775841693203,0,51.0,32.8,56.85,0.782738947726058,1.0,0.0,0.013658674720501196,-2.8821601706669817,7.82738947726058,7.023968238094758,0.9,0.1,15.885742041004724,13.471572415288097,0.015701077232158946,79.455,39.4,44.6,62.141999999999996
Московская область,2017,0.5583481940273322,0.0,2.953135791002421,1.961684011383975,3.744897314878083,7.471633243220843,2.212064166350062,15.89797029032082,79.52,13.47278924496038,13.47173149346171,0.1058311115077037,92.91775841693203,0,38.2,46.0,56.85,0.7783781559846178,1.0,0.0,0.0010577514986689351,-0.33168363391825517,7.783781559846178,7.023968238094758,0.9,0.1,15.885742041004724,13.471572415288097,0.015701077232158946,79.455,39.4,44.6,62.141999999999996
Московская область,2018,1.545868952851175,0.0,4.103866042869494,1.695868212998054,3.771133995500042,4.892745854387097,2.905448220127948,15.9148474922453,79.32,13.47571467033207,13.47278924496038,0.2929708604238579,92.91775841693203,0,38.2,46.0,56.85,0.7480322070026922,1.0,0.0,0.0029254253716910483,0.6933840537778861,7.480322070026922,7.023968238094758,0.9,0.1,15.885742041004724,13.471572415288097,0.015701077232158946,79.455,39.4,44.6,62.141999999999996
Московская область,2019,0.02599396818247699,0.0,0.09723983862725061,2.527616026003159,3.683506157835169,7.061646308154796,1.784728758677649,15.93213130726541,79.09,13.51858477813171,13.47571467033207,4.380230426668241,92.91775841693203,0,38.2,46.0,74.49,0.7955046853168614,1.0,0.0,0.04287010779964007,-1.120719461450299,7.955046853168613,7.023968238094758,0.9,0.1,15.885742041004724,13.471572415288097,0.015701077232158946,79.455,39.4,44.6,62.141999999999996
Московская область,2020,2.002284923407821,0.0,4.462688545995029,2.235771540394571,3.780147650736385,5.672707499955095,3.050165938155238,15.94432114384921,78.85,13.49533399418849,13.51858477813171,-2.298256723725689,92.91775841693203,0,38.2,46.0,74.49,0.7982655663899255,1.0,0.0,-0.023250783943220554,1.2654371794775892,7.982655663899255,7.023968238094758,0.9,0.1,15.885742041004724,13.471572415288097,0.015701077232158946,79.455,39.4,44.6,62.141999999999996
Московская область,2021,0.103748398968157,0.0,0.3504485578757724,2.598273179200057,3.687767361727956,4.32094609478243,2.144742404745372,15.95434749568377,78.6,13.59505850631304,13.49533399418849,10.48664988212575,92.91775841693203,0,38.2,46.0,74.49,0.8152872846897229,1.0,0.0,0.09972451212454914,-0.9054235334098664,8.152872846897228,7.023968238094758,0.9,0.1,15.885742041004724,13.471572415288097,0.015701077232158946,79.455,39.4,44.6,62.141999999999996
Мурманская область,2012,0.6022126768118026,0.2757299389109638,1.622079220902958,0.3134589483912283,0.4883885399358687,0.7368333582248932,0.5498068762891802,13.56152628309839,92.88,13.93741118493976,13.91649987652248,2.113148185390368,88.97184610589743,0,51.9,32.0,60.05,0.0,0.0,0.0,0.02091130841728095,,0.0,1.4629845967686022,0.2,0.2,13.49139371358441,14.040909289964551,0.03979363204139297,92.986,37.0,45.8,64.946
Мурманская область,2013,0.5157444274413414,0.13913316013018,1.348549042003078,0.3417561202435377,0.4377845273148347,0.6012918741348834,0.6100947974099186,13.543225343212,92.94,13.96368029447532,13.93741118493976,2.661718377652278,88.97184610589743,0,51.9,32.0,60.05,0.0,0.0,1.0,0.026269109535560276,0.06028792112073833,0.0,1.4629845967686022,0.2,0.2,13.49139371358441,14.040909289964551,0.03979363204139297,92.986,37.0,45.8,64.946
Мурманская область,2014,0.544697886609409,0.2356101764238759,0.951830508006082,0.2756555195477094,0.454036621004561,0.3921476098932267,0.5765108261434744,13.52648758690965,92.98,13.99333427604422,13.96368029447532,3.009803937276012,88.97184610589743,0,51.9,32.0,60.05,0.0,0.0,0.0,0.029653981568898757,-0.03358397126644419,0.0,1.4629845967686022,0.2,0.2,13.49139371358441,14.040909289964551,0.03979363204139297,92.986,37.0,45.8,64.946
Мурманская область,2015,0.5651855950556928,0.3200681732125069,1.301694193744362,0.2433691650918141,0.4207569638306891,0.3222232171128451,0.5454332159650452,13.5130545531094,92.99,14.01869588070975,13.99333427604422,2.568594629777232,88.97184610589743,0,51.9,32.0,60.05,0.0,0.0,0.0,0.02536160466553028,-0.031077610178429138,0.0,1.4629845967686022,0.2,0.2,13.49139371358441,14.040909289964551,0.03979363204139297,92.986,37.0,45.8,64.946
Мурманская область,2016,0.4848569574692342,0.2175532037192741,1.456502430771761,0.2484388409172313,0.4319098102579907,0.3874407203144412,0.5881223508522887,13.49959223498042,93.0,14.03814027051627,14.01869588070975,1.963466320312546,88.97184610589743,0,51.9,32.0,60.05,0.0,0.0,0.0,0.019444389806519524,0.04268913488724346,0.0,1.4629845967686022,0.2,0.2,13.49139371358441,14.040909289964551,0.03979363204139297,92.986,37.0,45.8,64.946
Мурманская область,2017,0.5431979206787495,0.3031417606074528,1.572812632189873,0.2030339543233301,0.4424557557382218,0.253032878174305,0.5489563730267929,13.48619783078135,93.0,14.06543757988433,14.03814027051627,2.767329424618259,88.97184610589743,0,39.7,42.0,60.05,0.0,0.0,0.0,0.02729730936806085,-0.0391659778254958,0.0,1.4629845967686022,0.2,0.2,13.49139371358441,14.040909289964551,0.03979363204139297,92.986,37.0,45.8,64.946
Мурманская область,2018,0.5651498241072114,0.07229033995709595,1.380699631171161,0.1694598468692375,0.4795022118294871,0.1252794808516567,0.7778870675076174,13.47207896107455,92.98,14.08553852126868,14.06543757988433,2.030432576001107,88.97184610589743,0,39.7,42.0,60.05,0.0,0.0,0.0,0.02010094138434937,0.22893069448082448,0.0,1.4629845967686022,0.2,0.2,13.49139371358441,14.040909289964551,0.03979363204139297,92.986,37.0,45.8,64.946
Мурманская область,2019,0.6458289768724573,0.004606296456954388,2.403331628811924,0.4215304255887828,0.4808479980996284,0.4466765398797439,1.027302852051884,13.45611334057066,92.99,14.15124623366738,14.08553852126868,6.791453336713937,88.97184610589743,0,39.7,42.0,76.37,0.0,0.0,0.0,0.06570771239869977,0.24941578454426672,0.0,1.4629845967686022,0.2,0.2,13.49139371358441,14.040909289964551,0.03979363204139297,92.986,37.0,45.8,64.946
Мурманская область,2020,0.277969257866531,0.002058265847865949,0.6170081210863422,0.6073262929285836,0.4954291635539408,0.4228246536335026,0.6108669846525817,13.43777685526933,93.03,14.23910878161733,14.15124623366738,9.183803633721555,88.97184610589743,0,39.7,42.0,76.37,0.7301595756066585,1.0,1.0,0.08786254794995152,-0.4164358673993024,7.301595756066584,1.4629845967686022,0.2,0.2,13.49139371358441,14.040909289964551,0.03979363204139297,92.986,37.0,45.8,64.946
Мурманская область,2021,0.1934671766081462,0.00208048420835121,0.6485597649990654,0.575914268190766,0.5405460466529898,0.6469852667361455,0.5905715364293811,13.41788414683835,93.07,14.31443619693641,14.23910878161733,7.82371244491471,88.97184610589743,0,39.7,42.0,76.37,0.7328250211619437,1.0,0.0,0.07532741531907838,-0.02029544822320062,7.328250211619437,1.4629845967686022,0.2,0.2,13.49139371358441,14.040909289964551,0.03979363204139297,92.986,37.0,45.8,64.946
Ненецкий автономный округ,2012,,0.0,0.0,0.007392484691550679,0.08990125686944093,0.06241254344359225,0.006057339213854687,10.65036505551704,69.46,16.05787091334317,16.11204335848599,-5.273125947687651,66.12571031539244,0,56.1,36.0,57.05,0.0,0.0,0.0,-0.0541724451428216,,0.0,2.8070767836081694,0.4,0.3,10.645855089516278,16.134450599373572,-0.0007417630986772394,72.111,38.55,50.45,61.279999999999994
Ненецкий автономный округ,2013,,0.0,0.0,0.006784236070258999,0.6076084339923296,0.2460484841858234,0.00497604603104402,10.65124128258694,70.33,16.05097661394771,16.05787091334317,-0.6870588235294073,66.12571031539244,0,56.1,36.0,57.05,0.0,0.0,0.0,-0.006894299395458603,-0.0010812931828106664,0.0,2.8070767836081694,0.4,0.3,10.645855089516278,16.134450599373572,-0.0007417630986772394,72.111,38.55,50.45,61.279999999999994
Ненецкий автономный округ,2014,,0.0,0.0,0.01905421218690288,0.7306856701375156,0.03807821043300422,0.01057628717151415,10.65140696894305,71.21,16.08617807142889,16.05097661394771,3.582836315440674,66.12571031539244,0,56.1,36.0,57.05,0.0,0.0,0.0,0.03520145748117898,0.00560024114047013,0.0,2.8070767836081694,0.4,0.3,10.645855089516278,16.134450599373572,-0.0007417630986772394,72.111,38.55,50.45,61.279999999999994
Ненецкий автономный округ,2015,0.004543133311528996,0.0,0.01819396532407636,0.03887891380329836,0.04562232719012671,0.1768621479336969,0.0329750759835569,10.65464417359897,71.99,16.17186707596737,16.08617807142889,8.946745617966979,66.12571031539244,0,56.1,36.0,57.05,0.0,0.0,1.0,0.08568900453848016,0.022398788812042752,0.0,2.8070767836081694,0.4,0.3,10.645855089516278,16.134450599373572,-0.0007417630986772394,72.111,38.55,50.45,61.279999999999994
Ненецкий автономный округ,2016,0.05331373202299678,0.0,0.2471084156302655,0.06657129732244113,0.04652576757133865,0.2645646636991942,0.1173347526035883,10.65492722584759,72.27,16.2540852452305,16.17186707596737,8.569264875828342,66.12571031539244,0,56.1,36.0,57.05,0.0,0.0,0.0,0.08221816926312897,0.08435967662003141,0.0,2.8070767836081694,0.4,0.3,10.645855089516278,16.134450599373572,-0.0007417630986772394,72.111,38.55,50.45,61.279999999999994
Ненецкий автономный округ,2017,0.01549025421522517,0.0,0.081928847668966,0.08875997404063286,0.04998238815856162,0.3602076663637346,0.08703484881044861,10.64958290741417,72.4,16.24330018173404,16.2540852452305,-1.07271132187311,66.12571031539244,0,44.8,41.1,57.05,0.0,0.0,0.0,-0.010785063496459912,-0.030299903793139696,0.0,2.8070767836081694,0.4,0.3,10.645855089516278,16.134450599373572,-0.0007417630986772394,72.111,38.55,50.45,61.279999999999994
Ненецкий автономный округ,2018,0.009073074894876956,0.0,0.02408657208414867,0.04561145528969835,0.05370335693445753,0.3234231448130632,0.03479912478912272,10.6414885887297,72.73,16.17343295894879,16.24330018173404,-6.748237122027012,66.12571031539244,0,44.8,41.1,57.05,0.7054462150198652,1.0,1.0,-0.06986722278524837,-0.05223572402132589,7.054462150198652,2.8070767836081694,0.4,0.3,10.645855089516278,16.134450599373572,-0.0007417630986772394,72.111,38.55,50.45,61.279999999999994
Ненецкий автономный округ,2019,0.03400963963957807,0.0,0.1272253565560987,0.1005592892892296,0.05395455108956045,0.3868094345931054,0.1087102421931878,10.63614386619079,73.14,16.17476966009017,16.17343295894879,0.1337594924540886,66.12571031539244,0,44.8,41.1,71.15,0.7151506766989953,1.0,0.0,0.001336701141379848,0.07391111740406509,7.151506766989954,2.8070767836081694,0.4,0.3,10.645855089516278,16.134450599373572,-0.0007417630986772394,72.111,38.55,50.45,61.279999999999994
Ненецкий автономный округ,2020,0.1572232066731629,0.0,0.350418761776805,0.07861799966874906,0.04933132236746271,0.5154749690086978,0.1780168624962372,10.63544670888146,73.58,16.0199819145591,16.17476966009017,-14.34030252747516,66.12571031539244,0,44.8,41.1,71.15,0.7151506766989953,1.0,0.0,-0.15478774553107044,0.06930662030304939,7.151506766989954,2.8070767836081694,0.4,0.3,10.645855089516278,16.134450599373572,-0.0007417630986772394,72.111,38.55,50.45,61.279999999999994
Ненецкий автономный округ,2021,,0.0,0.0,0.08530569110554502,0.05808638711557996,0.7097362150329165,0.06809404755227845,10.63330411745308,74.0,16.10462572749922,16.0199819145591,8.832934882151623,66.12571031539244,0,44.8,41.1,71.15,0.6713292151903134,1.0,1.0,0.08464381294011858,-0.10992281494395874,6.7132921519031346,2.8070767836081694,0.4,0.3,10.645855089516278,16.134450599373572,-0.0007417630986772394,72.111,38.55,50.45,61.279999999999994
Нижегородская область,2012,0.5941661583776425,0.4957346710710684,0.9016463683102065,1.053882838230713,2.006226430701976,2.432437286888147,1.026387639683047,15.00591076996193,79.07,13.1485398437871,13.10753394142775,4.185825494914397,95.14764485436845,0,58.9,44.6,63.9,0.0,0.0,0.0,0.04100590235935009,,0.0,2.7441486780386897,0.4,0.1,14.984951678226073,13.206367438444673,0.02261661197393696,79.491,51.35,51.7,67.911
Нижегородская область,2013,0.7908729856449381,0.2634781547335966,1.957106943579301,1.161981433914562,2.052081569234312,1.957489692859285,1.373904782632382,15.00255671140637,79.17,13.17169652963884,13.1485398437871,2.342688349800737,95.14764485436845,0,58.9,44.6,63.9,0.0,0.0,0.0,0.023156685851740022,0.3475171429493351,0.0,2.7441486780386897,0.4,0.1,14.984951678226073,13.206367438444673,0.02261661197393696,79.491,51.35,51.7,67.911
Нижегородская область,2014,1.21177869587237,0.4513549392476911,2.213414500871135,1.580673167746564,1.841566726714587,1.836699653091701,1.862203231742306,14.9985497757006,79.33,13.20429092219653,13.17169652963884,3.313140845760798,95.14764485436845,0,58.9,44.6,63.9,0.0,0.0,0.0,0.032594392557689034,0.48829844910992404,0.0,2.7441486780386897,0.4,0.1,14.984951678226073,13.206367438444673,0.02261661197393696,79.491,51.35,51.7,67.911
Нижегородская область,2015,0.9262084209135348,0.5089719169685397,2.179886231864412,1.366918940571755,1.764753017523976,2.116945245788219,1.598953699825208,14.99433877007243,79.47,13.17287475018154,13.20429092219653,-3.092781158217817,95.14764485436845,0,58.9,44.6,63.9,0.0,0.0,0.0,-0.03141617201498903,-0.263249531917098,0.0,2.7441486780386897,0.4,0.1,14.984951678226073,13.206367438444673,0.02261661197393696,79.491,51.35,51.7,67.911
Нижегородская область,2016,0.7476854865760232,0.5766993939822034,1.369217584557257,0.9479121202643945,1.766551091967643,3.169318303388703,1.066374856884949,14.9899465128077,79.51,13.20682580968781,13.17287475018154,3.453397488564924,95.14764485436845,0,58.9,44.6,63.9,0.0,0.0,0.0,0.0339510595062702,-0.5325788429402591,0.0,2.7441486780386897,0.4,0.1,14.984951678226073,13.206367438444673,0.02261661197393696,79.491,51.35,51.7,67.911
Нижегородская область,2017,0.7675331741650531,0.7438582884032343,0.8690761242250482,1.625119017100661,1.692973006318519,2.526134304318132,1.434188766562351,14.98504128524666,79.53,13.23055279148944,13.20682580968781,2.401070616470036,95.14764485436845,0,44.5,58.1,63.9,0.0,0.0,0.0,0.02372698180163013,0.367813909677402,0.0,2.7441486780386897,0.4,0.1,14.984951678226073,13.206367438444673,0.02261661197393696,79.491,51.35,51.7,67.911
Нижегородская область,2018,0.8680845834244926,0.6126367974060654,1.29078192273102,1.211919701118982,1.716386162470717,2.090865051074103,1.251533593372723,14.97890540049155,79.56,13.25747121542708,13.23055279148944,2.728399756184485,95.14764485436845,0,44.5,58.1,63.9,0.6834538869736835,1.0,1.0,0.02691842393763899,-0.18265517318962798,6.834538869736835,2.7441486780386897,0.4,0.1,14.984951678226073,13.206367438444673,0.02261661197393696,79.491,51.35,51.7,67.911
Нижегородская область,2019,0.8351626021981349,0.6341005158896997,1.386245963227379,1.768746913735934,1.797542877548208,1.381942717709284,1.651828764459828,14.97290577356945,79.63,13.29883798618648,13.25747121542708,4.223429651735655,95.14764485436845,0,44.5,58.1,77.27,0.6847187330096777,1.0,0.0,0.041366770759401206,0.400295171087105,6.8471873300967765,2.7441486780386897,0.4,0.1,14.984951678226073,13.206367438444673,0.02261661197393696,79.491,51.35,51.7,67.911
Нижегородская область,2020,1.262792930246985,0.5255464850081198,2.168719855730702,2.250644748722188,1.787194495937089,1.905799817084783,2.220684416243871,14.96587117081151,79.76,13.26505059442416,13.29883798618648,-3.322297245113848,95.14764485436845,0,44.5,58.1,77.27,0.686567959152529,1.0,0.0,-0.033787391762320595,0.5688556517840428,6.86567959152529,2.7441486780386897,0.4,0.1,14.984951678226073,13.206367438444673,0.02261661197393696,79.491,51.35,51.7,67.911
Нижегородская область,2021,0.8566618188172873,0.5268443888380696,1.640924643069135,2.260805338893168,1.765372341886323,1.926517686300762,2.135735540573691,14.95549061219253,79.88,13.33370006116712,13.26505059442416,7.106070094214179,95.14764485436845,0,44.5,58.1,77.27,0.6894080989027993,1.0,0.0,0.06864946674295958,-0.08494887567017972,6.894080989027993,2.7441486780386897,0.4,0.1,14.984951678226073,13.206367438444673,0.02261661197393696,79.491,51.35,51.7,67.911
Новгородская область,2012,0.1397245284297201,0.1178054551246747,0.208195314006405,1.342264231538474,0.7393528059743147,0.5280758862675518,1.137441759823498,13.34882142968637,70.7,13.05212347652804,12.9651957511919,9.081783837659007,95.06018883770646,0,56.6,34.6,57.91,0.7277932262419455,1.0,0.0,0.08692772533614068,,7.277932262419455,7.851502783919419,1.0,0.1,13.316641027128764,13.146522818285362,0.03242789246234708,71.64500000000001,37.35,48.25,62.331999999999994
Новгородская область,2013,0.1685481420786622,0.08463248707537097,0.3541117478084173,0.5211883476164652,0.7563152626696182,0.1413731312640597,0.4766577268612109,13.34226969452556,70.75,13.07749696592944,13.05212347652804,2.56981363767701,95.06018883770646,0,56.6,34.6,57.91,0.716463414634145,1.0,0.0,0.025373489401399496,-0.6607840329622872,7.16463414634145,7.851502783919419,1.0,0.1,13.316641027128764,13.146522818285362,0.03242789246234708,71.64500000000001,37.35,48.25,62.331999999999994
Новгородская область,2014,0.1660737517027067,0.1259582783068669,0.218914150411582,0.371634648890121,0.6726085534105388,0.139816604403061,0.3036836403827314,13.33580885404611,71.02,13.13465092072441,13.07749696592944,5.881880808054651,95.06018883770646,0,56.6,34.6,57.91,0.7295078757378463,1.0,0.0,0.057153954794969763,-0.1729740864784795,7.295078757378462,7.851502783919419,1.0,0.1,13.316641027128764,13.146522818285362,0.03242789246234708,71.64500000000001,37.35,48.25,62.331999999999994
Новгородская область,2015,0.1397579287717916,0.1222967505506491,0.1922238359537549,0.3721866026409237,0.5662560851135958,0.3243908513400317,0.3208221533081026,13.32977584144255,71.3,13.16244542510948,13.13465092072441,2.818437533015294,95.06018883770646,0,56.6,34.6,57.91,0.7249995505002768,1.0,0.0,0.027794504385070695,0.01713851292537122,7.249995505002768,7.851502783919419,1.0,0.1,13.316641027128764,13.146522818285362,0.03242789246234708,71.64500000000001,37.35,48.25,62.331999999999994
Новгородская область,2016,0.1766139522528368,0.1702554099558204,0.1997271661640708,0.5145965538917096,0.4996188115851748,0.2665207045383824,0.426061529996729,13.32416234521869,71.37,13.18393227048962,13.16244542510948,2.171934991933644,95.06018883770646,0,56.6,34.6,57.91,0.724518695415853,1.0,0.0,0.02148684538014045,0.10523937668862643,7.24518695415853,7.851502783919419,1.0,0.1,13.316641027128764,13.146522818285362,0.03242789246234708,71.64500000000001,37.35,48.25,62.331999999999994
Новгородская область,2017,0.3749299043447974,0.2012713839227951,1.119761311098302,0.487770849010563,0.4823775146564544,0.92595436453207,0.6473730334915,13.316003964918,71.56,13.2109124050309,13.18393227048962,2.734739383352847,95.06018883770646,0,39.9,40.1,57.91,0.724518695415853,1.0,0.0,0.026980134541279455,0.22131150349477097,7.24518695415853,7.851502783919419,1.0,0.1,13.316641027128764,13.146522818285362,0.03242789246234708,71.64500000000001,37.35,48.25,62.331999999999994
Новгородская область,2018,0.2767985602501116,0.2012779989041174,0.401764765052467,0.3509665071176807,0.4684044339774612,0.9845355768400791,0.3764833728028235,13.30527476021671,71.94,13.20347763910452,13.2109124050309,-0.7407196420778361,95.06018883770646,0,39.9,40.1,57.91,0.8689032648415422,1.0,1.0,-0.007434765926380038,-0.2708896606886765,8.689032648415422,7.851502783919419,1.0,0.1,13.316641027128764,13.146522818285362,0.03242789246234708,71.64500000000001,37.35,48.25,62.331999999999994
Новгородская область,2019,0.400963511817566,0.2220005223356731,0.89147630592153,0.4436082933637097,0.5029085753060408,0.6602236099036348,0.5805070359122124,13.29620743486276,72.32,13.23430645623998,13.20347763910452,3.130894635548453,95.06018883770646,0,39.9,40.1,72.65,0.8655246576185911,1.0,0.0,0.030828817135459374,0.2040236631093889,8.655246576185911,7.851502783919419,1.0,0.1,13.316641027128764,13.146522818285362,0.03242789246234708,71.64500000000001,37.35,48.25,62.331999999999994
Новгородская область,2020,0.3674017542432911,0.2282709543878519,0.5383653968177781,0.6184191427223804,0.4364839371774762,0.5440493154458975,0.5891430978493543,13.28882651826382,72.6,13.24068687250533,13.23430645623998,0.6400814481170469,95.06018883770646,0,39.9,40.1,72.65,0.8803837945113777,1.0,0.0,0.00638041626535113,0.008636061937141837,8.803837945113777,7.851502783919419,1.0,0.1,13.316641027128764,13.146522818285362,0.03242789246234708,71.64500000000001,37.35,48.25,62.331999999999994
Новгородская область,2021,0.4654196430875702,0.2301980778424804,1.024745840904582,0.5188490358516802,0.4540292903239875,0.423294359856398,0.6209209535685623,13.27925942810707,72.89,13.28947467581537,13.24068687250533,4.999752110056277,95.06018883770646,0,39.9,40.1,72.65,0.888889609001988,1.0,0.0,0.048787803310039735,0.03177785571920799,8.88889609001988,7.851502783919419,1.0,0.1,13.316641027128764,13.146522818285362,0.03242789246234708,71.64500000000001,37.35,48.25,62.331999999999994
Новосибирская область,2012,0.6462709724034791,0.7271324112812905,0.3936760672370092,1.765851881414851,1.611048350058273,0.9808770655460394,1.518025283275618,14.80892231817592,77.77,13.08447315105985,13.07814900391869,0.6344186781967132,93.10494236245461,0,56.8,33.8,56.34,0.0,0.0,0.0,0.0063241471411608075,,0.0,2.8851626163274022,0.4,0.2,14.835074168230875,13.140787756219154,0.019580606761437025,78.91,36.05,45.85,60.75600000000001
Новосибирская область,2013,0.5332159819980337,0.3654078627034748,0.9042919115823991,1.661354810815907,1.423822675260684,0.9310923774624493,1.459576220083438,14.81766811207509,78.11,13.12451752133011,13.08447315105985,4.085695627228003,93.10494236245461,0,56.8,33.8,56.34,0.0,0.0,0.0,0.04004437027026064,-0.05844906319218013,0.0,2.8851626163274022,0.4,0.2,14.835074168230875,13.140787756219154,0.019580606761437025,78.91,36.05,45.85,60.75600000000001
Новосибирская область,2014,1.012827576217475,0.4609648285492345,1.739745275321314,1.171584852324245,1.332152675270439,1.861456136953094,1.424380476495555,14.82507740232976,78.47,13.14180084366582,13.12451752133011,1.743354314148182,93.10494236245461,0,56.8,33.8,56.34,0.0,0.0,0.0,0.017283322335709173,-0.03519574358788291,0.0,2.8851626163274022,0.4,0.2,14.835074168230875,13.140787756219154,0.019580606761437025,78.91,36.05,45.85,60.75600000000001
Новосибирская область,2015,0.7494202469871137,0.5452611944450441,1.362860518048558,0.9971690924296226,1.360126977212661,1.762899725009097,1.10154367528599,14.83129108649877,78.76,13.11538445217929,13.14180084366582,-2.607053077329213,93.10494236245461,0,56.8,33.8,56.34,0.0,0.0,1.0,-0.026416391486529633,-0.32283680120956504,0.0,2.8851626163274022,0.4,0.2,14.835074168230875,13.140787756219154,0.019580606761437025,78.91,36.05,45.85,60.75600000000001
Новосибирская область,2016,0.71684246738201,0.7007856680865383,0.7752087122712087,1.074305169217881,1.42540688453127,0.7289932270049904,0.9902051804772058,14.83775391016768,78.99,13.11986156854871,13.11538445217929,0.4487153628648821,93.10494236245461,0,56.8,33.8,56.34,0.0,0.0,0.0,0.004477116369420386,-0.1113384948087841,0.0,2.8851626163274022,0.4,0.2,14.835074168230875,13.140787756219154,0.019580606761437025,78.91,36.05,45.85,60.75600000000001
Новосибирская область,2017,0.8406033921091374,0.8921011639132355,0.6197264796241828,1.20054282703922,1.431601846275781,0.702699546640474,1.053864097864334,14.84308753363823,79.17,13.15278665719526,13.11986156854871,3.347311747146908,93.10494236245461,0,34.9,38.3,56.34,0.0,0.0,0.0,0.032925088646550194,0.06365891738712826,0.0,2.8851626163274022,0.4,0.2,14.835074168230875,13.140787756219154,0.019580606761437025,78.91,36.05,45.85,60.75600000000001
Новосибирская область,2018,1.02472705021284,0.8642996761793855,1.290191179743337,1.274768291337155,1.479558531553907,1.149075791362579,1.282515481653066,14.8461187718391,79.3,13.18512256283167,13.15278665719526,3.286439201218784,93.10494236245461,0,34.9,38.3,56.34,0.7054462150198652,1.0,1.0,0.03233590563641009,0.22865138378873184,7.054462150198652,2.8851626163274022,0.4,0.2,14.835074168230875,13.140787756219154,0.019580606761437025,78.91,36.05,45.85,60.75600000000001
Новосибирская область,2019,1.004815544379077,0.8644080309693855,1.389653112834791,1.766202064346002,1.654217456887876,1.299649407648086,1.651103248345637,14.8483341220939,79.41,13.2095491435233,13.18512256283167,2.472735357171607,93.10494236245461,0,34.9,38.3,71.06,0.7224481325836793,1.0,0.0,0.02442658069162995,0.368587766692571,7.224481325836793,2.8851626163274022,0.4,0.2,14.835074168230875,13.140787756219154,0.019580606761437025,78.91,36.05,45.85,60.75600000000001
Новосибирская область,2020,1.269073015632096,0.8989564704047324,1.723871470143253,2.216149363874856,1.922023493438296,1.977247930634356,2.036120939920036,14.84755168329886,79.51,13.19623265793883,13.2095491435233,-1.322821344960357,93.10494236245461,0,34.9,38.3,71.06,0.7258391047450798,1.0,0.0,-0.013316485584470072,0.385017691574399,7.258391047450798,2.8851626163274022,0.4,0.2,14.835074168230875,13.140787756219154,0.019580606761437025,78.91,36.05,45.85,60.75600000000001
Новосибирская область,2021,1.236701290169787,0.8916870141854522,2.057100231813747,2.245914224847664,1.923961034797702,2.429859203516616,2.207818300603314,14.84493674219143,79.61,13.27395507153306,13.19623265793883,8.082259536574753,93.10494236245461,0,34.9,38.3,71.06,0.731429163978778,1.0,0.0,0.07772241359422871,0.1716973606832779,7.31429163978778,2.8851626163274022,0.4,0.2,14.835074168230875,13.140787756219154,0.019580606761437025,78.91,36.05,45.85,60.75600000000001
Омская область,2012,0.8150669620725087,0.5748050852070583,1.565596841879033,1.482907759986987,1.476699274632734,0.4552044715858978,1.497842109985599,14.49381614492506,71.75,12.84552569983762,12.8257222556047,2.000083327581925,85.83181391841353,0,55.7,39.6,55.55,0.6958899615299681,1.0,0.0,0.019803444232918466,,6.95889961529968,7.238630859576507,1.0,0.2,14.477233397522411,12.891849038465546,0.013851675733471857,72.69800000000001,37.95,47.2,59.077999999999996
Омская область,2013,0.5590399811090637,0.3046947181760534,1.121476442914443,1.960243767794793,1.286246440542652,0.4178769029756838,1.73668864583841,14.49225342042887,71.95,12.89683051622863,12.84552569983762,5.264370744193414,85.83181391841353,0,55.7,39.6,55.55,0.7366771159874599,1.0,1.0,0.05130481639100992,0.23884653585281113,7.366771159874599,7.238630859576507,1.0,0.2,14.477233397522411,12.891849038465546,0.013851675733471857,72.69800000000001,37.95,47.2,59.077999999999996
Омская область,2014,0.6910403701772856,0.4464046023416504,1.013276415688525,1.820220033995776,1.373323553909529,0.3172714463017482,1.46118091862591,14.49199467762768,72.2,12.916891886326,12.89683051622863,2.026395180355345,85.83181391841353,0,55.7,39.6,55.55,0.7416663403334749,1.0,0.0,0.020061370097371523,-0.27550772721250016,7.4166634033347485,7.238630859576507,1.0,0.2,14.477233397522411,12.891849038465546,0.013851675733471857,72.69800000000001,37.95,47.2,59.077999999999996
Омская область,2015,0.8069936346157066,0.5282081185734069,1.644665343999019,1.358820317227607,1.211432263519485,1.020438277956095,1.440405373208445,14.49183756927522,72.45,12.88658978719375,12.916891886326,-2.984759292621286,85.83181391841353,0,55.7,39.6,55.55,0.7372876784748579,1.0,0.0,-0.03030209913225157,-0.020775545417464958,7.372876784748579,7.238630859576507,1.0,0.2,14.477233397522411,12.891849038465546,0.013851675733471857,72.69800000000001,37.95,47.2,59.077999999999996
Омская область,2016,0.911589746991828,0.8594749845052208,1.101026192802893,1.111656208363086,1.244039252864808,1.047918831013965,1.108667258918309,14.48912011611114,72.69,12.87419360254778,12.88658978719375,-1.231966844507537,85.83181391841353,0,55.7,39.6,55.55,0.7535824826245138,1.0,0.0,-0.012396184645968589,-0.3317381142901359,7.535824826245138,7.238630859576507,1.0,0.2,14.477233397522411,12.891849038465546,0.013851675733471857,72.69800000000001,37.95,47.2,59.077999999999996
Омская область,2017,1.057134001124595,1.049675000830113,1.089126083452679,0.9918743657560767,1.209450079321721,0.7382247596006917,1.016434208855016,14.48311580286109,72.88,12.89803783392616,12.87419360254778,2.41307780256399,85.83181391841353,0,38.7,36.3,55.55,0.7461137764619391,1.0,0.0,0.023844231378379988,-0.09223305006329308,7.461137764619391,7.238630859576507,1.0,0.2,14.477233397522411,12.891849038465546,0.013851675733471857,72.69800000000001,37.95,47.2,59.077999999999996
Омская область,2018,1.735122941737228,1.034366521229027,2.894686228887481,0.953569822321037,1.216612101424978,0.5273321570338867,1.92862701206109,14.47448028672263,73.05,12.90667335006462,12.89803783392616,0.8672909768212111,85.83181391841353,0,38.7,36.3,55.55,0.6951226118732338,1.0,1.0,0.00863551613845992,0.912192803206074,6.951226118732338,7.238630859576507,1.0,0.2,14.477233397522411,12.891849038465546,0.013851675733471857,72.69800000000001,37.95,47.2,59.077999999999996
Омская область,2019,1.618762931559314,1.104743980393421,3.027617760642737,0.9293438350302826,1.276660872602001,1.021698560891666,1.570718199540342,14.46449370728203,73.22,12.93154854199897,12.90667335006462,2.518716091292039,85.83181391841353,0,38.7,36.3,67.31,0.7108425400923768,1.0,0.0,0.02487519193434906,-0.3579088125207479,7.1084254009237675,7.238630859576507,1.0,0.2,14.477233397522411,12.891849038465546,0.013851675733471857,72.69800000000001,37.95,47.2,59.077999999999996
Омская область,2020,1.231846660545862,1.143638990442302,1.340236065333172,1.202491938004837,1.318691890420044,1.289102924101734,1.252865636413225,14.4525407234168,73.34,12.93647691092724,12.93154854199897,0.4940533313730455,85.83181391841353,0,38.7,36.3,67.31,0.7076931271264542,1.0,0.0,0.004928368928270643,-0.3178525631271172,7.076931271264542,7.238630859576507,1.0,0.2,14.477233397522411,12.891849038465546,0.013851675733471857,72.69800000000001,37.95,47.2,59.077999999999996
Омская область,2021,1.193402122412859,1.132627809885122,1.33791550967675,1.333133546224774,1.241404509234474,1.315316755045129,1.334098375761392,14.43868152657361,73.45,12.96423901293942,12.93647691092724,2.815106025636638,85.83181391841353,0,38.7,36.3,67.31,0.7137552250722285,1.0,0.0,0.027762102012179213,0.0812327393481671,7.137552250722285,7.238630859576507,1.0,0.2,14.477233397522411,12.891849038465546,0.013851675733471857,72.69800000000001,37.95,47.2,59.077999999999996
Оренбургская область,2012,0.399973380966705,0.2281280485038533,0.9367837081035564,0.7886616695861333,1.360333844410074,1.215071412055771,0.8154137669018959,14.51356965528523,59.79,13.41907427044947,13.38723951755741,3.234689886996445,75.8767376585608,0,51.2,34.9,56.89,0.0,0.0,0.0,0.031834752892059726,,0.0,1.3925682445400103,0.2,0.1,14.479405621805432,13.445290379354741,0.014717893964836115,59.587,37.9,46.45,61.714
Оренбургская область,2013,0.407395017913092,0.13189000682533,1.016622262246179,0.9651135429763624,1.378960460203951,0.6429004499710654,0.9788420677729424,14.50637062507305,59.75,13.44803479244316,13.41907427044947,2.938395564667484,75.8767376585608,0,51.2,34.9,56.89,0.0,0.0,0.0,0.02896052199369059,0.16342830087104643,0.0,1.3925682445400103,0.2,0.1,14.479405621805432,13.445290379354741,0.014717893964836115,59.587,37.9,46.45,61.714
Оренбургская область,2014,0.4589012803016315,0.3012408827495705,0.6665727238128678,0.96556128124684,1.662519453239112,1.324170618555721,0.8325301936573574,14.499120402377,59.7,13.44826040020225,13.44803479244316,0.02256332104335623,75.8767376585608,0,51.2,34.9,56.89,0.0,0.0,0.0,0.00022560775908964104,-0.146311874115585,0.0,1.3925682445400103,0.2,0.1,14.479405621805432,13.445290379354741,0.014717893964836115,59.587,37.9,46.45,61.714
Оренбургская область,2015,0.4226820300679512,0.2507108645774191,0.9394067947047094,1.010996989929987,1.615119320627254,1.923049339841416,0.990563924673952,14.49213803652693,59.58,13.41546189604047,13.44826040020225,-3.226646577526182,75.8767376585608,0,51.2,34.9,56.89,0.0,0.0,0.0,-0.03279850416177865,0.15803373101659468,0.0,1.3925682445400103,0.2,0.1,14.479405621805432,13.445290379354741,0.014717893964836115,59.587,37.9,46.45,61.714
Оренбургская область,2016,0.5924381316827642,0.5827189632856553,0.627767175307605,1.154867859819047,1.335245223547438,1.185987713217268,1.006657606561122,14.4857483101155,59.47,13.41281087779975,13.41546189604047,-0.2647507394989201,75.8767376585608,0,51.2,34.9,56.89,0.0,0.0,0.0,-0.0026510182407211147,0.016093681887169864,0.0,1.3925682445400103,0.2,0.1,14.479405621805432,13.445290379354741,0.014717893964836115,59.587,37.9,46.45,61.714
Оренбургская область,2017,0.6724078426957815,0.7238489362078926,0.4517740266730701,0.9433729261016636,1.344501393700124,1.116116383610652,0.819225074284344,14.47801294680951,59.39,13.43838615923407,13.41281087779975,2.590513497350022,75.8767376585608,0,41.7,40.9,56.89,0.0,0.0,0.0,0.025575281434321084,-0.18743253227677792,0.0,1.3925682445400103,0.2,0.1,14.479405621805432,13.445290379354741,0.014717893964836115,59.587,37.9,46.45,61.714
Оренбургская область,2018,0.6502227115549051,0.613118205408397,0.7116206835979276,0.9244256878809962,1.328794333387897,0.7841263063583076,0.8175299608978313,14.46792532332495,59.37,13.47511571366505,13.43838615923407,3.741241930410388,75.8767376585608,0,41.7,40.9,56.89,0.0,0.0,0.0,0.036729554430978695,-0.0016951133865127366,0.0,1.3925682445400103,0.2,0.1,14.479405621805432,13.445290379354741,0.014717893964836115,59.587,37.9,46.45,61.714
Оренбургская область,2019,0.8508415371145033,0.6770339636039595,1.327224049308248,1.064475232025555,1.388938419706372,0.9718907309783293,1.144789033599994,14.4595441720659,59.49,13.50525835670561,13.47511571366505,3.060153160524459,75.8767376585608,0,41.7,40.9,72.97,0.0,0.0,0.0,0.030142643040560912,0.3272590727021627,0.0,1.3925682445400103,0.2,0.1,14.479405621805432,13.445290379354741,0.014717893964836115,59.587,37.9,46.45,61.714
Оренбургская область,2020,1.201004706515226,0.7013386575915076,1.81499332645818,1.104066069843369,1.459364737849579,1.121177649837781,1.364055630992887,14.45149038346783,59.63,13.50326180945019,13.50525835670561,-0.1994555480731131,75.8767376585608,0,41.7,40.9,72.97,0.695652979405965,1.0,1.0,-0.001996547255419756,0.21926659739289311,6.956529794059651,1.3925682445400103,0.2,0.1,14.479405621805432,13.445290379354741,0.014717893964836115,59.587,37.9,46.45,61.714
Оренбургская область,2021,0.865875559365536,0.6998970070519606,1.260550905089018,1.243422642114909,1.35938832833487,1.025660849162285,1.246878514204759,14.44013636300843,59.7,13.53441845720577,13.50326180945019,3.164709643184338,75.8767376585608,0,41.7,40.9,72.97,0.6969152651340453,1.0,0.0,0.031156647755580025,-0.11717711678812814,6.969152651340453,1.3925682445400103,0.2,0.1,14.479405621805432,13.445290379354741,0.014717893964836115,59.587,37.9,46.45,61.714
Орловская область,2012,0.7986418538465416,1.054305480187357,0.0,0.8058785486640256,0.6119462844042342,0.3210563046440763,0.660330043024133,13.56451265101378,65.78,12.90409167599945,12.85911925529157,4.599901159861397,96.04297520231538,0,64.7,39.0,52.84,0.0,0.0,0.0,0.04497242070787877,,0.0,3.830051924606397,0.6,0.2,13.52696250430007,12.959555213680265,0.02072357290982385,66.462,43.45,59.15,60.019000000000005
Орловская область,2013,0.8052820660572722,0.987692503386422,0.4019158708912958,1.021111055115214,0.6370625479928558,0.123252749714105,0.8560780944622348,13.55674112434286,65.87,12.9297031207987,12.90409167599945,2.594223582611965,96.04297520231538,0,64.7,39.0,52.84,0.0,0.0,0.0,0.02561144479925126,0.1957480514381018,0.0,3.830051924606397,0.6,0.2,13.52696250430007,12.959555213680265,0.02072357290982385,66.462,43.45,59.15,60.019000000000005
Орловская область,2014,0.6499296145773309,0.803305310208748,0.4479020121745242,1.283501768584472,0.5136859170247641,0.154771131448949,0.9117124755802725,13.54936686042877,66.12,12.95098028988178,12.9297031207987,2.150514204734533,96.04297520231538,0,64.7,39.0,52.84,0.0,0.0,0.0,0.021277169083079528,0.055634381118037646,0.0,3.830051924606397,0.6,0.2,13.52696250430007,12.959555213680265,0.02072357290982385,66.462,43.45,59.15,60.019000000000005
Орловская область,2015,0.6547061243090836,0.7270592076327633,0.4373055511110705,1.067745984364632,0.745643896136419,0.3698352597612352,0.8878075099383927,13.54216259290097,66.45,12.9819010840269,12.95098028988178,3.140380743085158,96.04297520231538,0,64.7,39.0,52.84,0.5077817863426066,1.0,1.0,0.0309207941451195,-0.023904965641879716,5.077817863426066,3.830051924606397,0.6,0.2,13.52696250430007,12.959555213680265,0.02072357290982385,66.462,43.45,59.15,60.019000000000005
Орловская область,2016,0.6287770767174526,0.6718998843539913,0.4720262632764558,0.7842941310715625,0.766470053673733,0.3882598571957576,0.6964906029598089,13.53480012704639,66.66,12.96803991342985,12.9819010840269,-1.376554690055043,96.04297520231538,0,64.7,39.0,52.84,0.5136724344452257,1.0,0.0,-0.013861170597049721,-0.19131690697858383,5.136724344452257,3.830051924606397,0.6,0.2,13.52696250430007,12.959555213680265,0.02072357290982385,66.462,43.45,59.15,60.019000000000005
Орловская область,2017,0.7113883988578114,0.7848362613053167,0.3963662820225815,0.6149845619501758,0.7918890655452763,0.3095335342048356,0.5597749391203537,13.5260094988255,66.75,12.96273161727124,12.96803991342985,-0.5294232051047731,96.04297520231538,0,53.6,47.9,52.84,0.0,0.0,0.0,-0.005308296158609949,-0.13671566383945521,0.0,3.830051924606397,0.6,0.2,13.52696250430007,12.959555213680265,0.02072357290982385,66.462,43.45,59.15,60.019000000000005
Орловская область,2018,0.7647886313907953,0.8950637487120059,0.5492183720911148,0.7218769533842794,0.6578637535516435,0.4122262741777412,0.6351474865214403,13.51519974425179,66.78,12.98448131188328,12.96273161727124,2.198794336392162,96.04297520231538,0,53.6,47.9,52.84,0.6951226118732338,1.0,1.0,0.02174969461204057,0.07537254740108656,6.951226118732338,3.830051924606397,0.6,0.2,13.52696250430007,12.959555213680265,0.02072357290982385,66.462,43.45,59.15,60.019000000000005
Орловская область,2019,0.7940541061481666,0.8136687353625476,0.7402931212142788,0.5343587121311392,0.5833147068875785,0.4464292372804303,0.59730618964788,13.5053647205282,66.78,13.02193150263984,12.98448131188328,3.816028581558362,96.04297520231538,0,53.6,47.9,76.77,0.7079991699320076,1.0,0.0,0.037450190756558754,-0.037841296873560304,7.079991699320076,3.830051924606397,0.6,0.2,13.52696250430007,12.959555213680265,0.02072357290982385,66.462,43.45,59.15,60.019000000000005
Орловская область,2020,0.6829377965728969,0.8394338850928287,0.490635722770215,0.4935143672539462,0.5287222186990923,0.5050489403306433,0.4924616329424297,13.49472385758802,66.74,13.03257236558003,13.02193150263984,1.069767826477652,96.04297520231538,0,53.6,47.9,76.77,0.6982930286636742,1.0,0.0,0.010640862940190843,-0.10484455670545029,6.9829302866367415,3.830051924606397,0.6,0.2,13.52696250430007,12.959555213680265,0.02072357290982385,66.462,43.45,59.15,60.019000000000005
Орловская область,2021,0.8743166965703711,0.8336380966531384,0.9710451007050779,0.4989527745395034,0.5230281412148597,0.4020115514020647,0.5942041550381506,13.48074386607442,66.69,13.06635498438981,13.03257236558003,3.435973193758257,96.04297520231538,0,53.6,47.9,76.77,0.7071828933496493,1.0,0.0,0.03378261880977895,0.10174252209572093,7.071828933496493,3.830051924606397,0.6,0.2,13.52696250430007,12.959555213680265,0.02072357290982385,66.462,43.45,59.15,60.019000000000005
Пензенская область,2012,1.298435088621297,1.470743673088331,0.7601776552037661,1.496577513339247,1.072879689808998,0.9180268805986987,1.363577448896865,14.13071246216547,67.63,12.66598317234948,12.59452962949288,7.406825139945217,86.8020996304275,0,64.9,56.3,64.27,0.7559518927334483,1.0,0.0,0.07145354285659877,,7.559518927334484,3.0619303429635636,0.4,0.1,14.098366359591276,12.77826841145454,0.0366029386578429,68.19500000000001,60.3,62.75,68.98299999999999
Пензенская область,2013,1.453415155906639,1.568401286164986,1.199145068414465,1.094697323662343,1.028226522401174,0.1865630178979904,1.122535590155927,14.12391321861012,67.81,12.71775578154755,12.66598317234948,5.313624178970944,86.8020996304275,0,64.9,56.3,64.27,0.7507987220447274,1.0,0.0,0.05177260919807125,-0.24104185874093798,7.507987220447275,3.0619303429635636,0.4,0.1,14.098366359591276,12.77826841145454,0.0366029386578429,68.19500000000001,60.3,62.75,68.98299999999999
Пензенская область,2014,1.081427603574045,1.275460662900074,0.8258458205468145,1.130382476364805,0.8505591554779522,1.339550276107578,0.9948828342312495,14.11836543897548,67.97,12.75770498789952,12.71775578154755,4.075790895888254,86.8020996304275,0,64.9,56.3,64.27,0.7829908578300626,1.0,0.0,0.03994920635197019,-0.12765275592467762,7.829908578300627,3.0619303429635636,0.4,0.1,14.098366359591276,12.77826841145454,0.0366029386578429,68.19500000000001,60.3,62.75,68.98299999999999
Пензенская область,2015,1.254967034588306,1.231262573065967,1.326192244151973,0.9254915002114221,0.8274335366596065,0.4519292580296248,1.039858340856497,14.11317588151942,68.08,12.80115325747267,12.75770498789952,4.440596534817054,86.8020996304275,0,64.9,56.3,64.27,0.7721888703553251,1.0,0.0,0.04344826957314929,0.04497550662524752,7.721888703553251,3.0619303429635636,0.4,0.1,14.098366359591276,12.77826841145454,0.0366029386578429,68.19500000000001,60.3,62.75,68.98299999999999
Пензенская область,2016,1.179504120210172,1.064015072587903,1.599305222005266,1.070717016224199,0.875824614801669,0.5201033152832198,1.219345530946349,14.10703100442429,68.13,12.7768389270831,12.80115325747267,-2.402111828435793,86.8020996304275,0,64.9,56.3,64.27,0.0,0.0,1.0,-0.024314330389570316,0.17948719008985203,0.0,3.0619303429635636,0.4,0.1,14.098366359591276,12.77826841145454,0.0366029386578429,68.19500000000001,60.3,62.75,68.98299999999999
Пензенская область,2017,1.082769438340266,1.040936021981554,1.262195373100311,0.7695290205719405,0.8478002015738095,0.5810219212150475,0.8939464458350248,14.09972663077288,68.18,12.80492583991703,12.7768389270831,2.848506908904813,86.8020996304275,0,60.6,64.3,64.27,0.0,0.0,0.0,0.02808691283392939,-0.3253990851113242,0.0,3.0619303429635636,0.4,0.1,14.098366359591276,12.77826841145454,0.0366029386578429,68.19500000000001,60.3,62.75,68.98299999999999
Пензенская область,2018,1.333704746342659,1.041235110834382,1.817663283170143,0.8698429929015918,0.8303638732586327,0.5478608276786651,1.345949930889198,14.08982011556525,68.3,12.84633102218404,12.80492583991703,4.227433107685941,86.8020996304275,0,60.6,64.3,64.27,0.0,0.0,0.0,0.0414051822670114,0.4520034850541732,0.0,3.0619303429635636,0.4,0.1,14.098366359591276,12.77826841145454,0.0366029386578429,68.19500000000001,60.3,62.75,68.98299999999999
Пензенская область,2019,1.379406286885448,1.090467381029882,2.171347852272044,0.7550700757473731,0.7827256309380104,0.5655920839182318,1.187980311060474,14.07887278583905,68.47,12.88780755694506,12.84633102218404,4.234870260309331,86.8020996304275,0,60.6,64.3,79.98,0.0,0.0,0.0,0.04147653476101887,-0.15796961982872393,0.0,3.0619303429635636,0.4,0.1,14.098366359591276,12.77826841145454,0.0366029386578429,68.19500000000001,60.3,62.75,68.98299999999999
Пензенская область,2020,1.080926282577763,1.115456404495797,1.038495739320757,0.8120011960604334,0.7094523837714538,0.9135478241960195,0.8948313539381997,14.06755560816486,68.65,12.92965393965407,12.88780755694506,4.273428443077965,86.8020996304275,0,60.6,64.3,79.98,0.0,0.0,0.0,0.041846382709010754,-0.2931489571222744,0.0,3.0619303429635636,0.4,0.1,14.098366359591276,12.77826841145454,0.0366029386578429,68.19500000000001,60.3,62.75,68.98299999999999
Пензенская область,2021,1.192587906118066,1.115836167515657,1.375093528353852,0.7015577813286141,0.6797232089405701,0.8708047682126175,0.8374532538104962,14.05449044987595,68.73,12.96055901607131,12.92965393965407,3.138759623387632,86.8020996304275,0,60.6,64.3,79.98,0.0,0.0,0.0,0.030905076417239385,-0.0573781001277035,0.0,3.0619303429635636,0.4,0.1,14.098366359591276,12.77826841145454,0.0366029386578429,68.19500000000001,60.3,62.75,68.98299999999999
Пермский край,2012,0.1064648436517714,0.001503499830830885,0.4343430147124999,0.882911874368451,1.773136283694329,0.6857468004620885,0.8018965311659934,14.78214719559506,75.23,13.37359382692581,13.36684828352901,0.6768345817388166,87.10855422941499,0,48.1,36.3,62.94,0.0,0.0,0.0,0.006745543396800002,,0.0,6.647569093528406,0.9,0.3,14.771588788703472,13.398245824194627,0.008567070829177048,75.654,39.5,41.65,66.663
Пермский край,2013,0.2707143003161135,0.002327170973130391,0.8642016948956907,0.8308981411815226,1.554168238957856,0.892155801231451,0.839774476478935,14.7820749245497,75.41,13.38163426762034,13.37359382692581,0.80728518462303,87.10855422941499,0,48.1,36.3,62.94,0.7014925373134324,1.0,1.0,0.008040440694530915,0.03787794531294164,7.014925373134324,6.647569093528406,0.9,0.3,14.771588788703472,13.398245824194627,0.008567070829177048,75.654,39.5,41.65,66.663
Пермский край,2014,0.8972002468550346,0.2752036352960497,1.716498790986248,1.347151544149174,1.526304758767933,1.185562630102572,1.511487819646164,14.7814014116179,75.59,13.41477497068964,13.38163426762034,3.369597320571073,87.10855422941499,0,48.1,36.3,62.94,0.7158173794103254,1.0,0.0,0.03314070306930006,0.6717133431672291,7.158173794103254,6.647569093528406,0.9,0.3,14.771588788703472,13.398245824194627,0.008567070829177048,75.654,39.5,41.65,66.663
Пермский край,2015,0.726703425476551,0.4558547119975148,1.540527285572032,1.03618936161488,1.580888854514163,1.199510646482454,1.180136024686294,14.77998479383631,75.69,13.41218356707369,13.41477497068964,-0.2588048828089051,87.10855422941499,0,48.1,36.3,62.94,0.7092386907067928,1.0,0.0,-0.0025914036159502274,-0.3313517949598701,7.092386907067928,6.647569093528406,0.9,0.3,14.771588788703472,13.398245824194627,0.008567070829177048,75.654,39.5,41.65,66.663
Пермский край,2016,0.6323766885300149,0.5856221266067295,0.8023288789189983,1.055307808401027,1.583296746790922,0.9621241775522028,0.9841751532761287,14.77805757979167,75.74,13.38055399758949,13.41218356707369,-3.113458707120509,87.10855422941499,0,48.1,36.3,62.94,0.7185800175845768,1.0,0.0,-0.031629569484200815,-0.19596087141016527,7.185800175845768,6.647569093528406,0.9,0.3,14.771588788703472,13.398245824194627,0.008567070829177048,75.654,39.5,41.65,66.663
Пермский край,2017,0.7477326886697392,0.7773091177658872,0.6208776789823595,1.19071696740039,1.613929452938687,1.099280029007814,1.046810372775305,14.77491403458577,75.78,13.40251929703598,13.38055399758949,2.220831266074308,87.10855422941499,0,35.2,42.7,62.94,0.8112673738431224,1.0,0.0,0.021965299446490505,0.06263521949917639,8.112673738431225,6.647569093528406,0.9,0.3,14.771588788703472,13.398245824194627,0.008567070829177048,75.654,39.5,41.65,66.663
Пермский край,2018,0.5760314835127084,0.3394456967044315,0.967517290300581,0.7949798954120245,1.608201301145596,0.7450117066960251,0.8816484881950238,14.76979317136422,75.8,13.41560832990671,13.40251929703598,1.31750692292496,87.10855422941499,0,35.2,42.7,62.94,0.7579794437979396,1.0,1.0,0.013089032870730932,-0.16516188458028125,7.579794437979396,6.647569093528406,0.9,0.3,14.771588788703472,13.398245824194627,0.008567070829177048,75.654,39.5,41.65,66.663
Пермский край,2019,0.6053790782593532,0.3589336520094557,1.280851895147062,0.7875997863716983,1.703374397018186,1.212933369755616,0.9383709768952164,14.76407020281789,75.82,13.42731337013058,13.41560832990671,1.177381227178453,87.10855422941499,0,35.2,42.7,75.35,0.7814560374525458,1.0,0.0,0.011705040223869645,0.056722488700192586,7.814560374525458,6.647569093528406,0.9,0.3,14.771588788703472,13.398245824194627,0.008567070829177048,75.654,39.5,41.65,66.663
Пермский край,2020,1.442067103496931,0.3547821713111425,2.778120606502573,1.355442915844859,1.776081882908741,0.8871378305918489,1.8757230781396,14.75658404470733,75.78,13.40742833144501,13.42731337013058,-1.968863528790188,87.10855422941499,0,35.2,42.7,75.35,0.7258391047450798,1.0,0.0,-0.019885038685570677,0.9373521012443835,7.258391047450798,6.647569093528406,0.9,0.3,14.771588788703472,13.398245824194627,0.008567070829177048,75.654,39.5,41.65,66.663
Пермский край,2021,1.01329935774171,0.3530446574096219,2.583298905796611,1.473073412499376,1.639818688552768,1.047246487037595,1.697077288521423,14.74686052816885,75.7,13.45251899182078,13.40742833144501,4.612269748649789,87.10855422941499,0,35.2,42.7,75.35,0.7258985086745913,1.0,1.0,0.04509066037577014,-0.178645789618177,7.258985086745913,6.647569093528406,0.9,0.3,14.771588788703472,13.398245824194627,0.008567070829177048,75.654,39.5,41.65,66.663
Приморский край,2012,1.54440032343264,1.703078961798997,1.048720105935385,1.334244022043172,1.16094255373575,1.424804440424182,1.282675979460537,14.48120586015893,76.67,13.35479655434822,13.42366783682935,-6.655317669513916,92.51599441368536,0,48.7,33.0,57.31,0.815,1.0,0.0,-0.0688712824811315,,8.149999999999999,7.58437064059278,1.0,0.2,14.459640510954193,13.37265391260488,0.007975210240877929,77.601,36.0,43.05,59.69500000000001
Приморский край,2013,1.442845955167396,1.55315099988833,1.198927203323112,1.243043063522434,1.34266314566507,2.475829900621163,1.231284943940848,14.47713920726756,76.93,13.33251923189999,13.35479655434822,-2.203101531208806,92.51599441368536,0,48.7,33.0,57.31,0.734375,1.0,1.0,-0.022277322448228887,-0.05139103551968893,7.34375,7.58437064059278,1.0,0.2,14.459640510954193,13.37265391260488,0.007975210240877929,77.601,36.0,43.05,59.69500000000001
Приморский край,2014,1.266689234580129,1.362198758830793,1.140883381758675,1.177270235467812,1.428777223188476,1.406098554038594,1.161080376014897,14.47239979204004,77.17,13.35017487239405,13.33251923189999,1.7812422652004,92.51599441368536,0,48.7,33.0,57.31,0.733516160769371,1.0,0.0,0.0176556404940591,-0.07020456792595087,7.33516160769371,7.58437064059278,1.0,0.2,14.459640510954193,13.37265391260488,0.007975210240877929,77.601,36.0,43.05,59.69500000000001
Приморский край,2015,1.441839827169829,1.266928497754122,1.96739895370613,1.560447819110002,1.29333626335464,1.402601676474356,1.676598628072795,14.46875251114452,77.38,13.34880961146602,13.35017487239405,-0.1364329383310436,92.51599441368536,0,48.7,33.0,57.31,0.7290498273187148,1.0,0.0,-0.0013652609280292438,0.5155182520578978,7.290498273187148,7.58437064059278,1.0,0.2,14.459640510954193,13.37265391260488,0.007975210240877929,77.601,36.0,43.05,59.69500000000001
Приморский край,2016,1.168566052327684,1.201047656201339,1.050495868401403,1.139542086389668,1.035674665865729,1.161649782395779,1.114504056830034,14.46496025959176,77.55,13.32933323607943,13.34880961146602,-1.928793614163993,92.51599441368536,0,48.7,33.0,57.31,0.7108115849620394,1.0,0.0,-0.019476375386590306,-0.562094571242761,7.108115849620394,7.58437064059278,1.0,0.2,14.459640510954193,13.37265391260488,0.007975210240877929,77.601,36.0,43.05,59.69500000000001
Приморский край,2017,1.373729058784177,1.447373367461671,1.057864372741987,1.231744405007526,1.076789101790822,2.533791651006642,1.187832930623055,14.45970328586017,77.7,13.35341196405161,13.32933323607943,2.437096136467809,92.51599441368536,0,37.4,39.0,57.31,0.7058821512605602,1.0,0.0,0.024078727972179692,0.07332887379302111,7.058821512605602,7.58437064059278,1.0,0.2,14.459640510954193,13.37265391260488,0.007975210240877929,77.601,36.0,43.05,59.69500000000001
Приморский край,2018,1.580576514962281,1.311444005927536,2.025918388004275,1.443309265343542,1.11903963393127,1.442533136730065,1.73596415813451,14.45333528533544,77.89,13.37761988270467,13.35341196405161,2.450330909552112,92.51599441368536,0,37.4,39.0,57.31,0.7054462150198652,1.0,0.0,0.024207918653059934,0.5481312275114549,7.054462150198652,7.58437064059278,1.0,0.2,14.459640510954193,13.37265391260488,0.007975210240877929,77.601,36.0,43.05,59.69500000000001
Приморский край,2019,1.154463052112414,1.277716902855937,0.8166412997640282,1.545662434832197,1.134597048272527,2.133092110010327,1.322824290817101,14.44782859579481,78.1,13.43191673641473,13.37761988270467,5.579797318551649,92.51599441368536,0,37.4,39.0,65.26,0.8119256535917506,1.0,1.0,0.05429685371005988,-0.4131398673174089,8.119256535917506,7.58437064059278,1.0,0.2,14.459640510954193,13.37265391260488,0.007975210240877929,77.601,36.0,43.05,59.69500000000001
Приморский край,2020,1.314223411688282,1.255193884820435,1.386758773687648,1.542338449222016,1.116571004503158,1.445795232188642,1.485442203945714,14.44034249453874,78.24,13.42428919986075,13.43191673641473,-0.7598520717027936,92.51599441368536,0,37.4,39.0,65.26,0.819600058141995,1.0,0.0,-0.007627536553979297,0.16261791312861296,8.19600058141995,7.58437064059278,1.0,0.2,14.459640510954193,13.37265391260488,0.007975210240877929,77.601,36.0,43.05,59.69500000000001
Приморский край,2021,1.174224647741868,1.266497970867713,0.9548107222791103,1.893316261763706,1.253884751252257,1.003453030439811,1.703959343027893,14.43073781780997,78.38,13.50341993923813,13.42428919986075,8.234581803892493,92.51599441368536,0,37.4,39.0,65.26,0.8187639895284842,1.0,0.0,0.07913073937737991,0.21851713908217896,8.187639895284843,7.58437064059278,1.0,0.2,14.459640510954193,13.37265391260488,0.007975210240877929,77.601,36.0,43.05,59.69500000000001
Псковская область,2012,0.8477186963652215,1.050467839044459,0.2143710688881387,0.4894472161867082,0.7815119331897741,0.4690431135835197,0.4397661293246017,13.40280177769523,70.15,12.71990666354748,12.70917309466648,1.07913802872226,95.01212251056963,0,52.9,36.7,59.69,0.9039140069695333,1.0,0.0,0.0107335688809993,,9.039140069695332,8.057939850703216,1.0,0.1,13.355894012261155,12.758881013677406,0.013595769047086925,70.441,40.9,47.5,64.298
Псковская область,2013,0.7592548978822402,0.9952618636929639,0.2373701130770796,0.7469127789466156,0.6423454442736543,0.1346073250808968,0.6111053035818664,13.39245310807823,70.12,12.73524287467553,12.71990666354748,1.545441430383776,95.01212251056963,0,52.9,36.7,59.69,0.896946564885495,1.0,0.0,0.015336211128049726,0.17133917425726475,8.96946564885495,8.057939850703216,1.0,0.1,13.355894012261155,12.758881013677406,0.013595769047086925,70.441,40.9,47.5,64.298
Псковская область,2014,0.64812157764012,0.8351676131641262,0.401743154120685,0.8587387326433484,0.4698713740258898,1.320807269794174,0.6554044667563321,13.38199622263264,70.16,12.74068721829757,12.73524287467553,0.5459190993278407,95.01212251056963,0,52.9,36.7,59.69,0.9020266301353076,1.0,0.0,0.005444343622039938,0.044299163174465694,9.020266301353075,8.057939850703216,1.0,0.1,13.355894012261155,12.758881013677406,0.013595769047086925,70.441,40.9,47.5,64.298
Псковская область,2015,0.6339633022978708,0.739148560322177,0.3179113203226797,0.477491895369153,0.4647885814141148,0.6488680827584992,0.43194487187998,13.37180605505244,70.28,12.73067467856025,12.74068721829757,-0.9962581137838766,95.01212251056963,0,52.9,36.7,59.69,0.8969066604127139,1.0,0.0,-0.010012539737319415,-0.22345959487635214,8.96906660412714,8.057939850703216,1.0,0.1,13.355894012261155,12.758881013677406,0.013595769047086925,70.441,40.9,47.5,64.298
Псковская область,2016,0.6137599997592934,0.6330943238752802,0.5434799971663062,0.993364539129347,0.4803026412557898,0.5053005022167456,0.8668659329608314,13.36251506682909,70.37,12.74694128052003,12.73067467856025,1.639962341970769,95.01212251056963,0,52.9,36.7,59.69,0.9131954390137332,1.0,0.0,0.016266601959779692,0.4349210610808514,9.131954390137333,8.057939850703216,1.0,0.1,13.355894012261155,12.758881013677406,0.013595769047086925,70.441,40.9,47.5,64.298
Псковская область,2017,0.5927825180244573,0.5918907056772506,0.5966075526010269,0.7616326834580274,0.4477743212949719,0.5509231484633723,0.7199574162522175,13.35236813670531,70.48,12.76406382438022,12.74694128052003,1.726997487696735,95.01212251056963,0,42.1,45.1,59.69,0.9142854530612977,1.0,0.0,0.01712254386018941,-0.14690851670861382,9.142854530612977,8.057939850703216,1.0,0.1,13.355894012261155,12.758881013677406,0.013595769047086925,70.441,40.9,47.5,64.298
Псковская область,2018,0.6476810538629723,0.6543823166287982,0.6365922674410596,0.639979775389398,0.4672318398724158,0.904184130110344,0.6382781700816712,13.3400858612487,70.62,12.79418601796517,12.76406382438022,3.058045658045638,95.01212251056963,0,42.1,45.1,59.69,0.6477278883364228,1.0,1.0,0.030122193584951162,-0.08167924617054634,6.477278883364228,8.057939850703216,1.0,0.1,13.355894012261155,12.758881013677406,0.013595769047086925,70.441,40.9,47.5,64.298
Псковская область,2019,0.7552335942205083,0.7280446072334588,0.829754845874182,0.5863983272317282,0.4940445529388622,0.8687857286163886,0.6607845313342865,13.32934502593466,70.71,12.83156878422564,12.79418601796517,3.809029074116244,95.01212251056963,0,42.1,45.1,75.05,0.6567710296215281,1.0,0.0,0.037382766260469324,0.022506361252615292,6.567710296215282,8.057939850703216,1.0,0.1,13.355894012261155,12.758881013677406,0.013595769047086925,70.441,40.9,47.5,64.298
Псковская область,2020,0.5228956559783093,0.6505926952789943,0.3659817950107445,0.8350291812239365,0.4369419631281178,0.5345278842396317,0.663496267040047,13.31923030224031,70.71,12.81636569993569,12.83156878422564,-1.508810084248968,95.01212251056963,0,42.1,45.1,75.05,0.6594989715156921,1.0,0.0,-0.015203084289950652,0.002711735705760554,6.594989715156921,8.057939850703216,1.0,0.1,13.355894012261155,12.758881013677406,0.013595769047086925,70.441,40.9,47.5,64.298
Псковская область,2021,0.8535974061878653,0.6521994166157888,1.332495553294262,0.6541007226992606,0.4559050160193688,0.558035507260439,0.7909765848047942,13.30633856619494,70.81,12.84513078513735,12.81636569993569,2.918279580627381,95.01212251056963,0,42.1,45.1,75.05,0.6666672067514912,1.0,0.0,0.028765085201660767,0.1274803177647471,6.666672067514911,8.057939850703216,1.0,0.1,13.355894012261155,12.758881013677406,0.013595769047086925,70.441,40.9,47.5,64.298
Республика Адыгея,2012,0.6952107691128703,0.8330720723735731,0.2645597281898441,0.4133074377330234,0.2572300389871617,0.4439701079660414,0.3864423389197374,13.01118374123614,50.73,12.5943106728014,12.54801428278162,4.738479935805318,63.63961202296268,1,65.9,61.0,64.07,0.7114841343373648,1.0,0.0,0.04629639001977992,,7.114841343373648,3.5630262896737426,0.5,0.1,13.059570643995745,12.64504410493838,0.020816969755541946,50.262,60.2,59.9,69.2
Республика Адыгея,2013,0.706493802311918,0.9414469918483015,0.1869392445078031,0.4759993857396391,0.2636498353569568,0.1149624279889628,0.3989567146567728,13.02162770620291,50.63,12.61050863878105,12.5943106728014,1.63298642293721,63.63961202296268,1,65.9,61.0,64.07,0.705705705705705,1.0,0.0,0.016197965979650064,0.0125143757370354,7.05705705705705,3.5630262896737426,0.5,0.1,13.059570643995745,12.64504410493838,0.020816969755541946,50.262,60.2,59.9,69.2
Республика Адыгея,2014,0.5336162151046561,0.8313376903045853,0.1414552826254171,0.3774262307349163,0.2925999061473999,0.08910320359187625,0.2724340125178012,13.03281277931975,50.56,12.6366193504079,12.61050863878105,2.645458263975664,63.63961202296268,1,65.9,61.0,64.07,0.7119996867201361,1.0,0.0,0.02611071162684908,-0.1265227021389716,7.119996867201362,3.5630262896737426,0.5,0.1,13.059570643995745,12.64504410493838,0.020816969755541946,50.262,60.2,59.9,69.2
Республика Адыгея,2015,0.6413807490312079,0.744298868737383,0.3321408771588569,0.2970404987169274,0.2773407163784614,0.3224058185506075,0.3070587466202693,13.04461802877948,50.56,12.63278227059735,12.6366193504079,-0.3829727626459389,63.63961202296268,1,65.9,61.0,64.07,0.7073166346344176,1.0,0.0,-0.003837079810550037,0.03462473410246808,7.073166346344176,3.5630262896737426,0.5,0.1,13.059570643995745,12.64504410493838,0.020816969755541946,50.262,60.2,59.9,69.2
Республика Адыгея,2016,0.5728796729774575,0.6365969966550067,0.3412680766055081,0.3475503893738524,0.2777971835425361,0.2105948882684137,0.3457839276829426,13.05529151673687,50.51,12.64093053688055,12.63278227059735,0.8181553755208348,63.63961202296268,1,65.9,61.0,64.07,0.7265201282761191,1.0,0.0,0.0081482662832002,0.03872518106267331,7.265201282761192,3.5630262896737426,0.5,0.1,13.059570643995745,12.64504410493838,0.020816969755541946,50.262,60.2,59.9,69.2
Республика Адыгея,2017,0.4776597908372444,0.5495102074123677,0.169489211452912,0.4494646844669747,0.2494353973844609,0.2188105156958663,0.3787599827749348,13.06304215579268,50.31,12.65884764457332,12.64093053688055,1.807858200941426,63.63961202296268,1,53.9,59.4,64.07,0.0,0.0,0.0,0.017917107692770884,0.032976055091992196,0.0,3.5630262896737426,0.5,0.1,13.059570643995745,12.64504410493838,0.020816969755541946,50.262,60.2,59.9,69.2
Республика Адыгея,2018,0.4589122346954378,0.591960003323125,0.2387539836642969,0.8679531008891671,0.2587809110612808,0.3329149753301518,0.5518952277225566,13.07017705280502,50.06,12.68417993769848,12.65884764457332,2.565588230336169,63.63961202296268,1,53.9,59.4,64.07,0.0,0.0,1.0,0.0253322931251585,0.17313524494762184,0.0,3.5630262896737426,0.5,0.1,13.059570643995745,12.64504410493838,0.020816969755541946,50.262,60.2,59.9,69.2
Республика Адыгея,2019,0.5248863868161526,0.6295972293342833,0.2378884545328118,0.9134076471602091,0.2630144556059477,0.3926293754537974,0.7069233137292041,13.08586120566651,49.95,12.71155527429744,12.68417993769848,2.775348387605336,63.63961202296268,1,53.9,59.4,81.17,0.0,0.0,0.0,0.027375336598961297,0.15502808600664753,0.0,3.5630262896737426,0.5,0.1,13.059570643995745,12.64504410493838,0.020816969755541946,50.262,60.2,59.9,69.2
Республика Адыгея,2020,0.4686902690780445,0.6303981994277161,0.2699838946844062,0.8253794611324857,0.283171647043155,0.485812413163343,0.6222685967765558,13.10009118323655,49.78,12.73269244056469,12.71155527429744,2.136213846175838,63.63961202296268,1,53.9,59.4,81.17,0.0,0.0,0.0,0.02113716626725015,-0.08465471695264837,0.0,3.5630262896737426,0.5,0.1,13.059570643995745,12.64504410493838,0.020816969755541946,50.262,60.2,59.9,69.2
Республика Адыгея,2021,0.5734084958862066,0.6270804634992928,0.445783558338045,0.621168094409474,0.2633454852929804,0.7046119100587347,0.5857817552274656,13.11100107018153,49.53,12.75618398033704,12.73269244056469,2.376963938578047,63.63961202296268,1,53.9,59.4,81.17,0.0,0.0,0.0,0.023491539772349412,-0.03648684154909021,0.0,3.5630262896737426,0.5,0.1,13.059570643995745,12.64504410493838,0.020816969755541946,50.262,60.2,59.9,69.2
Республика Алтай,2012,1.121121212386671,1.479343280609513,0.002107370844523191,0.3664928773417701,0.2743163201225976,0.1159426818474029,0.3006817622110452,12.24475475212252,29.09,12.5474386371605,12.56386436466353,-1.629156084045302,56.62635151132507,1,63.6,53.3,66.87,0.688346438911759,1.0,0.0,-0.016425727503030174,,6.88346438911759,2.355787000566351,0.3,0.1,12.25551773039436,12.631323468657445,0.02108814976007505,30.145999999999997,51.05,54.35,67.995
Республика Алтай,2013,1.15439308514706,1.612829779171133,0.1406470095357953,0.54097203789117,0.2544162357803396,0.05052922440887297,0.434274139819205,12.24760798555901,29.45,12.54758091270381,12.5474386371605,0.01422856649497817,56.62635151132507,1,63.6,53.3,66.87,0.0,0.0,0.0,0.00014227554330936698,0.13359237760815978,0.0,2.355787000566351,0.3,0.1,12.25551773039436,12.631323468657445,0.02108814976007505,30.145999999999997,51.05,54.35,67.995
Республика Алтай,2014,1.000958508975235,1.614884332495863,0.1922908666318044,0.2401555542825881,0.3284769406691018,2.757865385937919,0.2188587812222317,12.25081653933957,29.73,12.62503026194071,12.54758091270381,8.052750152998755,56.62635151132507,1,63.6,53.3,66.87,0.0,0.0,0.0,0.07744934923690039,-0.21541535859697328,0.0,2.355787000566351,0.3,0.1,12.25551773039436,12.631323468657445,0.02108814976007505,30.145999999999997,51.05,54.35,67.995
Республика Алтай,2015,1.199875761295984,1.560879768539035,0.115160715354971,0.3051504752045993,0.3038151473934557,0.7873521914377343,0.2509241506531725,12.25443414640805,29.99,12.6234106575349,12.62503026194071,-0.1618293554380368,56.62635151132507,1,63.6,53.3,66.87,0.0,0.0,0.0,-0.0016196044058105485,0.032065369430940766,0.0,2.355787000566351,0.3,0.1,12.25551773039436,12.631323468657445,0.02108814976007505,30.145999999999997,51.05,54.35,67.995
Республика Алтай,2016,1.28940215340903,1.604899605449068,0.1425732487916422,0.262960574681345,0.292723469863523,0.4524786642544379,0.2291100474795161,12.25759241427047,30.14,12.6507815947073,12.6234106575349,2.774896236002489,56.62635151132507,1,63.6,53.3,66.87,0.0,0.0,0.0,0.027370937172401355,-0.02181410317365637,0.0,2.355787000566351,0.3,0.1,12.25551773039436,12.631323468657445,0.02108814976007505,30.145999999999997,51.05,54.35,67.995
Республика Алтай,2017,1.234943681171685,1.50245529674921,0.08757093798973883,0.27273426405486,0.3020326207400433,0.116125495727715,0.2259733189163453,12.25985508941311,30.19,12.62933610014788,12.6507815947073,-2.121717499561704,56.62635151132507,1,45.1,48.8,66.87,0.0,0.0,0.0,-0.021445494559420908,-0.003136728563170793,0.0,2.355787000566351,0.3,0.1,12.25551773039436,12.631323468657445,0.02108814976007505,30.145999999999997,51.05,54.35,67.995
Республика Алтай,2018,1.007680376975017,1.469099900765158,0.2441552431298241,0.6064947644839215,0.3080659543876469,0.09643183302090871,0.4244851981188512,12.25970345579755,30.36,12.67158890978209,12.62933610014788,4.315816585236409,56.62635151132507,1,45.1,48.8,66.87,0.0,0.0,0.0,0.042252809634209854,0.1985118792025059,0.0,2.355787000566351,0.3,0.1,12.25551773039436,12.631323468657445,0.02108814976007505,30.145999999999997,51.05,54.35,67.995
Республика Алтай,2019,1.21167179868598,1.449897533771302,0.5587280180614668,0.5230925179307814,0.3225801978067508,0.3710117619367721,0.5339851358923019,12.26021512712621,30.68,12.71891456786758,12.67158890978209,4.846339407086764,56.62635151132507,1,45.1,48.8,70.62,0.0,0.0,0.0,0.04732565808549083,0.10949993777345068,0.0,2.355787000566351,0.3,0.1,12.25551773039436,12.631323468657445,0.02108814976007505,30.145999999999997,51.05,54.35,67.995
Республика Алтай,2020,0.8414260997034665,1.304981707856973,0.2718099155939876,0.5271458577368258,0.3122836220246802,0.2822073409607053,0.433768259781845,12.26069813199407,30.87,12.73528868006615,12.71891456786758,1.650890266014615,56.62635151132507,1,45.1,48.8,70.62,0.8344680864076089,1.0,1.0,0.016374112198569435,-0.10021687611045688,8.34468086407609,2.355787000566351,0.3,0.1,12.25551773039436,12.631323468657445,0.02108814976007505,30.145999999999997,51.05,54.35,67.995
Республика Алтай,2021,1.036444626346727,1.305184942125062,0.3974152122374388,0.3828773956775921,0.2860838586624425,0.3528189266901534,0.3858106081447565,12.25949966191303,30.96,12.77474586226428,12.73528868006615,4.024595688609112,56.62635151132507,1,45.1,48.8,70.62,0.8329724752469827,1.0,0.0,0.03945718219813088,-0.04795765163708854,8.329724752469827,2.355787000566351,0.3,0.1,12.25551773039436,12.631323468657445,0.02108814976007505,30.145999999999997,51.05,54.35,67.995
Республика Башкортостан,2012,0.9344880530775306,1.021720147968289,0.6619924971958268,1.394168060113193,2.578781459383877,1.043376324078623,1.261930939240159,15.220449277807,60.83,13.05619486771116,13.01385927199097,4.324452840874349,36.05048909105547,1,79.3,70.5,75.28,0.7514788046107664,1.0,0.0,0.04233559572018919,,7.514788046107665,7.450630017873901,1.0,0.1,15.22755518188148,13.08045975577841,0.009329076720191943,61.440999999999995,63.45,74.55,76.003
Республика Башкортостан,2013,0.8320141524072183,0.5342485197925642,1.490466552596547,1.912934917142212,2.736564277225496,1.087896898601061,1.800335196150229,15.22323489799572,61.05,13.07907699427102,13.05619486771116,2.314593070844206,36.05048909105547,1,79.3,70.5,75.28,0.7507987220447274,1.0,0.0,0.02288212655986044,0.53840425691007,7.507987220447275,7.450630017873901,1.0,0.1,15.22755518188148,13.08045975577841,0.009329076720191943,61.440999999999995,63.45,74.55,76.003
Республика Башкортостан,2014,1.530715786398916,1.415571532510469,1.682384650541812,1.985632396649798,2.70338835931902,1.539204404745034,1.85070623820404,15.22662532838624,61.28,13.09450831812109,13.07907699427102,1.555100153053646,36.05048909105547,1,79.3,70.5,75.28,0.7521123451269051,1.0,0.0,0.015431323850069845,0.050371042053811044,7.521123451269051,7.450630017873901,1.0,0.1,15.22755518188148,13.08045975577841,0.009329076720191943,61.440999999999995,63.45,74.55,76.003
Республика Башкортостан,2015,1.747008266502032,1.775781287322345,1.660553468287136,1.872837219474848,2.84387408277367,1.558758374902781,1.812247808771818,15.22889660282016,61.39,13.07509088485219,13.09450831812109,-1.923012919212608,36.05048909105547,1,79.3,70.5,75.28,0.7543347924280346,1.0,0.0,-0.019417433268900552,-0.03845842943222211,7.543347924280345,7.450630017873901,1.0,0.1,15.22755518188148,13.08045975577841,0.009329076720191943,61.440999999999995,63.45,74.55,76.003
Республика Башкортостан,2016,1.994346921208656,2.135846053760905,1.479999517957321,1.762339845649673,2.778897265963968,1.608008061456112,1.682951347964464,15.23048590897669,61.43,13.0784891202067,13.07509088485219,0.3404015902302993,36.05048909105547,1,79.3,70.5,75.28,0.7667646834867485,1.0,0.0,0.0033982353545116695,-0.1292964608073539,7.667646834867485,7.450630017873901,1.0,0.1,15.22755518188148,13.08045975577841,0.009329076720191943,61.440999999999995,63.45,74.55,76.003
Республика Башкортостан,2017,2.309924118662723,2.576607730958248,1.166102729297621,1.67331568365585,2.638723571506927,0.8934481224610115,1.545224675375151,15.23155350914011,61.48,13.08240906155433,13.0784891202067,0.3927634366486689,36.05048909105547,1,69.8,56.4,75.28,0.7741933271890025,1.0,0.0,0.0039199413476289635,-0.13772667258931293,7.741933271890025,7.450630017873901,1.0,0.1,15.22755518188148,13.08045975577841,0.009329076720191943,61.440999999999995,63.45,74.55,76.003
Республика Башкортостан,2018,2.156094456506927,2.55581409042715,1.494666035614409,1.609521234077915,2.66692222745728,0.8367315755583214,1.551827431345622,15.23146323093757,61.56,13.11399800681624,13.08240906155433,3.209317131062206,36.05048909105547,1,69.8,56.4,75.28,0.7270415073163926,1.0,0.0,0.031588945261910695,0.006602755970470886,7.270415073163926,7.450630017873901,1.0,0.1,15.22755518188148,13.08045975577841,0.009329076720191943,61.440999999999995,63.45,74.55,76.003
Республика Башкортостан,2019,2.260185904885453,2.321225312581153,2.092885333376509,1.924554375693307,2.774709370656266,1.465693210814523,1.976007696298204,15.23025947108907,61.68,13.13402352090532,13.11399800681624,2.022736986669504,36.05048909105547,1,69.8,56.4,77.69,0.719511351556917,1.0,1.0,0.020025514089079266,0.4241802649525821,7.195113515569171,7.450630017873901,1.0,0.1,15.22755518188148,13.08045975577841,0.009329076720191943,61.440999999999995,63.45,74.55,76.003
Республика Башкортостан,2020,3.040733923636839,2.39928837200577,3.828940906806579,2.246285615304798,2.829751071168581,1.970218773637437,2.825070365586854,15.22758547623354,61.78,13.07694751135508,13.13402352090532,-5.547772607525038,36.05048909105547,1,69.8,56.4,77.69,0.7215694629524626,1.0,0.0,-0.05707600955024006,0.8490626692886498,7.215694629524626,7.450630017873901,1.0,0.1,15.22755518188148,13.08045975577841,0.009329076720191943,61.440999999999995,63.45,74.55,76.003
Республика Башкортостан,2021,2.455538108950548,2.390832439822506,2.609399749369797,2.443668977295548,2.419498075386697,2.089047826470127,2.477107531485565,15.2249981154287,61.93,13.10715003919289,13.07694751135508,3.066325081701704,36.05048909105547,1,69.8,56.4,77.69,0.7328250211619437,1.0,0.0,0.030202527837809967,-0.3479628341012888,7.328250211619437,7.450630017873901,1.0,0.1,15.22755518188148,13.08045975577841,0.009329076720191943,61.440999999999995,63.45,74.55,76.003
Республика Бурятия,2012,2.53208440653159,3.342662863517002,0.0,1.223838989351007,0.7916752449257415,0.4551406100349276,1.002803280757977,13.78637521605075,58.88,12.7825441520113,12.77741454077055,0.5142790221202009,66.05043759070661,1,56.9,49.0,66.2,0.6271600887862697,1.0,0.0,0.005129611240748844,,6.271600887862697,6.674006840534031,1.0,0.1,13.79338927924395,12.748006162640538,0.0026454229679838902,59.162,46.15,48.7,68.456
Республика Бурятия,2013,2.428720321386501,3.279897558875296,0.5465027864424311,1.722434339903693,0.7692989028455149,0.2930447976554853,1.40901545239053,13.78716252244879,59.07,12.78972501526244,12.7825441520113,0.7206707473895513,66.05043759070661,1,56.9,49.0,66.2,0.6233421750663124,1.0,0.0,0.007180863251141645,0.4062121716325531,6.233421750663124,6.674006840534031,1.0,0.1,13.79338927924395,12.748006162640538,0.0026454229679838902,59.162,46.15,48.7,68.456
Республика Бурятия,2014,2.010311744297281,3.129279873453071,0.5363986359143328,1.069037821258276,0.8712164305653475,1.608349335317656,0.832046911882994,13.79008607762402,59.22,12.76965530125223,12.78972501526244,-1.986965789171358,66.05043759070661,1,56.9,49.0,66.2,0.6223773485315888,1.0,0.0,-0.020069714010210404,-0.5769685405075361,6.2237734853158875,6.674006840534031,1.0,0.1,13.79338927924395,12.748006162640538,0.0026454229679838902,59.162,46.15,48.7,68.456
Республика Бурятия,2015,2.388671362083625,2.986305349825577,0.5929500807046917,0.6742356279683087,1.016902441135668,0.6058482293828019,0.6510353435385274,13.79383022888898,59.26,12.76190312858974,12.76965530125223,-0.7722202067747208,66.05043759070661,1,56.9,49.0,66.2,0.6229113083057274,1.0,0.0,-0.0077521726624905085,-0.18101156834446652,6.229113083057274,6.674006840534031,1.0,0.1,13.79338927924395,12.748006162640538,0.0026454229679838902,59.162,46.15,48.7,68.456
Республика Бурятия,2016,2.233531103637736,2.656655584368369,0.6954794280523067,0.6640620897656258,0.9836098923290031,0.2837420341329664,0.6728960218795154,13.79618807538017,59.19,12.6923365324051,12.76190312858974,-6.720198947253597,66.05043759070661,1,56.9,49.0,66.2,0.6261911581808453,1.0,0.0,-0.06956659618463945,0.021860678340987927,6.2619115818084525,6.674006840534031,1.0,0.1,13.79338927924395,12.748006162640538,0.0026454229679838902,59.162,46.15,48.7,68.456
Республика Бурятия,2017,2.512924238934385,3.023983356838976,0.3209622160053134,0.8996553966976644,0.9545477477288067,1.054933780672716,0.7535128497395769,13.79676393290142,59.15,12.67359670425618,12.6923365324051,-1.856532929567922,66.05043759070661,1,40.5,43.3,66.2,0.7559052958380799,1.0,0.0,-0.018739828148920168,0.08061682786006152,7.559052958380798,6.674006840534031,1.0,0.1,13.79338927924395,12.748006162640538,0.0026454229679838902,59.162,46.15,48.7,68.456
Республика Бурятия,2018,2.166168643260696,2.926070952951641,0.9087348269579132,1.09352910521175,0.979615068060259,0.5785529743025614,1.000703662582604,13.7957291904421,59.18,12.71769093617594,12.67359670425618,4.508083022154974,66.05043759070661,1,40.5,43.3,66.2,0.7002463657691049,1.0,1.0,0.04409423191975925,0.24719081284302713,7.002463657691049,6.674006840534031,1.0,0.1,13.79338927924395,12.748006162640538,0.0026454229679838902,59.162,46.15,48.7,68.456
Республика Бурятия,2019,2.424709654791831,3.001567050196454,0.8436233439371104,1.724635813257339,1.055600547267359,1.36114386370258,1.455338842190624,13.79614321591772,59.25,12.75745870033315,12.71769093617594,4.05690886901664,66.05043759070661,1,40.5,43.3,73.72,0.6968495767047301,1.0,0.0,0.03976776415720984,0.4546351796080199,6.968495767047301,6.674006840534031,1.0,0.1,13.79338927924395,12.748006162640538,0.0026454229679838902,59.162,46.15,48.7,68.456
Республика Бурятия,2020,2.100625785730017,3.074406560201724,0.9040459597988335,1.509329788821318,1.003012153796935,1.031406171089173,1.287974543802601,13.79686480123522,59.25,12.75773661534874,12.75745870033315,0.02779536375461245,66.05043759070661,1,40.5,43.3,73.72,0.6982930286636742,1.0,0.0,0.0002779150155909349,-0.16736429838802303,6.9829302866367415,6.674006840534031,1.0,0.1,13.79338927924395,12.748006162640538,0.0026454229679838902,59.162,46.15,48.7,68.456
Республика Бурятия,2021,2.432366506384071,3.043692499762877,0.9787130407802688,1.610630883414798,1.008564874214515,0.8978802436317913,1.483132418524362,13.79474953155034,59.17,12.80386877045039,12.75773661534874,4.721279632611286,66.05043759070661,1,40.5,43.3,73.72,0.7007304946876984,1.0,0.0,0.04613215510164892,0.19515787472176105,7.007304946876984,6.674006840534031,1.0,0.1,13.79338927924395,12.748006162640538,0.0026454229679838902,59.162,46.15,48.7,68.456
Республика Дагестан,2012,7.075035550498638,9.338345898064539,0.004908298996379883,2.528750175953185,1.33122379874859,0.9603900128741958,2.072922912314739,14.89532595341609,45.1,12.32368052982778,12.2854304925997,3.899098682941271,3.597043936705582,1,91.1,91.4,92.84,0.7277932262419455,1.0,0.0,0.03825003722807985,,7.277932262419455,2.734843020855516,0.5,0.3,14.933403593406263,12.396163307482151,0.01545040569252496,45.156,90.15,89.6,92.21600000000001
Республика Дагестан,2013,7.774788014007444,10.57153169167271,1.590318130418917,2.066049805280086,1.019940486596651,1.099955870022527,1.939253911547251,14.90216496867099,45.04,12.37793661393269,12.32368052982778,5.57549295964701,3.597043936705582,1,91.1,91.4,92.84,0.0,0.0,0.0,0.05425608410491023,-0.1336690007674881,0.0,2.734843020855516,0.5,0.3,14.933403593406263,12.396163307482151,0.01545040569252496,45.156,90.15,89.6,92.21600000000001
Республика Дагестан,2014,6.302255544892091,10.29045028558879,1.048975890241274,1.498708865085615,2.058065823440067,2.186733044811187,1.298606000675466,14.91077491522576,45.01,12.43042176673774,12.37793661393269,5.388691469789175,3.597043936705582,1,91.1,91.4,92.84,0.0,0.0,1.0,0.05248515280505117,-0.6406479108717849,0.0,2.734843020855516,0.5,0.3,14.933403593406263,12.396163307482151,0.01545040569252496,45.156,90.15,89.6,92.21600000000001
Республика Дагестан,2015,7.333867012641586,9.087831710394381,2.063698650158789,1.570026715203356,1.994365794488508,1.069482838204437,1.710929122722645,14.92033716436722,45.05,12.40676059321677,12.43042176673774,-2.3383442745737,3.597043936705582,1,91.1,91.4,92.84,0.0,0.0,0.0,-0.023661173520970635,0.412323122047179,0.0,2.734843020855516,0.5,0.3,14.933403593406263,12.396163307482151,0.01545040569252496,45.156,90.15,89.6,92.21600000000001
Республика Дагестан,2016,7.571670146817786,9.395107930717929,0.9434988483605544,1.733491475972623,2.318219396625898,0.6618274767308037,1.511361224863574,14.92963720747557,45.12,12.41136345527742,12.40676059321677,0.4613471501910382,3.597043936705582,1,91.1,91.4,92.84,0.0,0.0,0.0,0.0046028620606506365,-0.19956789785907114,0.0,2.734843020855516,0.5,0.3,14.933403593406263,12.396163307482151,0.01545040569252496,45.156,90.15,89.6,92.21600000000001
Республика Дагестан,2017,7.783336259634055,8.937449824189281,2.833276638303443,2.153142025000286,2.44670866829926,1.153896313362341,2.324902481108579,14.93847523875271,45.16,12.43402409105965,12.41136345527742,2.29193384156039,3.597043936705582,1,88.1,88.9,92.84,0.0,0.0,0.0,0.022660635782228766,0.8135412562450051,0.0,2.734843020855516,0.5,0.3,14.933403593406263,12.396163307482151,0.01545040569252496,45.156,90.15,89.6,92.21600000000001
Республика Дагестан,2018,6.441116739447068,9.738669621356266,0.9845541630736612,2.283083370484455,2.390232477158075,0.6656917649709638,1.63080912485435,14.9468420217986,45.23,12.43560763886693,12.43402409105965,0.1584802281193065,3.597043936705582,1,88.1,88.9,92.84,0.381703470031545,1.0,1.0,0.0015835478072805387,-0.6940933562542291,3.8170347003154497,2.734843020855516,0.5,0.3,14.933403593406263,12.396163307482151,0.01545040569252496,45.156,90.15,89.6,92.21600000000001
Республика Дагестан,2019,7.967590439379308,10.35262900856855,1.430529698465024,1.792586094392478,2.364096254077544,0.5504859680814204,1.681917183141058,14.95556480893289,45.3,12.43584459310411,12.43560763886693,0.02369823130490278,3.597043936705582,1,88.1,88.9,90.76,0.367088607594936,1.0,0.0,0.00023695423717917663,0.05110805828670806,3.67088607594936,2.734843020855516,0.5,0.3,14.933403593406263,12.396163307482151,0.01545040569252496,45.156,90.15,89.6,92.21600000000001
Республика Дагестан,2020,6.348316164063325,10.47536225510709,1.277010360238785,2.996802393248992,2.369698896687422,1.329782221710229,2.367866068511874,14.9638214869013,45.3,12.42056330019873,12.43584459310411,-1.51651264263627,3.597043936705582,1,88.1,88.9,90.76,0.373464373464373,1.0,0.0,-0.015281292905379829,0.6859488853708162,3.73464373464373,2.734843020855516,0.5,0.3,14.933403593406263,12.396163307482151,0.01545040569252496,45.156,90.15,89.6,92.21600000000001
Республика Дагестан,2021,7.594675733773472,10.14812362041422,1.522909753173324,2.570824685009657,2.464833034708218,0.9554882552312648,2.359392856169574,14.9710921685215,45.25,12.43993454952495,12.42056330019873,1.956008936134035,3.597043936705582,1,88.1,88.9,90.76,0.8847933435227168,1.0,1.0,0.019371249326219697,-0.00847321234230014,8.847933435227167,2.734843020855516,0.5,0.3,14.933403593406263,12.396163307482151,0.01545040569252496,45.156,90.15,89.6,92.21600000000001
Республика Ингушетия,2012,1.545890917369124,1.781055381843127,0.8112843307599654,1.247878176012991,0.4449959341471231,0.2935001244453386,1.169025622047511,12.9823354996715,41.64,11.85190527730524,11.73936415905799,11.9118272148564,0.7848507929068043,1,86.4,91.0,91.91,0.688346438911759,1.0,0.0,0.11254111824725044,,6.88346438911759,6.82859333063233,1.0,0.1,13.065479178316718,11.90951439178394,0.012066256805663932,48.587,81.7,83.9,89.288
Республика Ингушетия,2013,1.37610224968047,1.865549953530517,0.2937811888605127,1.088061982038735,0.5720745190425046,1.505445915787733,0.8763637740620476,13.00550366535348,43.48,11.96151822285708,11.85190527730524,11.58460936709718,0.7848507929068043,1,86.4,91.0,91.91,0.6752873563218376,1.0,0.0,0.10961294555183976,-0.29266184798546346,6.752873563218376,6.82859333063233,1.0,0.1,13.065479178316718,11.90951439178394,0.012066256805663932,48.587,81.7,83.9,89.288
Республика Ингушетия,2014,1.193422759752761,1.885530176885795,0.2817737431797251,1.47392798220083,1.195320059445476,1.349499071402143,0.9434943885125067,13.02692458933032,45.14,11.99363806580828,11.96151822285708,3.264125266509299,0.7848507929068043,1,86.4,91.0,91.91,0.6917095402073868,1.0,0.0,0.032119842951200184,0.06713061445045909,6.917095402073868,6.82859333063233,1.0,0.1,13.065479178316718,11.90951439178394,0.012066256805663932,48.587,81.7,83.9,89.288
Республика Ингушетия,2015,1.361069157326886,1.568032038295071,0.7392041740211907,1.886283012551144,1.052192851769433,0.204526732812195,1.558887107459049,13.04598328748336,46.8,11.95028667508619,11.99363806580828,-4.242515197568375,0.7848507929068043,1,86.4,91.0,91.91,0.6850389453545918,1.0,0.0,-0.0433513907220906,0.6153927189465422,6.850389453545917,6.82859333063233,1.0,0.1,13.065479178316718,11.90951439178394,0.012066256805663932,48.587,81.7,83.9,89.288
Республика Ингушетия,2016,1.615629231881235,1.817532510374706,0.8817135878209981,2.57546927693595,1.300594650523103,0.1651962197955734,2.099218786247526,13.06130466138264,48.41,11.90656582666521,11.95028667508619,-4.277887002959291,0.7848507929068043,1,86.4,91.0,91.91,0.6939321541845768,1.0,0.0,-0.04372084842098012,0.5403316787884769,6.939321541845768,6.82859333063233,1.0,0.1,13.065479178316718,11.90951439178394,0.012066256805663932,48.587,81.7,83.9,89.288
Республика Ингушетия,2017,1.220890806410725,1.397319354792065,0.4641785900275729,1.009798215002855,1.309682341464797,0.4115282559834675,0.8720080278629185,13.07492999239364,49.74,11.92540768579171,11.90656582666521,1.902048708468485,0.7848507929068043,1,81.4,72.4,91.91,0.6792450889488415,1.0,0.0,0.018841859126499827,-1.2272107583846072,6.792450889488415,6.82859333063233,1.0,0.1,13.065479178316718,11.90951439178394,0.012066256805663932,48.587,81.7,83.9,89.288
Республика Ингушетия,2018,1.044780105464233,1.450291674800094,0.373767590194602,1.341112207688874,1.072726271352364,0.242139838350707,0.8551978539420292,13.09007982640413,50.93,11.94755363652492,11.92540768579171,2.239299258855354,0.7848507929068043,1,81.4,72.4,91.91,0.636161318901842,1.0,0.0,0.02214595073321135,-0.01681017392088935,6.361613189018421,6.82859333063233,1.0,0.1,13.065479178316718,11.90951439178394,0.012066256805663932,48.587,81.7,83.9,89.288
Республика Ингушетия,2019,1.454908721517379,1.525264615172426,1.262072950957618,0.9562389277552039,0.9966864052854704,0.203724067125354,1.049722481014223,13.10712384334481,52.14,11.94834953771257,11.94755363652492,0.07962180010476771,0.7848507929068043,1,81.4,72.4,83.17,0.6424674863266854,1.0,0.0,0.0007959011876490507,0.19452462707219376,6.424674863266854,6.82859333063233,1.0,0.1,13.065479178316718,11.90951439178394,0.012066256805663932,48.587,81.7,83.9,89.288
Республика Ингушетия,2020,1.052429863949617,1.564640624111112,0.4230263284704625,0.9923891258674334,0.6960112900707323,0.3583631472142996,0.7841703771097049,13.12304314630909,53.28,11.8705548310302,11.94834953771257,-7.484566494783618,0.7848507929068043,1,81.4,72.4,83.17,0.7159541363925208,1.0,1.0,-0.07779470668237032,-0.265552103904518,7.159541363925208,6.82859333063233,1.0,0.1,13.065479178316718,11.90951439178394,0.012066256805663932,48.587,81.7,83.9,89.288
Республика Ингушетия,2021,1.443697243012526,1.556691937933573,1.175010598495769,1.25351513897888,0.5564590468135204,0.1936621360089547,1.237675724860114,13.1375632714942,54.31,11.86002672711463,11.8705548310302,-1.047287740959413,0.7848507929068043,1,81.4,72.4,83.17,0.720450865082288,1.0,0.0,-0.010528103915570242,0.45350534775040907,7.20450865082288,6.82859333063233,1.0,0.1,13.065479178316718,11.90951439178394,0.012066256805663932,48.587,81.7,83.9,89.288
Республика Калмыкия,2012,0.523829967353497,0.6444674029204341,0.1469828320631759,0.3262765925251954,0.2053823758021749,0.2441365756147331,0.2938946176617804,12.56013568140487,44.68,12.79979402148668,12.7904751554333,0.9362421877466831,30.21315445326077,1,63.2,66.1,70.3,0.0,0.0,0.0,0.009318866053378727,,0.0,1.475885844675597,0.2,0.1,12.528290997617901,12.84492623117244,0.006397844955817966,45.583,68.35,60.35,73.708
Республика Калмыкия,2013,0.5376050655422316,0.7271140870077795,0.1185416936352233,0.3372732546733898,0.2073622330859873,0.08307816265011073,0.2789751315191853,12.55115414444269,44.94,12.83444330519743,12.79979402148668,3.525656378243847,30.21315445326077,1,63.2,66.1,70.3,0.0,0.0,0.0,0.03464928371075082,-0.014919486142595084,0.0,1.475885844675597,0.2,0.1,12.528290997617901,12.84492623117244,0.006397844955817966,45.583,68.35,60.35,73.708
Республика Калмыкия,2014,0.4193212487850516,0.6670339317031745,0.09303226793518024,0.4365239904545938,0.2346857830517549,0.1099999222160898,0.2836917957481674,12.54432543887614,45.16,12.88720094265238,12.83444330519743,5.41741218328764,30.21315445326077,1,63.2,66.1,70.3,0.0,0.0,0.0,0.05275763745494899,0.004716664228982093,0.0,1.475885844675597,0.2,0.1,12.528290997617901,12.84492623117244,0.006397844955817966,45.583,68.35,60.35,73.708
Республика Калмыкия,2015,0.5486448949788456,0.6444707481401799,0.2607152802689131,0.4154002356192584,0.2288714657924011,0.1579175471378597,0.3712505056617615,12.53812799921234,45.35,12.85153417821749,12.88720094265238,-3.503820049790851,30.21315445326077,1,63.2,66.1,70.3,0.0,0.0,0.0,-0.035666764434889586,0.0875587099135941,0.0,1.475885844675597,0.2,0.1,12.528290997617901,12.84492623117244,0.006397844955817966,45.583,68.35,60.35,73.708
Республика Калмыкия,2016,0.5593700857140385,0.5952916581421901,0.4287956633422105,0.4687774890866721,0.2346855715752737,0.1817677299824637,0.4575353930442559,12.53301389193407,45.47,12.83746546607898,12.85153417821749,-1.397021028037393,30.21315445326077,1,63.2,66.1,70.3,0.0,0.0,0.0,-0.014068712138509909,0.0862848873824944,0.0,1.475885844675597,0.2,0.1,12.528290997617901,12.84492623117244,0.006397844955817966,45.583,68.35,60.35,73.708
Республика Калмыкия,2017,0.5125327785728467,0.6182185280843702,0.05924050537383467,0.3074807662671939,0.2201280174329087,0.1233810808692902,0.2447904405559216,12.52701418856768,45.58,12.85835378193912,12.83746546607898,2.110800369987498,30.21315445326077,1,57.5,70.6,70.3,0.0,0.0,0.0,0.02088831586014095,-0.21274495248833428,0.0,1.475885844675597,0.2,0.1,12.528290997617901,12.84492623117244,0.006397844955817966,45.583,68.35,60.35,73.708
Республика Калмыкия,2018,0.4430487347626845,0.6234790813373949,0.1444850689112873,0.4140987250993925,0.2315104689560005,0.09230109534583539,0.2786670049670966,12.51762260033191,45.72,12.86874487050797,12.85835378193912,1.044526341227647,30.21315445326077,1,57.5,70.6,70.3,0.0,0.0,0.0,0.010391088568848517,0.03387656441117501,0.0,1.475885844675597,0.2,0.1,12.528290997617901,12.84492623117244,0.006397844955817966,45.583,68.35,60.35,73.708
Республика Калмыкия,2019,0.5894583998360095,0.606838624106615,0.5418216097163909,0.5513006891307383,0.2365689892803093,0.1980720360634254,0.5484032416329132,12.50963790960949,45.99,12.87272153983286,12.86874487050797,0.3984586765877873,30.21315445326077,1,57.5,70.6,81.66,0.0,0.0,0.0,0.003976669324890381,0.2697362366658166,0.0,1.475885844675597,0.2,0.1,12.528290997617901,12.84492623117244,0.006397844955817966,45.583,68.35,60.35,73.708
Республика Калмыкия,2020,0.3925894142937437,0.5349887508155617,0.2176094005422566,0.4738916295601789,0.2272825583966049,0.3314104056988623,0.3801679698849791,12.50440158837334,46.32,12.84852905037819,12.87272153983286,-2.390219686035622,30.21315445326077,1,57.5,70.6,81.66,0.7360008522115131,1.0,1.0,-0.024192489454669897,-0.16823527174793412,7.360008522115131,1.475885844675597,0.2,0.1,12.528290997617901,12.84492623117244,0.006397844955817966,45.583,68.35,60.35,73.708
Республика Калмыкия,2021,0.4303858600491151,0.5197637285978498,0.2178569478625819,0.3667993274068216,0.2052338474116041,0.2480001245944081,0.336748071582412,12.49747653342648,46.62,12.85445360499148,12.84852905037819,0.5942139497349341,30.21315445326077,1,57.5,70.6,81.66,0.7398849924640838,1.0,0.0,0.005924554613290667,-0.043419898302567095,7.398849924640838,1.475885844675597,0.2,0.1,12.528290997617901,12.84492623117244,0.006397844955817966,45.583,68.35,60.35,73.708
Республика Карелия,2012,0.6775120785830375,0.7686108895236504,0.3929376778591768,0.2721270195084625,0.884793320911082,0.4878345285431792,0.293946449765625,13.35407015937903,78.42,13.4095457418571,13.38136650460191,2.858002776125312,82.18881340785018,1,50.3,32.3,55.38,0.0,0.0,0.0,0.02817923725518945,,0.0,6.592661288576157,0.9,0.2,13.27598030606928,13.484420656046058,0.025210717604336,78.965,34.8,44.95,60.678
Республика Карелия,2013,0.5684612610389289,0.463689304492944,0.8001446344842256,0.4314831817187056,0.8434613389429715,0.1371644725684269,0.529741844865091,13.33878840993038,78.65,13.43180310504218,13.4095457418571,2.250690624421137,82.18881340785018,1,50.3,32.3,55.38,0.734375,1.0,1.0,0.02225736318507998,0.235795395099466,7.34375,6.592661288576157,0.9,0.2,13.27598030606928,13.484420656046058,0.025210717604336,78.965,34.8,44.95,60.678
Республика Карелия,2014,0.7434669531235791,0.6096610079177627,0.9197171353045647,0.2752112444686016,0.7631884462885099,1.327240787676414,0.561975796100886,13.32405119178925,78.87,13.44753982351639,13.43180310504218,1.586119270989106,82.18881340785018,1,50.3,32.3,55.38,0.7375687362432343,1.0,0.0,0.01573671847421032,0.03223395123579498,7.375687362432343,6.592661288576157,0.9,0.2,13.27598030606928,13.484420656046058,0.025210717604336,78.965,34.8,44.95,60.678
Республика Карелия,2015,0.8707457235045388,0.7636953155380994,1.192401954087989,0.2148994099997641,0.7134873395698409,0.343753569592188,0.4938953424517369,13.30784493612893,79.01,13.46773810044624,13.44753982351639,2.040364247157744,82.18881340785018,1,50.3,32.3,55.38,0.7331456128654494,1.0,0.0,0.020198276929850323,-0.06808045364914911,7.331456128654494,6.592661288576157,0.9,0.2,13.27598030606928,13.484420656046058,0.025210717604336,78.965,34.8,44.95,60.678
Республика Карелия,2016,0.8998943022781971,0.9958928067003952,0.5509410573009738,0.2519086191763258,0.7409594903505657,0.7647919406183462,0.3359906070945692,13.28959667677681,79.04,13.48698586013144,13.46773810044624,1.943419202558272,82.18881340785018,1,50.3,32.3,55.38,0.6144866505512955,1.0,0.0,0.019247759685200094,-0.1579047353571677,6.1448665055129545,6.592661288576157,0.9,0.2,13.27598030606928,13.484420656046058,0.025210717604336,78.965,34.8,44.95,60.678
Республика Карелия,2017,1.175808699181322,1.191882322901045,1.106868000287334,0.3607284077097747,0.7195469075385269,0.4696982805588052,0.5491576895532121,13.26874509973835,79.01,13.51381950884745,13.48698586013144,2.719691302462435,82.18881340785018,1,39.6,37.3,55.38,0.6144866505512955,1.0,0.0,0.026833648716008796,0.2131670824586429,6.1448665055129545,6.592661288576157,0.9,0.2,13.27598030606928,13.484420656046058,0.025210717604336,78.965,34.8,44.95,60.678
Республика Карелия,2018,1.334368185646374,1.348575820321555,1.310858373842388,0.9792152185844871,0.7376002481567594,0.1404036869128948,1.14580545596973,13.24570427283806,79.01,13.54780027578608,13.51381950884745,3.456470869023319,82.18881340785018,1,39.6,37.3,55.38,0.7872935659337715,1.0,1.0,0.03398076693863139,0.5966477664165178,7.872935659337715,6.592661288576157,0.9,0.2,13.27598030606928,13.484420656046058,0.025210717604336,78.965,34.8,44.95,60.678
Республика Карелия,2019,1.444571638460182,1.225867502202421,2.044009417570051,0.7730439080048971,0.7214144067001368,0.5906898522586713,1.16153689076625,13.22684590774582,79.11,13.56965414985811,13.54780027578608,2.209441906216925,82.18881340785018,1,39.6,37.3,73.04,0.7814560374525458,1.0,0.0,0.0218538740720291,0.01573143479652006,7.814560374525458,6.592661288576157,0.9,0.2,13.27598030606928,13.484420656046058,0.025210717604336,78.965,34.8,44.95,60.678
Республика Карелия,2020,1.096627157049037,1.083577539410039,1.112662500539374,0.8410178841196624,0.6558065849350063,0.6841539311738114,0.9403596437082323,13.21054456989292,79.2,13.58795349037369,13.56965414985811,1.846779944075472,82.18881340785018,1,39.6,37.3,73.04,0.7948173350016319,1.0,0.0,0.01829934051558091,-0.22117724705801767,7.948173350016319,6.592661288576157,0.9,0.2,13.27598030606928,13.484420656046058,0.025210717604336,78.965,34.8,44.95,60.678
Республика Карелия,2021,1.145190519284163,1.073340901364845,1.316039538010586,0.783833257623732,0.6349963163755757,0.7205313193432137,0.8912134883693563,13.19361183647325,79.33,13.63347368064527,13.58795349037369,4.657213497627244,82.18881340785018,1,39.6,37.3,73.04,0.7950316999769332,1.0,0.0,0.04552019027157961,-0.04914615533887601,7.950316999769332,6.592661288576157,0.9,0.2,13.27598030606928,13.484420656046058,0.025210717604336,78.965,34.8,44.95,60.678
Республика Коми,2012,0.216193310248483,0.2132238984610702,0.2254691566748017,0.3397798623710699,0.7571229358594624,0.9040185634601863,0.3191343787304949,13.68212544035532,77.18,14.00346850722662,13.96749159774507,3.663190984633036,65.07796414152824,1,72.6,58.8,65.02,0.0,0.0,0.0,0.03597690948154941,,0.0,4.22213048271865,0.6,0.2,13.602233948025196,13.96424227136382,0.0006625953060579448,77.464,48.3,56.7,66.946
Республика Коми,2013,0.3238038561035882,0.09383617586685533,0.8323339026647656,0.30148502836741,0.7481108891757084,1.030158044897441,0.4429712085197934,13.66427362903892,77.25,13.98776353501418,14.00346850722662,-1.558229220467966,65.07796414152824,1,72.6,58.8,65.02,0.0,0.0,0.0,-0.015704972212439827,0.1238368297892985,0.0,4.22213048271865,0.6,0.2,13.602233948025196,13.96424227136382,0.0006625953060579448,77.464,48.3,56.7,66.946
Республика Коми,2014,0.2863664993969524,0.1123645431134742,0.5155631651178839,0.2736760691321328,0.7449499719821696,0.3268553676548639,0.3813006007497091,13.64719485961932,77.37,13.9608904169046,13.98776353501418,-2.65152487258703,65.07796414152824,1,72.6,58.8,65.02,0.0,0.0,0.0,-0.026873118109579153,-0.06167060777008426,0.0,4.22213048271865,0.6,0.2,13.602233948025196,13.96424227136382,0.0006625953060579448,77.464,48.3,56.7,66.946
Республика Коми,2015,0.1916955840748148,0.04771358153256363,0.6243208219358093,0.2627606324934136,0.6715083249602585,0.4473839462531812,0.3659560899385747,13.63047652573275,77.49,13.9604625919562,13.9608904169046,-0.04277334443540948,65.07796414152824,1,72.6,58.8,65.02,0.0,0.0,0.0,-0.000427824948401323,-0.015344510811134415,0.0,4.22213048271865,0.6,0.2,13.602233948025196,13.96424227136382,0.0006625953060579448,77.464,48.3,56.7,66.946
Республика Коми,2016,0.1720230646351859,0.1148576422788399,0.3798185896988851,0.2540933316885126,0.6795172915291556,0.6080550623693955,0.2894447794824127,13.61435841329071,77.56,13.96146706658819,13.9604625919562,0.1004979285585295,65.07796414152824,1,72.6,58.8,65.02,0.7305563512109862,1.0,1.0,0.001004474631990604,-0.076511310456162,7.305563512109861,4.22213048271865,0.6,0.2,13.602233948025196,13.96424227136382,0.0006625953060579448,77.464,48.3,56.7,66.946
Республика Коми,2017,0.1200951553890511,0.04884466505187141,0.4256926165487782,0.3313584414877938,0.6809321164897196,0.912180033869429,0.3551814915401694,13.59692286295865,77.6,13.94120074973624,13.96146706658819,-2.006233536115787,65.07796414152824,1,40.8,37.8,65.02,0.734693667638542,1.0,0.0,-0.02026631685195035,0.06573671205775672,7.34693667638542,4.22213048271865,0.6,0.2,13.602233948025196,13.96424227136382,0.0006625953060579448,77.464,48.3,56.7,66.946
Республика Коми,2018,0.3722298637045225,0.04685645268535615,0.9106352938810415,0.370648287472007,0.6994769305673125,0.1959377878559764,0.6418933355197294,13.57656912464606,77.61,13.94846924850018,13.94120074973624,0.7294978417978992,65.07796414152824,1,40.8,37.8,65.02,0.6867476406458436,1.0,0.0,0.007268498763940201,0.28671184397955995,6.867476406458436,4.22213048271865,0.6,0.2,13.602233948025196,13.96424227136382,0.0006625953060579448,77.464,48.3,56.7,66.946
Республика Коми,2019,0.1925433582299955,0.05142976561021178,0.5793161921123999,0.4122905444938175,0.7264761239778279,0.3155882491408377,0.4633448740980807,13.55577433716289,77.56,13.97822377735482,13.94846924850018,3.020161814185984,65.07796414152824,1,40.8,37.8,71.44,0.6982240334635172,1.0,0.0,0.029754528854640583,-0.1785484614216487,6.982240334635172,4.22213048271865,0.6,0.2,13.602233948025196,13.96424227136382,0.0006625953060579448,77.464,48.3,56.7,66.946
Республика Коми,2020,0.8240164308816538,0.04296001338399377,1.783776960759459,0.5215921488020931,0.6843539325755343,0.6694859240124023,0.9831792834872118,13.5370075619297,77.5,13.9329852226121,13.97822377735482,-4.4230548700252,65.07796414152824,1,40.8,37.8,71.44,0.6982240334635172,1.0,0.0,-0.04523855474272054,0.5198344093891312,6.982240334635172,4.22213048271865,0.6,0.2,13.602233948025196,13.96424227136382,0.0006625953060579448,77.464,48.3,56.7,66.946
Республика Коми,2021,0.2561770220926091,0.04331059743989389,0.7623456117788818,0.5466074977417087,0.6911471662411444,0.6063247640100535,0.5901357485716283,13.51763672551765,77.52,13.97411755080565,13.9329852226121,4.198998107476459,65.07796414152824,1,40.8,37.8,71.44,0.6736847562962441,1.0,1.0,0.04113232819354984,-0.3930435349155835,6.736847562962441,4.22213048271865,0.6,0.2,13.602233948025196,13.96424227136382,0.0006625953060579448,77.464,48.3,56.7,66.946
Республика Марий Эл,2012,0.991465588125833,1.270967830522221,0.1183566824258596,0.426325338198508,0.4617029901889408,0.1504373747168301,0.3707035851366542,13.44750307121454,64.12,12.62290987290366,12.5263928136542,10.13283688189199,47.40038953391814,1,71.3,52.2,59.98,0.7114841343373648,1.0,0.0,0.09651705924946086,,7.114841343373648,5.626577630900743,0.8,0.1,13.439098279595418,12.678866506020535,0.01923977640964498,66.176,49.45,62.35,64.18299999999999
Республика Марий Эл,2013,1.076332834978171,1.358498763549795,0.4523762309597492,0.5206012940756702,0.4237863745721185,0.1149715212554034,0.5024173927088194,13.44542031567131,64.69,12.64381438268747,12.62290987290366,2.112453957884508,47.40038953391814,1,71.3,52.2,59.98,0.69940476190476,1.0,0.0,0.020904509783809644,0.13171380757216516,6.9940476190476,5.626577630900743,0.8,0.1,13.439098279595418,12.678866506020535,0.01923977640964498,66.176,49.45,62.35,64.18299999999999
Республика Марий Эл,2014,0.830191980286144,1.218289927264645,0.3189864897243285,0.6601951149023921,0.4226814327043011,0.117181005553502,0.508378754798464,13.44393805149174,65.17,12.70356555499102,12.64381438268747,6.157236507266761,47.40038953391814,1,71.3,52.2,59.98,0.7063488955556908,1.0,0.0,0.05975117230354954,0.005961362089644595,7.063488955556908,5.626577630900743,0.8,0.1,13.439098279595418,12.678866506020535,0.01923977640964498,66.176,49.45,62.35,64.18299999999999
Республика Марий Эл,2015,0.8648149152353752,1.066945920180534,0.2574683542107093,0.7916846607171393,0.3992791284505134,0.2010689460981733,0.6392101966186006,13.44252619266073,65.58,12.7364760808814,12.70356555499102,3.345806736404322,47.40038953391814,1,71.3,52.2,59.98,0.7016124682260754,1.0,0.0,0.03291052589038124,0.13083144182013662,7.016124682260754,5.626577630900743,0.8,0.1,13.439098279595418,12.678866506020535,0.01923977640964498,66.176,49.45,62.35,64.18299999999999
Республика Марий Эл,2016,0.8384544272691461,0.8955288008628524,0.630989863207033,0.5653364427415793,0.3965945116391754,0.3030986429380436,0.5837968818196521,13.44116468447498,65.95,12.68338140327109,12.7364760808814,-5.170977362051588,47.40038953391814,1,71.3,52.2,59.98,0.0,0.0,0.0,-0.053094677610310725,-0.05541331479894851,0.0,5.626577630900743,0.8,0.1,13.439098279595418,12.678866506020535,0.01923977640964498,66.176,49.45,62.35,64.18299999999999
Республика Марий Эл,2017,0.8045277806086526,0.9440979312453459,0.2059033573041932,0.5928855549516544,0.397653074505104,0.1251602348014389,0.4951574913100959,13.43922893895804,66.3,12.70020576128178,12.68338140327109,1.696668458601214,47.40038953391814,1,53.4,46.7,59.98,0.0,0.0,0.0,0.016824358010689267,-0.08863939050955616,0.0,5.626577630900743,0.8,0.1,13.439098279595418,12.678866506020535,0.01923977640964498,66.176,49.45,62.35,64.18299999999999
Республика Марий Эл,2018,0.6998871844308361,0.9269607670288277,0.3241415156699866,0.4847223483474095,0.4089800792584158,0.1883011061583047,0.4040597487697133,13.43672438109172,66.76,12.72544980611759,12.70020576128178,2.556537391995195,47.40038953391814,1,53.4,46.7,59.98,0.6934313159805964,1.0,1.0,0.025244044835810442,-0.09109774254038261,6.9343131598059635,5.626577630900743,0.8,0.1,13.439098279595418,12.678866506020535,0.01923977640964498,66.176,49.45,62.35,64.18299999999999
Республика Марий Эл,2019,0.8483127829885804,1.02239579940883,0.3711753198876817,0.4419696923766608,0.4267206777354212,0.5385152131643114,0.4203301461230637,13.43525402687492,67.25,12.73488832998357,12.72544980611759,0.9483207203306865,47.40038953391814,1,53.4,46.7,73.99,0.6968495767047301,1.0,0.0,0.00943852386597932,0.016270397353350396,6.968495767047301,5.626577630900743,0.8,0.1,13.439098279595418,12.678866506020535,0.01923977640964498,66.176,49.45,62.35,64.18299999999999
Республика Марий Эл,2020,0.7509952135765803,1.000582114517419,0.4443033396848249,0.75652591314167,0.3962516335675886,0.5809557396888541,0.6423445969820623,13.43221732708531,67.71,12.71158105443357,12.73488832998357,-2.303775896293037,47.40038953391814,1,53.4,46.7,73.99,0.7063347909899357,1.0,0.0,-0.023307275549999673,0.22201445085899857,7.063347909899357,5.626577630900743,0.8,0.1,13.439098279595418,12.678866506020535,0.01923977640964498,66.176,49.45,62.35,64.18299999999999
Республика Марий Эл,2021,0.9594133984501159,1.005938993451928,0.8487816027369005,0.7451433094051171,0.4310366452440572,0.5776150033381604,0.7660538177214795,13.42700580643091,68.23,12.71879057775065,12.71158105443357,0.7235574498207997,47.40038953391814,1,53.4,46.7,73.99,0.7111116872015905,1.0,0.0,0.007209523317079913,0.12370922073941726,7.111116872015905,5.626577630900743,0.8,0.1,13.439098279595418,12.678866506020535,0.01923977640964498,66.176,49.45,62.35,64.18299999999999
Республика Мордовия,2012,0.9660961459755526,1.094269322542325,0.5657088683178826,2.142315543167468,0.6549391089086141,0.7507990742948082,1.857566996520267,13.62111115676431,60.88,12.5989238286368,12.57035222874741,2.898368331493262,53.35929928018452,1,94.2,91.6,87.06,0.0,0.0,0.0,0.028571599889389176,,0.0,0.680851615405779,0.1,0.2,13.602410763003665,12.723619405439708,0.02969477876152098,62.263999999999996,88.0,88.6,86.547
Республика Мордовия,2013,0.8877532676638809,1.166067950387722,0.2723129657113681,1.314115800914291,0.5703757310211338,0.7033860668745524,1.036445995510846,13.61422389505534,61.11,12.63050370293614,12.5989238286368,3.208380927455567,53.35929928018452,1,94.2,91.6,87.06,0.0,0.0,1.0,0.03157987429934117,-0.821121001009421,0.0,0.680851615405779,0.1,0.2,13.602410763003665,12.723619405439708,0.02969477876152098,62.263999999999996,88.0,88.6,86.547
Республика Мордовия,2014,0.6466181318907124,0.9680657849249671,0.2232049022185041,0.9811737252810032,0.4461148367147256,0.1331121850103528,0.6439253109727328,13.60950800672173,61.43,12.71310612992682,12.63050370293614,8.610991471202256,53.35929928018452,1,94.2,91.6,87.06,0.0,0.0,0.0,0.08260242699067888,-0.3925206845381133,0.0,0.680851615405779,0.1,0.2,13.602410763003665,12.723619405439708,0.02969477876152098,62.263999999999996,88.0,88.6,86.547
Республика Мордовия,2015,0.7519657889298057,0.8391195783262935,0.4900932756823389,1.069156432734934,0.4576822473454896,0.6868009330351666,0.9038819110188138,13.60791180774586,61.83,12.72564226894102,12.71310612992682,1.261504578890915,53.35929928018452,1,94.2,91.6,87.06,0.0,0.0,0.0,0.012536139014200032,0.259956600046081,0.0,0.680851615405779,0.1,0.2,13.602410763003665,12.723619405439708,0.02969477876152098,62.263999999999996,88.0,88.6,86.547
Республика Мордовия,2016,0.7279100231601453,0.7277235302126236,0.728587922462794,1.281360494219524,0.4264594532574514,0.9214314014895839,1.125931815673915,13.60893770118721,62.26,12.75998351933696,12.72564226894102,3.493771938128787,53.35929928018452,1,94.2,91.6,87.06,0.0,0.0,0.0,0.03434125039593994,0.22204990465510133,0.0,0.680851615405779,0.1,0.2,13.602410763003665,12.723619405439708,0.02969477876152098,62.263999999999996,88.0,88.6,86.547
Республика Мордовия,2017,0.4254025529915948,0.4115062611449937,0.4850045499429046,0.8681429560176743,0.4226523746202771,1.531690778857121,0.7713855993226485,13.60859708351004,62.62,12.78793930404711,12.75998351933696,2.835021461338871,53.35929928018452,1,83.0,84.4,87.06,0.0,0.0,0.0,0.027955784710151477,-0.3545462163512666,0.0,0.680851615405779,0.1,0.2,13.602410763003665,12.723619405439708,0.02969477876152098,62.263999999999996,88.0,88.6,86.547
Республика Мордовия,2018,0.424125044874299,0.4139604443767935,0.4409447231826452,0.9698573097777533,0.4283855222177633,0.7948339143288413,0.7041751391675922,13.60179368557,62.86,12.79474270198715,12.78793930404711,0.6826593625127941,53.35929928018452,1,83.0,84.4,87.06,0.0,0.0,0.0,0.0068033979400397016,-0.06721046015505627,0.0,0.680851615405779,0.1,0.2,13.602410763003665,12.723619405439708,0.02969477876152098,62.263999999999996,88.0,88.6,86.547
Республика Мордовия,2019,0.6214621681514442,0.4157915548947736,1.185176863942287,0.7915263925717685,0.4433974172067001,0.7341892289906297,0.9118525891815166,13.59381970097853,63.1,12.82643321319594,12.79474270198715,3.219800215436819,53.35929928018452,1,83.0,84.4,85.35,0.0,0.0,0.0,0.031690511208790184,0.20767745001392435,0.0,0.680851615405779,0.1,0.2,13.602410763003665,12.723619405439708,0.02969477876152098,62.263999999999996,88.0,88.6,86.547
Республика Мордовия,2020,0.7695768080981367,0.4318719260738382,1.184547877092565,0.7142040343550939,0.4123876722223234,0.6585790784248315,0.8862110690058251,13.58466114259577,63.22,12.82856715664173,12.82643321319594,0.2136221923540349,53.35929928018452,1,83.0,84.4,85.35,0.0,0.0,0.0,0.0021339434457896544,-0.025641520175691435,0.0,0.680851615405779,0.1,0.2,13.602410763003665,12.723619405439708,0.02969477876152098,62.263999999999996,88.0,88.6,86.547
Республика Мордовия,2021,1.129662753302264,0.434103489713172,2.783611947349679,0.7527514590841883,0.4132202853777313,0.6424841370008881,1.162506615832065,13.57354344990785,63.33,12.86730001636262,12.82856715664173,3.949275617069303,53.35929928018452,1,83.0,84.4,85.35,0.680851615405779,1.0,1.0,0.03873285972088958,0.2762955468262398,6.80851615405779,0.680851615405779,0.1,0.2,13.602410763003665,12.723619405439708,0.02969477876152098,62.263999999999996,88.0,88.6,86.547
Республика Саха (Якутия),2012,8.18859480857056,10.80742525620207,0.007894121731036732,0.8474551904981614,0.9085447253959541,1.349095817804181,0.6958233358532371,13.7708980552027,64.74,14.14250884521778,14.11004344468572,3.299815133923367,37.83701950647506,0,60.1,49.2,69.46,0.0,0.0,0.0,0.03246540053205926,,0.0,2.1237409083227794,0.3,0.1,13.783010412041786,14.202154809336957,0.02271373016148992,65.633,47.8,54.1,67.93599999999999
Республика Саха (Якутия),2013,8.694600475951471,11.77233705694037,1.888767911905272,1.107418374554491,0.9785355689143214,3.003664564001708,1.315670038551935,13.77084158998787,65.07,14.15152505180409,14.14250884521778,0.9056975010300006,37.83701950647506,0,60.1,49.2,69.46,0.0,0.0,0.0,0.00901620658630975,0.619846702698698,0.0,2.1237409083227794,0.3,0.1,13.783010412041786,14.202154809336957,0.02271373016148992,65.633,47.8,54.1,67.93599999999999
Республика Саха (Якутия),2014,6.757581343649551,11.17867183422447,0.9340882006215872,0.9834349774883764,1.182489383090056,1.274076799770432,0.9614787680201455,13.77217290181906,65.28,14.18169240703227,14.15152505180409,3.062700033834997,37.83701950647506,0,60.1,49.2,69.46,0.0,0.0,0.0,0.030167355228179815,-0.35419127053178956,0.0,2.1237409083227794,0.3,0.1,13.783010412041786,14.202154809336957,0.02271373016148992,65.633,47.8,54.1,67.93599999999999
Республика Саха (Якутия),2015,7.510882580410253,9.716416643013767,0.8838758601476185,0.9738858694970743,1.144835505958624,0.8942482331253234,0.9481954744793448,13.77546014070171,65.4,14.19526228521604,14.18169240703227,1.366236686057998,37.83701950647506,0,60.1,49.2,69.46,0.0,0.0,0.0,0.013569878183771422,-0.013283293540800711,0.0,2.1237409083227794,0.3,0.1,13.783010412041786,14.202154809336957,0.02271373016148992,65.633,47.8,54.1,67.93599999999999
Республика Саха (Якутия),2016,7.24971464247144,8.276895216745299,3.515927363931834,0.7579122341924797,1.096601155104152,0.935565325468359,1.5334113615494,13.77925105609396,65.5,14.23069208297708,14.19526228521604,3.60649114984597,37.83701950647506,0,60.1,49.2,69.46,0.0,0.0,0.0,0.03542979776104005,0.5852158870700552,0.0,2.1237409083227794,0.3,0.1,13.783010412041786,14.202154809336957,0.02271373016148992,65.633,47.8,54.1,67.93599999999999
Республика Саха (Якутия),2017,5.109973454258395,5.76135816692276,2.316146864624183,0.9509260910813838,1.118716261066151,0.8603218599681587,1.295697461580224,13.78211818697893,65.6,14.23480056582853,14.23069208297708,0.4116934237287095,37.83701950647506,0,48.1,46.4,69.46,0.0,0.0,0.0,0.004108482851449935,-0.23771389996917613,0.0,2.1237409083227794,0.3,0.1,13.783010412041786,14.202154809336957,0.02271373016148992,65.633,47.8,54.1,67.93599999999999
Республика Саха (Якутия),2018,4.587440807321137,6.689682000784567,1.108797390957874,0.8827131182301541,1.274791716088099,1.363478525549939,0.996279257213158,13.78477502364503,65.8,14.27040244127952,14.23480056582853,3.624321049527079,37.83701950647506,0,48.1,46.4,69.46,0.0,0.0,0.0,0.035601875450989695,-0.2994182043670659,0.0,2.1237409083227794,0.3,0.1,13.783010412041786,14.202154809336957,0.02271373016148992,65.633,47.8,54.1,67.93599999999999
Республика Саха (Якутия),2019,5.232860486550133,6.742635177919432,1.094776939359866,1.204781660883936,1.36584515190272,0.9903776138090823,1.171156781167618,13.78922920900036,66.04,14.30516896907747,14.27040244127952,3.537794860896781,37.83701950647506,0,48.1,46.4,64.38,0.6927584832994201,1.0,1.0,0.03476652779795053,0.17487752395446,6.927584832994201,2.1237409083227794,0.3,0.1,13.783010412041786,14.202154809336957,0.02271373016148992,65.633,47.8,54.1,67.93599999999999
Республика Саха (Якутия),2020,4.651614399720093,7.041129503762622,1.715383122401712,1.697623738544398,1.325300705441571,1.102487411875751,1.704118431738937,13.79733334895977,66.24,14.19945200025106,14.30516896907747,-10.03207506820353,37.83701950647506,0,48.1,46.4,64.38,0.7145639341859347,1.0,0.0,-0.10571696882641035,0.5329616505713191,7.145639341859347,2.1237409083227794,0.3,0.1,13.783010412041786,14.202154809336957,0.02271373016148992,65.633,47.8,54.1,67.93599999999999
Республика Саха (Якутия),2021,5.522150961923592,7.183495061546987,1.571691413115376,1.972978015536923,1.721614675954103,1.407752122311695,1.892012702741607,13.80802460802848,66.66,14.33718074630062,14.19945200025106,14.76641996006214,37.83701950647506,0,48.1,46.4,64.38,0.7164184908374245,1.0,0.0,0.1377287460495591,0.18789427100266987,7.164184908374245,2.1237409083227794,0.3,0.1,13.783010412041786,14.202154809336957,0.02271373016148992,65.633,47.8,54.1,67.93599999999999
Республика Северная Осетия - Алания,2012,1.427989780586851,1.663523180138526,0.6922307148448616,0.6070985776240582,0.451175056107644,0.3031796291598853,0.6224741641500422,13.46957488393804,63.78,12.52131837073441,12.50100719140863,2.051885499139261,20.82180223463845,1,85.8,67.9,70.06,0.0,0.0,0.0,0.02031117932577864,,0.0,0.0,0.0,0.1,13.459118731636224,12.517267381598192,0.006880711986072896,63.608000000000004,67.5,85.7,73.495
Республика Северная Осетия - Алания,2013,1.466937340513005,1.933774862470538,0.4346144222090806,0.5798452715001539,0.4238820961284429,0.175688334778849,0.5411371586993525,13.46599563408053,63.72,12.5602647644292,12.52131837073441,3.971474689020349,20.82180223463845,1,85.8,67.9,70.06,0.0,0.0,0.0,0.038946393694789805,-0.08133700545068967,0.0,0.0,0.0,0.1,13.459118731636224,12.517267381598192,0.006880711986072896,63.608000000000004,67.5,85.7,73.495
Республика Северная Осетия - Алания,2014,1.167784745733229,1.800833937689462,0.3339276608317364,0.7719280092655209,0.4826066713789351,0.1617149979689965,0.5770454250730259,13.46502499167751,63.71,12.57612401932598,12.5602647644292,1.598568033324543,20.82180223463845,1,85.8,67.9,70.06,0.0,0.0,0.0,0.015859254896779973,0.03590826637367339,0.0,0.0,0.0,0.1,13.459118731636224,12.517267381598192,0.006880711986072896,63.608000000000004,67.5,85.7,73.495
Республика Северная Осетия - Алания,2015,1.335102879982758,1.630253311860828,0.4482592221543774,0.6448740705019438,0.4682807298338586,0.2778815530558043,0.5887568324646774,13.46469697407238,63.69,12.55010806159151,12.57612401932598,-2.568045844783862,20.82180223463845,1,85.8,67.9,70.06,0.0,0.0,0.0,-0.026015957734468742,0.01171140739165144,0.0,0.0,0.0,0.1,13.459118731636224,12.517267381598192,0.006880711986072896,63.608000000000004,67.5,85.7,73.495
Республика Северная Осетия - Алания,2016,1.433170028061484,1.5144314561403,1.137785853169812,0.2099289558614193,0.5062966480854353,0.2841925427964238,0.4708239039767908,13.46308656591308,63.66,12.50672110382007,12.55010806159151,-4.245920948189297,20.82180223463845,1,85.8,67.9,70.06,0.0,0.0,0.0,-0.04338695777144075,-0.11793292848788656,0.0,0.0,0.0,0.1,13.459118731636224,12.517267381598192,0.006880711986072896,63.608000000000004,67.5,85.7,73.495
Республика Северная Осетия - Алания,2017,1.092652018460426,1.304598947423281,0.1835994198728836,0.6163252731440308,0.4989125305532504,0.4478924483306419,0.5070451564231168,13.46117858141828,63.63,12.49351545050482,12.50672110382007,-1.311884123242368,20.82180223463845,1,85.6,67.1,70.06,0.0,0.0,1.0,-0.013205653315250032,0.03622125244632596,0.0,0.0,0.0,0.1,13.459118731636224,12.517267381598192,0.006880711986072896,63.608000000000004,67.5,85.7,73.495
Республика Северная Осетия - Алания,2018,0.9438745021724568,1.390016742326654,0.2056291612955178,1.02291435244941,0.4651950900417968,0.5117218730289175,0.6123775093178448,13.45774930992512,63.6,12.48284579761848,12.49351545050482,-1.061293404267472,20.82180223463845,1,85.6,67.1,70.06,0.0,0.0,0.0,-0.01066965288633881,0.10533235289472809,0.0,0.0,0.0,0.1,13.459118731636224,12.517267381598192,0.006880711986072896,63.608000000000004,67.5,85.7,73.495
Республика Северная Осетия - Алания,2019,1.112442153415368,1.424828235395901,0.256235122257313,1.260673636549926,0.5133337711130478,0.4480676775222336,0.9536493219786933,13.4536005061582,63.55,12.47896242968814,12.48284579761848,-0.3875837408181093,20.82180223463845,1,85.6,67.1,81.51,0.0,0.0,0.0,-0.0038833679303404978,0.3412718126608485,0.0,0.0,0.0,0.1,13.459118731636224,12.517267381598192,0.006880711986072896,63.608000000000004,67.5,85.7,73.495
Республика Северная Осетия - Алания,2020,0.9518711204275219,1.472324778144251,0.3123387292753215,1.036609485625817,0.4887007396646204,0.6634206908365975,0.7717401416177851,13.44859622711398,63.45,12.50180662686069,12.47896242968814,2.310712414612315,20.82180223463845,1,85.6,67.1,81.51,0.0,0.0,0.0,0.022844197172549485,-0.1819091803609082,0.0,0.0,0.0,0.1,13.459118731636224,12.517267381598192,0.006880711986072896,63.608000000000004,67.5,85.7,73.495
Республика Северная Осетия - Алания,2021,1.207974750614357,1.460820038018802,0.6067416404931745,0.9725464631750592,0.505361103166292,0.412492705348213,0.8987401070401961,13.44168364206512,63.29,12.56981431126936,12.50180662686069,7.037353363484145,20.82180223463845,1,85.6,67.1,81.51,0.0,0.0,0.0,0.06800768440866989,0.126999965422411,0.0,0.0,0.0,0.1,13.459118731636224,12.517267381598192,0.006880711986072896,63.608000000000004,67.5,85.7,73.495
Республика Татарстан,2012,0.3726361329154355,0.0,1.536676619476735,5.314974788196601,2.888005250453586,2.096148069395488,4.632582071290587,15.15756511132205,75.8,13.61204384359244,13.56556630017936,4.757455385536846,39.71417582522228,1,79.5,77.8,82.7,0.7195462775026603,1.0,0.0,0.04647754341308108,,7.195462775026603,7.09860463667785,1.0,0.0,15.184503930198208,13.640173051577909,0.012615270710136173,76.46900000000001,81.55,79.15,82.51700000000001
Республика Татарстан,2013,0.5762195743187009,0.0,1.850420221366607,3.767098084080779,2.617276752272263,5.255330499892866,3.256249436738336,15.16474692556589,76.0,13.62857855596592,13.61204384359244,1.66721672775143,39.71417582522228,1,79.5,77.8,82.7,0.7078313253012025,1.0,0.0,0.016534712373479366,-1.3763326345522509,7.078313253012025,7.09860463667785,1.0,0.0,15.184503930198208,13.640173051577909,0.012615270710136173,76.46900000000001,81.55,79.15,82.51700000000001
Республика Татарстан,2014,0.4555678085155974,0.0,1.0556451004712,3.678083459720209,2.264570535742349,1.295725120862216,2.511263464796769,15.17161448990832,76.18,13.64249353080602,13.62857855596592,1.401223872036472,39.71417582522228,1,79.5,77.8,82.7,0.7139034291979991,1.0,0.0,0.013914974840099958,-0.744985971941567,7.139034291979991,7.09860463667785,1.0,0.0,15.184503930198208,13.640173051577909,0.012615270710136173,76.46900000000001,81.55,79.15,82.51700000000001
Республика Татарстан,2015,0.2532835848900072,0.0,1.014329196317516,4.048267676716287,2.347902169975631,2.328882299505969,3.182329781761428,15.17822841466328,76.33,13.63587960605105,13.64249353080602,-0.6592100894927122,39.71417582522228,1,79.5,77.8,82.7,0.7092386907067928,1.0,0.0,-0.006613924754969247,0.6710663169646587,7.092386907067928,7.09860463667785,1.0,0.0,15.184503930198208,13.640173051577909,0.012615270710136173,76.46900000000001,81.55,79.15,82.51700000000001
Республика Татарстан,2016,0.2318383005716438,0.0,1.074567338710421,3.495406282214437,2.052874589024416,1.806980163740152,2.814714407860421,15.18489296476421,76.48,13.6391653868033,13.63587960605105,0.3291184847089568,39.71417582522228,1,79.5,77.8,82.7,0.7205487299615212,1.0,0.0,0.003285780752250389,-0.36761537390100685,7.205487299615212,7.09860463667785,1.0,0.0,15.184503930198208,13.640173051577909,0.012615270710136173,76.46900000000001,81.55,79.15,82.51700000000001
Республика Татарстан,2017,0.3524761362494179,0.0,1.864266607409224,3.108155081631494,2.005466662396396,1.967709664214671,2.794024838145363,15.19093707744668,76.65,13.65292390141701,13.6391653868033,1.385359854669121,39.71417582522228,1,78.8,85.3,82.7,0.7272725194805767,1.0,0.0,0.013758514613709139,-0.020689569715057754,7.272725194805767,7.09860463667785,1.0,0.0,15.184503930198208,13.640173051577909,0.012615270710136173,76.46900000000001,81.55,79.15,82.51700000000001
Республика Татарстан,2018,0.6349547905308266,0.0,1.685634088718021,2.000067841981608,2.035517833795818,6.417643015440542,1.842122192364992,15.19537806100381,76.79,13.67024440964139,13.65292390141701,1.747137801541143,39.71417582522228,1,78.8,85.3,82.7,0.6818188298278127,1.0,0.0,0.017320508224379694,-0.9519026457803712,6.818188298278127,7.09860463667785,1.0,0.0,15.184503930198208,13.640173051577909,0.012615270710136173,76.46900000000001,81.55,79.15,82.51700000000001
Республика Татарстан,2019,0.1209673884212788,0.0,0.4525222638833055,2.092846639291404,2.016906434638346,2.811827881124138,1.59145261679234,15.19908923494974,76.84,13.69414840272843,13.67024440964139,2.419198365968489,39.71417582522228,1,78.8,85.3,82.09,0.7023801289007996,1.0,0.0,0.02390399308704083,-0.250669575572652,7.023801289007996,7.09860463667785,1.0,0.0,15.184503930198208,13.640173051577909,0.012615270710136173,76.46900000000001,81.55,79.15,82.51700000000001
Республика Татарстан,2020,1.94159677613033,0.0,4.327426927347885,2.078692811626231,2.262003408362348,2.55621288236134,2.901065832844057,15.20106039199264,76.83,13.66068657859416,13.69414840272843,-3.290816990545198,39.71417582522228,1,78.8,85.3,82.09,0.7036337019230516,1.0,0.0,-0.03346182413427101,1.3096132160517169,7.036337019230516,7.09860463667785,1.0,0.0,15.184503930198208,13.640173051577909,0.012615270710136173,76.46900000000001,81.55,79.15,82.51700000000001
Республика Татарстан,2021,0.08463303010802173,0.0,0.2858793354403116,1.875168516855009,2.189545930526581,4.059956210675614,1.554506688329075,15.20152663036545,76.79,13.69171900728072,13.66068657859416,3.151895414899197,39.71417582522228,1,78.8,85.3,82.09,0.7124310038754332,1.0,0.0,0.03103242868656153,-1.3465591445149818,7.1243100387543326,7.09860463667785,1.0,0.0,15.184503930198208,13.640173051577909,0.012615270710136173,76.46900000000001,81.55,79.15,82.51700000000001
Республика Тыва,2012,1.810200460653975,2.373061764738463,0.05193471989790641,0.5271723819666226,0.2899405525388715,1.137474984636539,0.4413404267016919,12.64560740229604,53.97,12.56303321200634,12.54712404449123,1.603639210430496,16.26883698581899,1,86.1,85.3,90.0,0.6920976456633207,1.0,0.0,0.015909167515109957,,6.920976456633206,6.909227620251606,1.0,0.0,12.68017391648718,12.577339800353524,-0.0029048978322650854,54.451,83.95,88.1,90.59400000000001
Республика Тыва,2013,1.889138456882149,2.589916257068564,0.3395008426270238,0.5252074078533036,0.2809538814026014,0.5108012566784056,0.4757113764679796,12.65057896350238,54.29,12.56801198165316,12.56303321200634,0.4991184315134012,16.26883698581899,1,86.1,85.3,90.0,0.6891495601173,1.0,0.0,0.0049787696468204246,0.03437094976628774,6.891495601173,6.909227620251606,1.0,0.0,12.68017391648718,12.577339800353524,-0.0029048978322650854,54.451,83.95,88.1,90.59400000000001
Республика Тыва,2014,1.586861756675942,2.635999035495684,0.2049303616215766,0.5219749105432837,0.4932840687727673,0.3440687292127512,0.3809100433144239,12.65688071317806,54.38,12.60668359762022,12.56801198165316,3.9429095681647,16.26883698581899,1,86.1,85.3,90.0,0.7139034291979991,1.0,0.0,0.03867161596705948,-0.09480133315355571,7.139034291979991,6.909227620251606,1.0,0.0,12.68017391648718,12.577339800353524,-0.0029048978322650854,54.451,83.95,88.1,90.59400000000001
Республика Тыва,2015,1.911653244406595,2.490403181557971,0.1726731996702706,0.2492393426150763,0.4793309141302495,0.1411110754236278,0.2273860568366108,12.66401634528347,54.59,12.58544904113531,12.60668359762022,-2.101069065421746,16.26883698581899,1,86.1,85.3,90.0,0.7035036069544477,1.0,0.0,-0.02123455648490946,-0.1535239864778131,7.035036069544477,6.909227620251606,1.0,0.0,12.68017391648718,12.577339800353524,-0.0029048978322650854,54.451,83.95,88.1,90.59400000000001
Республика Тыва,2016,2.08118904170584,2.593962053347822,0.2172661876343979,0.499053884827403,0.4891079050034006,0.2495825626292633,0.4198207758727965,12.67242587014876,54.63,12.58797945630835,12.58544904113531,0.2533619375600038,16.26883698581899,1,86.1,85.3,90.0,0.708895650770768,1.0,0.0,0.002530415173039202,0.19243471903618567,7.08895650770768,6.909227620251606,1.0,0.0,12.68017391648718,12.577339800353524,-0.0029048978322650854,54.451,83.95,88.1,90.59400000000001
Республика Тыва,2017,1.942772664000221,2.352757594267661,0.1843236595012444,0.3834699312067266,0.4980227756053403,0.2135685083184986,0.3331777481721406,12.68280980360142,54.48,12.59641727709628,12.58797945630835,0.847351953365072,16.26883698581899,1,90.1,82.6,90.0,0.7041562780300935,1.0,0.0,0.008437820787930761,-0.0866430277006559,7.041562780300935,6.909227620251606,1.0,0.0,12.68017391648718,12.577339800353524,-0.0029048978322650854,54.451,83.95,88.1,90.59400000000001
Республика Тыва,2018,1.752192431805088,2.438329687354789,0.6168199283259601,0.4972144250253126,0.5253051019795513,0.2043085123810512,0.5572943901068823,12.69279818112852,54.47,12.58642889956918,12.59641727709628,-0.9938659356599322,16.26883698581899,1,90.1,82.6,90.0,0.6627913276000599,1.0,0.0,-0.009988377527101022,0.22411664193474173,6.627913276000599,6.909227620251606,1.0,0.0,12.68017391648718,12.577339800353524,-0.0029048978322650854,54.451,83.95,88.1,90.59400000000001
Республика Тыва,2019,1.963355048875166,2.498183664764353,0.4974638078646642,0.6285841225775,0.5516147966568478,0.2919845537012736,0.5885048900727367,12.70221905487711,54.53,12.59484794394892,12.58642889956918,0.8454584200976667,16.26883698581899,1,90.1,82.6,91.98,0.6742849237447687,1.0,0.0,0.008419044379740726,0.031210499965854344,6.742849237447687,6.909227620251606,1.0,0.0,12.68017391648718,12.577339800353524,-0.0029048978322650854,54.451,83.95,88.1,90.59400000000001
Республика Тыва,2020,1.610702945139413,2.580969049227311,0.4184419389942774,0.6902595566722539,0.5800664655259108,0.9599006971796794,0.590854529680731,12.71255284158593,54.52,12.53742254970625,12.59484794394892,-5.580767005736876,16.26883698581899,1,90.1,82.6,91.98,0.6802225990864245,1.0,0.0,-0.05742539424267079,0.0023496396079943915,6.802225990864245,6.909227620251606,1.0,0.0,12.68017391648718,12.577339800353524,-0.0029048978322650854,54.451,83.95,88.1,90.59400000000001
Республика Тыва,2021,2.225073990209077,2.59310233031748,1.349950606231693,0.6863453472696596,0.5483485966649433,1.016064506801627,0.8202372017204496,12.7218499892701,54.65,12.51807506616858,12.53742254970625,-1.916152220378053,16.26883698581899,1,90.1,82.6,91.98,0.6802225990864245,1.0,0.0,-0.01934748353767013,0.22938267203971852,6.802225990864245,6.909227620251606,1.0,0.0,12.68017391648718,12.577339800353524,-0.0029048978322650854,54.451,83.95,88.1,90.59400000000001
Республика Хакасия,2012,0.2205911512713885,0.2568677294705196,0.1072704021338417,0.4727366245489891,0.314584652674655,0.2008104926198207,0.4067303229511068,13.18642678569366,67.39,13.16323352049884,13.1119775975607,5.259224131462448,81.656591192903,1,56.2,40.1,58.4,0.7604785507737682,1.0,0.0,0.051255922938141296,,7.604785507737683,5.3604922594408,0.7,0.1,13.194250190951431,13.20431037255266,0.017542535983104023,68.139,39.1,47.8,61.628
Республика Хакасия,2013,0.3152375092644558,0.2724276027876125,0.4099035236867357,0.4042109105714626,0.3300913809447997,0.3874847428949924,0.4057281523398122,13.1889859753444,67.6,13.19989504400139,13.16323352049884,3.734184557467013,81.656591192903,1,56.2,40.1,58.4,0.7654723127035825,1.0,0.0,0.03666152350255025,-0.001002170611294595,7.654723127035825,5.3604922594408,0.7,0.1,13.194250190951431,13.20431037255266,0.017542535983104023,68.139,39.1,47.8,61.628
Республика Хакасия,2014,0.2971261640787443,0.3273323258435008,0.257338384052695,0.5306970757341781,0.4017156976793266,1.621884840837279,0.4090696650783153,13.19231285786165,67.89,13.21538991572472,13.19989504400139,1.561553968748308,81.656591192903,1,56.2,40.1,58.4,0.7807014108773429,1.0,0.0,0.01549487172332853,0.0033415127385031385,7.807014108773429,5.3604922594408,0.7,0.1,13.194250190951431,13.20431037255266,0.017542535983104023,68.139,39.1,47.8,61.628
Республика Хакасия,2015,0.3859550925181935,0.380299045505994,0.4029499157655484,0.3371405604782826,0.3933588894109301,2.015638503990277,0.3559236752164236,13.19573836670603,68.08,13.1968507690703,13.21538991572472,-1.836835375520174,81.656591192903,1,56.2,40.1,58.4,0.7721888703553251,1.0,0.0,-0.018539146654418914,-0.05314598986189173,7.721888703553251,5.3604922594408,0.7,0.1,13.194250190951431,13.20431037255266,0.017542535983104023,68.139,39.1,47.8,61.628
Республика Хакасия,2016,0.5249164079868452,0.4139023302835366,0.9284510555929338,0.3165792272210096,0.4120387761903269,0.1678370666509197,0.4886254440238718,13.19841845272177,68.21,13.2090592955483,13.1968507690703,1.228335474160858,81.656591192903,1,56.2,40.1,58.4,0.7804162802253861,1.0,0.0,0.012208526478000081,0.13270176880744822,7.804162802253861,5.3604922594408,0.7,0.1,13.194250190951431,13.20431037255266,0.017542535983104023,68.139,39.1,47.8,61.628
Республика Хакасия,2017,0.4352015051547671,0.4981343946868748,0.1652787134175429,0.2566102169378245,0.4058307786702091,0.1548208372796805,0.233545458293189,13.19996495409449,68.32,13.20851229450867,13.2090592955483,-0.05468514618409692,81.656591192903,1,39.4,38.1,58.4,0.7741933271890025,1.0,0.0,-0.0005470010396297909,-0.2550799857306828,7.741933271890025,5.3604922594408,0.7,0.1,13.194250190951431,13.20431037255266,0.017542535983104023,68.139,39.1,47.8,61.628
Республика Хакасия,2018,0.6699114228448129,0.4950031457164351,0.959337549871494,0.5617732796936424,0.4118359727074461,0.1119257824829019,0.7614768619771826,13.19954106173829,68.44,13.23069767864638,13.20851229450867,2.243330981990943,81.656591192903,1,39.4,38.1,58.4,0.7270415073163926,1.0,0.0,0.022185384137708652,0.5279314036839935,7.270415073163926,5.3604922594408,0.7,0.1,13.194250190951431,13.20431037255266,0.017542535983104023,68.139,39.1,47.8,61.628
Республика Хакасия,2019,0.513925785062162,0.4792508959801944,0.6089648586610179,0.4918586067075857,0.4551302430305146,0.2124741044869047,0.5276541942188133,13.19741333432249,68.5,13.24869875521848,13.23069767864638,1.816407251622998,81.656591192903,1,39.4,38.1,69.16,0.0,0.0,1.0,0.018001076572101482,-0.23382266775836924,0.0,5.3604922594408,0.7,0.1,13.194250190951431,13.20431037255266,0.017542535983104023,68.139,39.1,47.8,61.628
Республика Хакасия,2020,0.6052324045869092,0.4907420475283827,0.7459179214007052,0.6185155464825428,0.448633677128763,0.2849480411592821,0.6651072156528894,13.19429884852857,68.48,13.25878885474882,13.24869875521848,1.014117622972965,81.656591192903,1,39.4,38.1,69.16,0.0,0.0,0.0,0.010090099530339458,0.13745302143407612,0.0,5.3604922594408,0.7,0.1,13.194250190951431,13.20431037255266,0.017542535983104023,68.139,39.1,47.8,61.628
Республика Хакасия,2021,0.563126882329171,0.4823130916037965,0.7552915346241499,0.4446005383519281,0.4615931575759675,0.3240423358198114,0.5072868915570211,13.18940127250296,68.48,13.28740295739174,13.25878885474882,2.90274188842421,81.656591192903,1,39.4,38.1,69.16,0.0,0.0,0.0,0.028614102642919192,-0.15782032409586833,0.0,5.3604922594408,0.7,0.1,13.194250190951431,13.20431037255266,0.017542535983104023,68.139,39.1,47.8,61.628
Ростовская область,2012,1.883170514702792,2.10633437266257,1.186051414174374,1.999430118052834,2.519055204943835,2.553514320471221,1.852527020724978,15.2654170737768,67.51,12.84809884421175,12.82178721448933,2.666083665906926,90.34490047107509,0,59.3,50.2,62.66,0.8552183028903673,1.0,0.0,0.026311629722419738,,8.552183028903674,8.404824658871652,1.0,0.0,15.260756375979733,12.950497172196648,0.027197563937771996,67.837,54.5,53.75,67.553
Ростовская область,2013,1.696086926011806,1.947077032368287,1.141069758640872,2.3484739255805,2.612691099714647,2.954952206994319,2.026666699924282,15.2644456248839,67.65,12.87765774995657,12.84809884421175,3.000010660838104,90.34490047107509,0,59.3,50.2,62.66,0.8736059479553899,1.0,0.0,0.029558905744821118,0.17413967919930418,8.7360594795539,8.404824658871652,1.0,0.0,15.260756375979733,12.950497172196648,0.027197563937771996,67.837,54.5,53.75,67.553
Ростовская область,2014,1.748183273611726,1.972097952326068,1.453241200180721,3.240670476791847,2.779660341012061,1.776079098930911,2.445376962225251,15.26377569325435,67.73,12.90982634864549,12.87765774995657,3.269160107854718,90.34490047107509,0,59.3,50.2,62.66,0.8530347684346679,1.0,0.0,0.0321685986889193,0.41871026230096886,8.530347684346678,8.404824658871652,1.0,0.0,15.260756375979733,12.950497172196648,0.027197563937771996,67.837,54.5,53.75,67.553
Ростовская область,2015,1.991844094570421,2.080398288770525,1.725763760549741,2.535382421402236,2.804295204852709,2.819978563224889,2.304303418507414,15.26353340200992,67.76,12.9492893530432,12.90982634864549,4.025201342329221,90.34490047107509,0,59.3,50.2,62.66,0.8613856045547864,1.0,0.0,0.03946300439771022,-0.14107354371783698,8.613856045547864,8.404824658871652,1.0,0.0,15.260756375979733,12.950497172196648,0.027197563937771996,67.837,54.5,53.75,67.553
Ростовская область,2016,1.915554860809338,2.101573733263421,1.239378814520361,2.15529699845579,2.923746228381626,2.013735964763079,1.897758979641736,15.26318384457733,67.82,12.98113757753516,12.9492893530432,3.236080632802496,90.34490047107509,0,59.3,50.2,62.66,0.8737551044383903,1.0,0.0,0.03184822449195934,-0.40654443886567804,8.737551044383903,8.404824658871652,1.0,0.0,15.260756375979733,12.950497172196648,0.027197563937771996,67.837,54.5,53.75,67.553
Ростовская область,2017,2.260011900109926,2.331054871765974,1.955304498538524,1.818245367672877,2.229624614514856,1.900597950944891,1.85285813163288,15.26219351304822,67.9,13.00682052165464,12.98113757753516,2.601559262103503,90.34490047107509,0,48.2,58.8,62.66,0.8622752027374522,1.0,0.0,0.02568294411948102,-0.044900848008855965,8.622752027374522,8.404824658871652,1.0,0.0,15.260756375979733,12.950497172196648,0.027197563937771996,67.837,54.5,53.75,67.553
Ростовская область,2018,1.811688571343863,2.151267343768065,1.249777091013658,1.932630922694785,2.127092734408266,0.9427835935909654,1.589621335083309,15.25957936535939,67.99,13.03119616112499,13.00682052165464,2.467515403841092,90.34490047107509,0,48.2,58.8,62.66,0.7916674190778499,1.0,0.0,0.024375639470349597,-0.263236796549571,7.916674190778499,8.404824658871652,1.0,0.0,15.260756375979733,12.950497172196648,0.027197563937771996,67.837,54.5,53.75,67.553
Ростовская область,2019,1.747297827309115,2.027172428121402,0.9802002679723733,1.684899229810658,2.360935846783738,1.036854962733069,1.46949558622394,15.25771609711546,68.04,13.05089934749724,13.03119616112499,1.989857530056027,90.34490047107509,0,48.2,58.8,78.97,0.7884177838886488,1.0,0.0,0.019703186372248993,-0.120125748859369,7.8841778388864885,8.404824658871652,1.0,0.0,15.260756375979733,12.950497172196648,0.027197563937771996,67.837,54.5,53.75,67.553
Ростовская область,2020,2.015760353894719,2.092159007705491,1.921881844198463,1.926834531957832,2.427014961138367,1.241152965444517,1.925023309916353,15.25606414823554,68.03,13.02825860380812,13.05089934749724,-2.238636543924699,90.34490047107509,0,48.2,58.8,78.97,0.8214295225574917,1.0,0.0,-0.022640743689120058,0.4555277236924129,8.214295225574917,8.404824658871652,1.0,0.0,15.260756375979733,12.950497172196648,0.027197563937771996,67.837,54.5,53.75,67.553
Ростовская область,2021,1.893721652370084,2.087473818345023,1.43300427639031,2.320490739554383,2.431985018927291,2.211263350566562,2.141427649338866,15.25165499753642,67.94,13.09376285386705,13.02825860380812,6.769727508018875,90.34490047107509,0,48.2,58.8,78.97,0.8240350023366079,1.0,0.0,0.06550425005893068,0.21640433942251303,8.240350023366078,8.404824658871652,1.0,0.0,15.260756375979733,12.950497172196648,0.027197563937771996,67.837,54.5,53.75,67.553
Рязанская область,2012,0.4347556696549532,0.5591829140330596,0.04606993229989671,1.153893520942147,1.272457306613233,0.8770866212032358,0.9538111783772434,13.95379227491134,70.88,12.99817061429025,12.94727780973745,5.221009510589147,95.11195291262811,0,52.7,39.8,59.74,0.6902169455392364,1.0,0.0,0.05089280455280054,,6.9021694553923645,4.456927781319715,0.7,0.1,13.938522044765856,13.013257137578137,0.016012176634652063,71.239,47.15,48.0,64.72
Рязанская область,2013,0.5218680618926569,0.5205300819618618,0.524826751547677,0.8195395525977709,1.179569134956448,0.4790439446141494,0.7409902884257796,13.95153334448804,70.88,13.02512215730392,12.99817061429025,2.731802082205914,95.11195291262811,0,52.7,39.8,59.74,0.6772334293948125,1.0,0.0,0.026951543013669976,-0.21282088995146375,6.772334293948124,4.456927781319715,0.7,0.1,13.938522044765856,13.013257137578137,0.016012176634652063,71.239,47.15,48.0,64.72
Рязанская область,2014,0.5024218262053761,0.5175371563733532,0.4825118013426258,0.9968676133838342,0.9109931847414959,0.197166010087484,0.768011654242574,13.94857008927976,70.96,13.0180350766587,13.02512215730392,-0.7062026511006514,95.11195291262811,0,52.7,39.8,59.74,0.6971276306006564,1.0,0.0,-0.007087080645220567,0.027021365816794374,6.971276306006564,4.456927781319715,0.7,0.1,13.938522044765856,13.013257137578137,0.016012176634652063,71.239,47.15,48.0,64.72
Рязанская область,2015,0.5161652370743646,0.545749599356558,0.4272725869978807,0.8965418896664517,1.110771154379565,0.4982407342202365,0.7626044104640566,13.94492699576324,71.1,13.00249535075845,13.0180350766587,-1.541960736765502,95.11195291262811,0,52.7,39.8,59.74,0.0,0.0,0.0,-0.015539725900250545,-0.005407243778517423,0.0,4.456927781319715,0.7,0.1,13.938522044765856,13.013257137578137,0.016012176634652063,71.239,47.15,48.0,64.72
Рязанская область,2016,0.5511413440419568,0.5119798459142992,0.6934928518291522,1.061404861761498,1.022729431168652,0.5593186415101873,0.9579553050240672,13.94217228336484,71.22,12.99620931850469,13.00249535075845,-0.6266316485952217,95.11195291262811,0,52.7,39.8,59.74,0.0,0.0,0.0,-0.006286032253759899,0.19535089456001065,0.0,4.456927781319715,0.7,0.1,13.938522044765856,13.013257137578137,0.016012176634652063,71.239,47.15,48.0,64.72
Рязанская область,2017,0.5303585936820813,0.5960050715289942,0.2487970652047619,0.9162289714788185,1.025621605606852,0.6861818755539959,0.7476764431990061,13.9394417659273,71.34,13.01776159018283,12.99620931850469,2.178619942081639,95.11195291262811,0,43.3,54.5,59.74,0.0,0.0,0.0,0.02155227167814111,-0.21027886182506117,0.0,4.456927781319715,0.7,0.1,13.938522044765856,13.013257137578137,0.016012176634652063,71.239,47.15,48.0,64.72
Рязанская область,2018,0.5339611241508373,0.5470884501895844,0.5122389324056027,1.163244631995073,0.9481339008651551,0.6328878238407571,0.8362329258453738,13.93494289943444,71.49,13.02525596565548,13.01776159018283,0.7522528590584221,95.11195291262811,0,43.3,54.5,59.74,0.5912868690208003,1.0,1.0,0.00749437547264975,0.08855648264636773,5.912868690208003,4.456927781319715,0.7,0.1,13.938522044765856,13.013257137578137,0.016012176634652063,71.239,47.15,48.0,64.72
Рязанская область,2019,0.6131610961865441,0.59813229804373,0.6543529526167363,1.071816249243232,0.8692691607119475,0.7529886030764318,0.9442112433801673,13.93044777032629,71.57,13.04266732003018,13.02525596565548,1.756381557189668,95.11195291262811,0,43.3,54.5,76.34,0.5949572856571478,1.0,0.0,0.017411354374699428,0.10797831753479348,5.949572856571478,4.456927781319715,0.7,0.1,13.938522044765856,13.013257137578137,0.016012176634652063,71.239,47.15,48.0,64.72
Рязанская область,2020,0.5974527570916879,0.60948505145788,0.5826674983602633,0.7487482710024641,0.7336144088032647,0.5547268181707304,0.688011723355911,13.92447885773538,71.52,13.05957617265942,13.04266732003018,1.705261642844236,95.11195291262811,0,43.3,54.5,76.34,0.6032793870586162,1.0,0.0,0.01690885262924091,-0.2561995200242563,6.032793870586161,4.456927781319715,0.7,0.1,13.938522044765856,13.013257137578137,0.016012176634652063,71.239,47.15,48.0,64.72
Рязанская область,2021,0.6404303388999413,0.6046117825781072,0.725602193350919,0.8649580295254897,0.7800594668109068,0.5804736270837013,0.836840995969821,13.91491416642793,71.43,13.10739957608397,13.05957617265942,4.898539173861405,95.11195291262811,0,43.3,54.5,76.34,0.6028262340484448,1.0,0.0,0.04782340342454994,0.14882927261391,6.028262340484448,4.456927781319715,0.7,0.1,13.938522044765856,13.013257137578137,0.016012176634652063,71.239,47.15,48.0,64.72
Самарская область,2012,0.1459480061183409,0.0,0.6018602836676551,1.049718231534786,2.116678037035176,1.82374278351162,0.9688312850351269,14.98430758534111,80.31,13.39377965770766,13.34559562122779,4.93637587671556,85.55174732465221,0,53.0,39.4,58.56,0.7195462775026603,1.0,0.0,0.04818403647986891,,7.195462775026603,3.4717206169145696,0.5,0.2,14.982020275793763,13.407048298633658,0.008391063280375022,80.023,45.1,52.95,63.738
Самарская область,2013,0.4038195189310105,0.04373487405080647,1.200078632552518,1.524476395046849,2.355444641738479,1.962705607615972,1.438015252360893,14.98478011002813,80.31,13.43444907635181,13.39377965770766,4.150774558646321,85.55174732465221,0,53.0,39.4,58.56,0.0,0.0,1.0,0.04066941864414986,0.46918396732576595,0.0,3.4717206169145696,0.5,0.2,14.982020275793763,13.407048298633658,0.008391063280375022,80.023,45.1,52.95,63.738
Самарская область,2014,0.3211479330877434,0.0,0.7441663694262585,2.129353132456699,2.366885335749367,0.9196020497187672,1.513032216425694,14.98560377589053,80.3,13.45244716473,13.43444907635181,1.816103004909864,85.55174732465221,0,53.0,39.4,58.56,0.0,0.0,0.0,0.017998088378190502,0.07501696406480107,0.0,3.4717206169145696,0.5,0.2,14.982020275793763,13.407048298633658,0.008391063280375022,80.023,45.1,52.95,63.738
Самарская область,2015,0.6427751928551315,0.0,2.574133041684159,2.309702260098276,2.313915968088585,1.554600906283564,2.385175324515076,14.98572262828546,80.23,13.42186910485036,13.45244716473,-3.011527997229635,85.55174732465221,0,53.0,39.4,58.56,0.0,0.0,0.0,-0.03057805987963924,0.872143108089382,0.0,3.4717206169145696,0.5,0.2,14.982020275793763,13.407048298633658,0.008391063280375022,80.023,45.1,52.95,63.738
Самарская область,2016,0.1425245068348623,0.0,0.6605991315193641,2.030995719102723,2.301029831829998,1.77841536956649,1.645667391370079,14.98525365332854,80.11,13.40009247085996,13.42186910485036,-2.154123492587312,85.55174732465221,0,53.0,39.4,58.56,0.0,0.0,0.0,-0.02177663399040064,-0.739507933144997,0.0,3.4717206169145696,0.5,0.2,14.982020275793763,13.407048298633658,0.008391063280375022,80.023,45.1,52.95,63.738
Самарская область,2017,0.09844421719782459,0.0,0.5206771407769264,2.725464300817259,1.816274987519272,1.975666871778164,2.168669747469861,14.98423797704004,80.0,13.40907631679764,13.40009247085996,0.9024321800431556,85.55174732465221,0,52.9,50.8,58.56,0.0,0.0,0.0,0.008983845937679646,0.5230023560997821,0.0,3.4717206169145696,0.5,0.2,14.982020275793763,13.407048298633658,0.008391063280375022,80.023,45.1,52.95,63.738
Самарская область,2018,0.2426009123146643,0.0,0.6440401330145349,1.287982604800546,1.822366051159174,1.614008990835438,0.9645188832174795,14.98194939378301,79.86,13.41336290271734,13.40907631679764,0.4295786470745133,85.55174732465221,0,52.9,50.8,58.56,0.685096804971215,1.0,1.0,0.004286585919700769,-1.2041508642523815,6.850968049712149,3.4717206169145696,0.5,0.2,14.982020275793763,13.407048298633658,0.008391063280375022,80.023,45.1,52.95,63.738
Самарская область,2019,0.1598608489845026,0.0,0.5980173188235022,1.618397331246259,1.708849708967736,1.578592524179439,1.306500217128811,14.98069492369282,79.77,13.42852027797653,13.41336290271734,1.527283086866271,85.55174732465221,0,52.9,50.8,75.82,0.6860457072984558,1.0,0.0,0.015157375259189365,0.34198133391133145,6.860457072984558,3.4717206169145696,0.5,0.2,14.982020275793763,13.407048298633658,0.008391063280375022,80.023,45.1,52.95,63.738
Самарская область,2020,0.6517634774373624,0.0,1.452649106755116,1.644385097538768,1.774849030969575,3.27740026221757,1.57426631163404,14.9771126691551,79.71,13.37129039311749,13.42852027797653,-5.562305355036933,85.55174732465221,0,52.9,50.8,75.82,0.6891393747298804,1.0,0.0,-0.057229884859038904,0.26776609450522915,6.891393747298804,3.4717206169145696,0.5,0.2,14.982020275793763,13.407048298633658,0.008391063280375022,80.023,45.1,52.95,63.738
Самарская область,2021,0.0867626410084112,0.0,0.2930728832569587,1.840255544168809,1.73410350704647,3.619083907794818,1.528089308525026,14.97054004139289,79.63,13.42950625403154,13.37129039311749,5.994377144887864,85.55174732465221,0,52.9,50.8,75.82,0.691892452412358,1.0,0.0,0.058215860914049955,-0.04617700310901407,6.91892452412358,3.4717206169145696,0.5,0.2,14.982020275793763,13.407048298633658,0.008391063280375022,80.023,45.1,52.95,63.738
Саратовская область,2012,1.180020999676945,1.189938160341317,1.149041780257869,1.214471620939446,1.061149526894,1.128647116783502,1.202654436388192,14.73791337294484,74.84,12.78646085822916,12.72843036682452,5.974730840165154,87.55403917112397,0,67.3,64.9,70.64,0.73,1.0,0.0,0.05803049140464012,,7.3,6.759308607098035,1.0,0.1,14.731359477747286,12.836899884145712,0.020306786101254026,75.899,66.55,65.9,72.947
Саратовская область,2013,1.256503664921077,1.327221234723252,1.100125129349588,1.319612843130895,1.020846961794076,0.735225518857945,1.261113183968198,14.73797419817628,75.1,12.82850120901635,12.78646085822916,4.293656121296952,87.55403917112397,0,67.3,64.9,70.64,0.6657223796033974,1.0,1.0,0.042040350787189595,0.05845874758000602,6.657223796033974,6.759308607098035,1.0,0.1,14.731359477747286,12.836899884145712,0.020306786101254026,75.899,66.55,65.9,72.947
Саратовская область,2014,1.181421966511524,1.148229198563112,1.225143726325711,1.300794719977221,1.138473155694713,0.4490376716850606,1.267134789814483,14.73840980541806,75.42,12.83106111075437,12.82850120901635,0.2563181084139554,87.55403917112397,0,67.3,64.9,70.64,0.6828641496676493,1.0,0.0,0.0025599017380191214,0.006021605846284972,6.828641496676493,6.759308607098035,1.0,0.1,14.731359477747286,12.836899884145712,0.020306786101254026,75.899,66.55,65.9,72.947
Саратовская область,2015,1.171359416597798,1.181317376613419,1.141438560210877,1.672219912458721,1.1233094187631,1.60523107981202,1.52072584301194,14.73908708386517,75.67,12.82033349645376,12.83106111075437,-1.067027865436754,87.55403917112397,0,67.3,64.9,70.64,0.6761653838862693,1.0,0.0,-0.010727614300609645,0.253591053197457,6.761653838862694,6.759308607098035,1.0,0.1,14.731359477747286,12.836899884145712,0.020306786101254026,75.899,66.55,65.9,72.947
Саратовская область,2016,1.253452332524807,1.164098143823021,1.578253581122026,1.05161758342051,1.104890249158783,1.326671390241515,1.199697175968236,14.7388245687745,75.95,12.8295557529159,12.82033349645376,0.9264912496723454,87.55403917112397,0,67.3,64.9,70.64,0.6848965792603,1.0,0.0,0.00922225646213981,-0.3210286670437039,6.848965792603,6.759308607098035,1.0,0.1,14.731359477747286,12.836899884145712,0.020306786101254026,75.899,66.55,65.9,72.947
Саратовская область,2017,1.410005373495513,1.403054413949854,1.439818439759694,1.141208895607178,1.086531576948623,1.213937834862463,1.216619425373973,14.73642617853421,76.2,12.85371563493771,12.8295557529159,2.44540965898481,87.55403917112397,0,64.5,68.2,70.64,0.6889950184552841,1.0,0.0,0.024159882021811185,0.016922249405737055,6.889950184552841,6.759308607098035,1.0,0.1,14.731359477747286,12.836899884145712,0.020306786101254026,75.899,66.55,65.9,72.947
Саратовская область,2018,1.246987935344035,1.338056260400521,1.096294365842117,1.303872341203703,1.103975901827748,1.504213980200227,1.199602243530367,14.73126554635351,76.44,12.87573338418482,12.85371563493771,2.226192868900578,87.55403917112397,0,64.5,68.2,70.64,0.6477278883364228,1.0,0.0,0.022017749247108753,-0.01701718184360601,6.477278883364228,6.759308607098035,1.0,0.1,14.731359477747286,12.836899884145712,0.020306786101254026,75.899,66.55,65.9,72.947
Саратовская область,2019,1.716578967186711,1.352879469883447,2.713428970379584,1.508813998956154,1.110929504359435,1.244507220051998,1.877025771663806,14.72555663248828,76.45,12.89928221617839,12.87573338418482,2.382829510267293,87.55403917112397,0,64.5,68.2,78.33,0.6567710296215281,1.0,0.0,0.02354883199357083,0.6774235281334389,6.567710296215282,6.759308607098035,1.0,0.1,14.731359477747286,12.836899884145712,0.020306786101254026,75.899,66.55,65.9,72.947
Саратовская область,2020,1.791499858589652,1.376488389974947,2.301465103224761,1.837266280650387,1.234648164380697,1.212340701731247,2.007026051490941,14.7188643675577,76.39,12.91592481196213,12.89928221617839,1.678185525470166,87.55403917112397,0,64.5,68.2,78.33,0.6594989715156921,1.0,0.0,0.016642595783739722,0.13000027982713513,6.594989715156921,6.759308607098035,1.0,0.1,14.731359477747286,12.836899884145712,0.020306786101254026,75.899,66.55,65.9,72.947
Саратовская область,2021,1.626126383356758,1.371384861486899,2.231868491675468,1.71533884509293,1.143972586919414,1.407430491974612,1.819556090700539,14.70927302336032,76.53,12.93149822783706,12.91592481196213,1.569531348123343,87.55403917112397,0,64.5,68.2,78.33,0.6666672067514912,1.0,0.0,0.015573415874930774,-0.187469960790402,6.666672067514911,6.759308607098035,1.0,0.1,14.731359477747286,12.836899884145712,0.020306786101254026,75.899,66.55,65.9,72.947
Сахалинская область,2012,0.007038890044493139,0.0,0.02902696975146749,0.7937117785721663,0.3033279264345917,0.5542676937586666,0.6556032119725352,13.10559558034875,80.55,14.72082093764354,14.73896482296358,-1.798027602982422,86.46405226000026,0,49.1,41.9,56.3,0.0,0.0,0.0,-0.018143885320039743,,0.0,4.596819886461441,0.6,0.2,13.07874068277152,14.774164130342658,0.005006101852764111,81.62100000000001,43.65,43.1,59.486000000000004
Сахалинская область,2013,0.05813400268432551,0.0,0.186686358656326,0.9521873511419419,0.3424952031595851,0.8614615260141508,0.7481597708385889,13.09712761733607,80.97,14.74319180582522,14.72082093764354,2.262297247405343,86.46405226000026,0,49.1,41.9,56.3,0.0,0.0,0.0,0.02237086818167988,0.09255655886605363,0.0,4.596819886461441,0.6,0.2,13.07874068277152,14.774164130342658,0.005006101852764111,81.62100000000001,43.65,43.1,59.486000000000004
Сахалинская область,2014,0.08112176709946127,0.0,0.187975959625295,0.8340047724627526,0.3596286193121028,0.655920047647743,0.5465626164033573,13.08777193263471,81.23,14.759523104263,14.74319180582522,1.646538302277412,86.46405226000026,0,49.1,41.9,56.3,0.0,0.0,0.0,0.01633129843778036,-0.20159715443523152,0.0,4.596819886461441,0.6,0.2,13.07874068277152,14.774164130342658,0.005006101852764111,81.62100000000001,43.65,43.1,59.486000000000004
Сахалинская область,2015,0.0699315351764639,0.0,0.2800560403612294,0.4389396894437269,0.3502852583433593,0.4480956017250845,0.3935915805357438,13.07952059246176,81.39,14.79830364947077,14.759523104263,3.954232607075546,86.46405226000026,0,49.1,41.9,56.3,0.0,0.0,0.0,0.038780545207769634,-0.15297103586761357,0.0,4.596819886461441,0.6,0.2,13.07874068277152,14.774164130342658,0.005006101852764111,81.62100000000001,43.65,43.1,59.486000000000004
Сахалинская область,2016,0.07332131041496356,0.0,0.3398432666608526,0.2979779776447101,0.3546546317638236,0.3342210171717294,0.3097496661856762,13.0753178904002,81.59,14.80250635153233,14.79830364947077,0.4211545798726181,86.46405226000026,0,49.1,41.9,56.3,0.8402565061851601,1.0,1.0,0.0042027020615602595,-0.0838419143500676,8.4025650618516,4.596819886461441,0.6,0.2,13.07874068277152,14.774164130342658,0.005006101852764111,81.62100000000001,43.65,43.1,59.486000000000004
Сахалинская область,2017,0.02066814738573518,0.0,0.1093150231906004,0.1682486244930294,0.367463768641092,0.169828681973048,0.1533655968661181,13.07622728806031,81.81,14.74396784103559,14.80250635153233,-5.685808116349966,86.46405226000026,0,37.1,45.4,56.3,0.857142612244967,1.0,0.0,-0.058538510496740415,-0.1563840693195581,8.57142612244967,4.596819886461441,0.6,0.2,13.07874068277152,14.774164130342658,0.005006101852764111,81.62100000000001,43.65,43.1,59.486000000000004
Сахалинская область,2018,0.1269624761782956,0.0,0.3370512058902163,0.1503660949343056,0.4113869391989529,4.657939190214428,0.2441413363568243,13.07586279015213,81.99,14.81012007948177,14.74396784103559,6.838935472110852,86.46405226000026,0,37.1,45.4,56.3,0.785124713135057,1.0,0.0,0.06615223844618079,0.09077573949070622,7.85124713135057,4.596819886461441,0.6,0.2,13.07874068277152,14.774164130342658,0.005006101852764111,81.62100000000001,43.65,43.1,59.486000000000004
Сахалинская область,2019,0.02999590810257777,0.0,0.1122105421879669,0.2391823125823379,0.4185386463775352,2.855750811273593,0.2003711556817264,13.07093744264149,82.12,14.81804093597222,14.81012007948177,0.7952309464202223,86.46405226000026,0,37.1,45.4,66.92,0.6968495767047301,1.0,1.0,0.00792085649045049,-0.043770180675097914,6.968495767047301,4.596819886461441,0.6,0.2,13.07874068277152,14.774164130342658,0.005006101852764111,81.62100000000001,43.65,43.1,59.486000000000004
Сахалинская область,2020,0.02842175468006616,0.0,0.06334634875636923,0.2151240446626961,0.326740426636691,0.7866267443134484,0.1596182018583722,13.06359378395837,82.2,14.80620177523855,14.81804093597222,-1.176935362765208,86.46405226000026,0,37.1,45.4,66.92,0.7063347909899357,1.0,0.0,-0.011839160733670084,-0.0407529538233542,7.063347909899357,4.596819886461441,0.6,0.2,13.07874068277152,14.774164130342658,0.005006101852764111,81.62100000000001,43.65,43.1,59.486000000000004
Сахалинская область,2021,0.0009800506683921842,0.0,0.003310483311541448,0.2505065412221426,0.4078640711085797,0.3524915515448745,0.2006312001822838,13.05545190972141,82.36,14.78902584149122,14.80620177523855,-1.702926830311435,86.46405226000026,0,37.1,45.4,66.92,0.7111116872015905,1.0,0.0,-0.017175933747330063,0.041012998323911615,7.111116872015905,4.596819886461441,0.6,0.2,13.07874068277152,14.774164130342658,0.005006101852764111,81.62100000000001,43.65,43.1,59.486000000000004
Свердловская область,2012,0.236589404327266,0.195764811770556,0.3641172374753305,1.207730690965549,2.453199460447476,1.439434628845582,1.055366941245737,15.27681614389664,84.11,13.40411562162859,13.3376640094511,6.870925031050046,90.6531957904619,0,51.2,32.7,64.5,0.7341035721342152,1.0,0.0,0.06645161217748985,,7.341035721342152,9.156499373804538,1.0,0.1,15.277535141773035,13.418360170253417,0.01509034847636297,84.94300000000001,36.6,46.35,67.53
Свердловская область,2013,0.4183040265714001,0.04389758886520541,1.246233077312521,1.265481062931304,2.421504358985492,2.582745495822202,1.260350932506832,15.27831840637931,84.27,13.4224159864421,13.40411562162859,1.846884265575333,90.6531957904619,0,51.2,32.7,64.5,0.93625498007968,1.0,1.0,0.01830036481351094,0.20498399126109512,9.362549800796799,9.156499373804538,1.0,0.1,15.277535141773035,13.418360170253417,0.01509034847636297,84.94300000000001,36.6,46.35,67.53
Свердловская область,2014,0.68798733310121,0.02524494623842456,1.56095651428337,1.339893144219391,2.446959444253329,1.644078713543515,1.438252428595356,15.2796521415197,84.45,13.42208175163479,13.4224159864421,-0.03341789570818765,90.6531957904619,0,51.2,32.7,64.5,0.9401404314086327,1.0,0.0,-0.00033423480731009647,0.1779014960885239,9.401404314086326,9.156499373804538,1.0,0.1,15.277535141773035,13.418360170253417,0.01509034847636297,84.94300000000001,36.6,46.35,67.53
Свердловская область,2015,0.4730693874157572,0.0,1.894509238521032,1.12633352311121,2.341461973285761,2.574164845177472,1.345584001080689,15.28071637174535,84.65,13.39364632461301,13.42208175163479,-2.803494520189032,90.6531957904619,0,51.2,32.7,64.5,0.9354832909681007,1.0,0.0,-0.028435427021779702,-0.09266842751466697,9.354832909681006,9.156499373804538,1.0,0.1,15.277535141773035,13.418360170253417,0.01509034847636297,84.94300000000001,36.6,46.35,67.53
Свердловская область,2016,0.3005573151728316,0.0,1.393079027489736,1.149872910922477,2.456040623600336,2.853006670994419,1.218257644977072,15.28091850294813,84.86,13.41226594765081,13.39364632461301,1.879404911961702,90.6531957904619,0,51.2,32.7,64.5,0.9528995885360702,1.0,0.0,0.01861962303780018,-0.1273263561036171,9.528995885360702,9.156499373804538,1.0,0.1,15.277535141773035,13.418360170253417,0.01509034847636297,84.94300000000001,36.6,46.35,67.53
Свердловская область,2017,0.2189264117894716,0.0,1.157914414637786,1.137597600085059,2.48841555402452,1.586709119515584,1.142728386352936,15.28035613041443,85.06,13.43361085936705,13.41226594765081,2.157434383937584,90.6531957904619,0,41.5,40.5,64.5,0.9632104271381577,1.0,0.0,0.021344911716239423,-0.07552925862413584,9.632104271381577,9.156499373804538,1.0,0.1,15.277535141773035,13.418360170253417,0.01509034847636297,84.94300000000001,36.6,46.35,67.53
Свердловская область,2018,0.6590011249787123,0.0,1.749470635285666,1.478189004042097,2.496779411109487,1.107434431952839,1.614458577620294,15.27876572873878,85.27,13.45794074801218,13.43361085936705,2.462827537691559,90.6531957904619,0,41.5,40.5,64.5,0.9134624066282866,1.0,0.0,0.024329888645130637,0.47173019126735793,9.134624066282866,9.156499373804538,1.0,0.1,15.277535141773035,13.418360170253417,0.01509034847636297,84.94300000000001,36.6,46.35,67.53
Свердловская область,2019,0.1548148856370754,0.0,0.5791410680649277,1.82086475541178,2.636530427357163,0.9959405002981944,1.441310050400271,15.27706567295821,85.45,13.46263631277255,13.45794074801218,0.4706606199745389,90.6531957904619,0,41.5,40.5,74.6,0.9242809006945253,1.0,0.0,0.004695564760369919,-0.17314852722002305,9.242809006945253,9.156499373804538,1.0,0.1,15.277535141773035,13.418360170253417,0.01509034847636297,84.94300000000001,36.6,46.35,67.53
Свердловская область,2020,1.18669903676614,0.0,2.644912388345911,1.816394768190895,2.845079159000725,1.893505865244705,2.119387698148925,15.27407837024707,85.58,13.43722414096199,13.46263631277255,-2.509200038978576,90.6531957904619,0,41.5,40.5,74.6,0.9246241861953671,1.0,0.0,-0.025412171810561546,0.6780776477486541,9.24624186195367,9.156499373804538,1.0,0.1,15.277535141773035,13.418360170253417,0.01509034847636297,84.94300000000001,36.6,46.35,67.53
Свердловская область,2021,0.1150263418351868,0.0,0.3885439776881688,2.22556434288909,2.737938615532723,2.190651961152183,1.854919204022445,15.26866394888274,85.73,13.48856749421473,13.43722414096199,5.268427380857466,90.6531957904619,0,41.5,40.5,74.6,0.9320395900215016,1.0,0.0,0.05134335325274009,-0.2644684941264801,9.320395900215017,9.156499373804538,1.0,0.1,15.277535141773035,13.418360170253417,0.01509034847636297,84.94300000000001,36.6,46.35,67.53
Смоленская область,2012,0.6726239185591883,0.7087296355121381,0.5598369056607528,0.8315864200817553,0.6739565947973103,0.7658694632601863,0.7825061513515434,13.7897403399657,72.68,12.89077942037623,12.84347422548549,4.844193937976082,94.66093975086856,0,49.6,36.2,56.69,0.0,0.0,0.0,0.0473051948907397,,0.0,0.0,0.0,0.1,13.75185863536998,12.952967034060379,0.023782608667671033,72.503,42.15,45.0,61.73
Смоленская область,2013,0.5244943392824621,0.5071069794239096,0.5629431983105817,0.6385113236475833,0.616498828252421,0.1497034035309156,0.6183702893289913,13.78104125894367,72.63,12.94349538681503,12.89077942037623,5.413019424128307,94.66093975086856,0,49.6,36.2,56.69,0.0,0.0,1.0,0.052715966438800166,-0.16413586202255215,0.0,0.0,0.0,0.1,13.75185863536998,12.952967034060379,0.023782608667671033,72.503,42.15,45.0,61.73
Смоленская область,2014,0.3777445728876952,0.4274465843814307,0.3122767151848266,0.5262211334715953,0.5379720907373171,1.293000017930458,0.4310293345189771,13.77340857794532,72.58,12.95512008908292,12.94349538681503,1.169253169679574,94.66093975086856,0,49.6,36.2,56.69,0.0,0.0,0.0,0.011624702267889475,-0.18734095481001417,0.0,0.0,0.0,0.1,13.75185863536998,12.952967034060379,0.023782608667671033,72.503,42.15,45.0,61.73
Смоленская область,2015,0.4272161334494594,0.4576318884746693,0.3358253830767393,0.3643307438446572,0.5329057915692548,0.5080626898850612,0.3561948267000699,13.76637703485391,72.51,12.95311088752218,12.95512008908292,-0.2007184466427336,94.66093975086856,0,49.6,36.2,56.69,0.0,0.0,0.0,-0.0020092015607389158,-0.07483450781890721,0.0,0.0,0.0,0.1,13.75185863536998,12.952967034060379,0.023782608667671033,72.503,42.15,45.0,61.73
Смоленская область,2016,0.4758380968972318,0.47767294880914,0.4691684354002451,0.439356644626431,0.5382914288356009,0.5142449821387655,0.4477391286384839,13.75817695230855,72.55,12.93804234312819,12.95311088752218,-1.495558198371494,94.66093975086856,0,49.6,36.2,56.69,0.0,0.0,0.0,-0.015068544393990635,0.09154430193841401,0.0,0.0,0.0,0.1,13.75185863536998,12.952967034060379,0.023782608667671033,72.503,42.15,45.0,61.73
Смоленская область,2017,0.5927495999061199,0.559595996702038,0.7349473155922619,0.3824993083068278,0.5057382586120943,0.5203160025535076,0.4715061450443404,13.75115868607332,72.5,12.97461941160496,12.93804234312819,3.725424054176574,94.66093975086856,0,40.4,48.1,56.69,0.0,0.0,0.0,0.036577068476770336,0.02376701640585649,0.0,0.0,0.0,0.1,13.75185863536998,12.952967034060379,0.023782608667671033,72.503,42.15,45.0,61.73
Смоленская область,2018,0.4933545782149344,0.5006117333457061,0.4813459395317603,0.5643553483088486,0.4975595102804152,0.2242448999811925,0.5226582504066469,13.74320112132165,72.36,13.00237960365281,12.97461941160496,2.814909652639153,94.66093975086856,0,40.4,48.1,56.69,0.0,0.0,0.0,0.027760192047850296,0.05115210536230652,0.0,0.0,0.0,0.1,13.75185863536998,12.952967034060379,0.023782608667671033,72.503,42.15,45.0,61.73
Смоленская область,2019,0.5525011989767787,0.4851562731934554,0.7370843231765688,0.5334459320305641,0.5398329457690556,0.4530319964464612,0.5956915912444807,13.73317948397662,72.29,13.01240124099784,13.00237960365281,1.007202212457114,94.66093975086856,0,40.4,48.1,73.49,0.0,0.0,0.0,0.010021637345028367,0.07303334083783375,0.0,0.0,0.0,0.1,13.75185863536998,12.952967034060379,0.023782608667671033,72.503,42.15,45.0,61.73
Смоленская область,2020,0.4482120603507329,0.4828723445103434,0.4056215739972389,0.6423316552747677,0.5474269432188004,0.4684143329182191,0.5557656253773435,13.71928265718284,72.37,13.01624773193812,13.01240124099784,0.3853898180801174,94.66093975086856,0,40.4,48.1,73.49,0.0,0.0,0.0,0.003846490940281555,-0.03992596586713715,0.0,0.0,0.0,0.1,13.75185863536998,12.952967034060379,0.023782608667671033,72.503,42.15,45.0,61.73
Смоленская область,2021,0.5121677169521435,0.4837514905882478,0.5797377963870991,0.4914803521249445,0.5283372384975459,0.3625248501141942,0.5092875541049746,13.7030202411282,72.56,13.0813003121622,13.01624773193812,6.721513732002671,94.66093975086856,0,40.4,48.1,73.49,0.0,0.0,0.0,0.06505258022408,-0.046478071272368915,0.0,0.0,0.0,0.1,13.75185863536998,12.952967034060379,0.023782608667671033,72.503,42.15,45.0,61.73
Ставропольский край,2012,2.049925114566452,2.481529970755657,0.7016781722477492,1.757217733784741,1.275458604332582,1.399347939840599,1.566578330266449,14.84704813430134,57.72,12.63042644787209,12.62933552172673,0.1091521421727082,80.89193187278804,0,50.9,49.1,64.47,0.0,0.0,0.0,0.0010909261453591057,,0.0,5.893657974680566,0.8,0.2,14.867542618269079,12.68111512996347,0.01574851868743199,59.101,51.7,46.5,69.294
Ставропольский край,2013,2.476981463654291,3.017661184184024,1.281370484004334,1.928421752243945,1.39163113676515,0.6151715875744685,1.75596436043511,14.8523364460456,58.1,12.6527533031608,12.63042644787209,2.25779648690847,80.89193187278804,0,50.9,49.1,64.47,0.0,0.0,1.0,0.02232685528871059,0.18938603016866096,0.0,5.893657974680566,0.8,0.2,14.867542618269079,12.68111512996347,0.01574851868743199,59.101,51.7,46.5,69.294
Ставропольский край,2014,1.953186861720245,2.339178927220106,1.444755253841228,2.056358666286549,1.721039548540135,1.543561015097062,1.784233646421841,14.85772637773277,58.47,12.68946454749226,12.6527533031608,3.739342435336622,80.89193187278804,0,50.9,49.1,64.47,0.7355368664464212,1.0,1.0,0.036711244331460335,0.02826928598673084,7.355368664464212,5.893657974680566,0.8,0.2,14.867542618269079,12.68111512996347,0.01574851868743199,59.101,51.7,46.5,69.294
Ставропольский край,2015,1.956978631566991,2.332696040231574,0.8280539713870978,2.057160879357316,1.562736829433296,0.8937802116663174,1.706352761315874,14.86302427012818,58.74,12.69312639646832,12.68946454749226,0.3668561736223541,80.89193187278804,0,50.9,49.1,64.47,0.7290498273187148,1.0,0.0,0.0036618489760602557,-0.07788088510596691,7.290498273187148,5.893657974680566,0.8,0.2,14.867542618269079,12.68111512996347,0.01574851868743199,59.101,51.7,46.5,69.294
Ставропольский край,2016,2.173377525712926,2.437520014672232,1.213223206502547,2.009981021937491,1.611506459987099,0.5143900997972201,1.785948534253858,14.86804260729759,58.95,12.69210008056845,12.69312639646832,-0.1025789417836043,80.89193187278804,0,50.9,49.1,64.47,0.7408458772843816,1.0,0.0,-0.001026315899871122,0.07959577293798392,7.408458772843815,5.893657974680566,0.8,0.2,14.867542618269079,12.68111512996347,0.01574851868743199,59.101,51.7,46.5,69.294
Ставропольский край,2017,2.435440740758933,2.872299823020107,0.5617269488705529,2.07944271873862,1.61186176961582,1.188913523459664,1.696160427591508,14.87183171790721,59.15,12.69230299122837,12.69210008056845,0.02029312476792278,80.89193187278804,0,42.1,54.3,64.47,0.7365726795762364,1.0,0.0,0.00020291065992061874,-0.08978810666234982,7.365726795762364,5.893657974680566,0.8,0.2,14.867542618269079,12.68111512996347,0.01574851868743199,59.101,51.7,46.5,69.294
Ставропольский край,2018,2.594087636723198,3.020292719657016,1.888832925523438,1.806314636902304,1.704998392083362,0.8591426877093087,1.847765036441919,14.87406895981964,59.41,12.69803391896512,12.69230299122837,0.5747380918759372,80.89193187278804,0,42.1,54.3,64.47,0.7142863931529462,1.0,0.0,0.005730927736749436,0.15160460885041083,7.142863931529462,5.893657974680566,0.8,0.2,14.867542618269079,12.68111512996347,0.01574851868743199,59.101,51.7,46.5,69.294
Ставропольский край,2019,2.780975164044699,3.313795014691751,1.320589670644196,2.023486393265542,1.708577353998889,0.7640865127496033,1.808633635823073,14.87833296145256,59.82,12.71846252992257,12.69803391896512,2.063870322252792,80.89193187278804,0,42.1,54.3,80.55,0.7484134988710417,1.0,0.0,0.020428610957450744,-0.0391314006188459,7.484134988710417,5.893657974680566,0.8,0.2,14.867542618269079,12.68111512996347,0.01574851868743199,59.101,51.7,46.5,69.294
Ставропольский край,2020,2.544354935436379,3.402880758964042,1.48940015772321,2.102343030129001,1.795147301769212,0.9132600530239919,1.87818683563265,14.88164992914515,60.2,12.71514556222998,12.71846252992257,-0.3311472632574475,80.89193187278804,0,42.1,54.3,80.55,0.7345317886342438,1.0,0.0,-0.003316967692590822,0.06955319980957708,7.345317886342438,5.893657974680566,0.8,0.2,14.867542618269079,12.68111512996347,0.01574851868743199,59.101,51.7,46.5,69.294
Ставропольский край,2021,2.882087256842535,3.381866187730267,1.693678154678709,2.221591012973669,1.711796973799805,0.8392979584191251,2.115077041556252,14.88136477886075,60.45,12.78682070860105,12.71514556222998,7.430629507343012,80.89193187278804,0,42.1,54.3,80.55,0.7544210433965799,1.0,0.0,0.07167514637107075,0.236890205923602,7.544210433965799,5.893657974680566,0.8,0.2,14.867542618269079,12.68111512996347,0.01574851868743199,59.101,51.7,46.5,69.294
Тамбовская область,2012,1.708876330621725,2.234645912479604,0.06647768533558673,1.6126822908336,1.059137365124384,0.6121420798753184,1.333424615943461,13.89142660884378,58.77,12.74034206092133,12.64847494713495,9.621913999065711,96.98967348305317,0,68.3,66.7,71.76,0.0,0.0,0.0,0.09186711378638002,,0.0,0.0,0.0,0.1,13.851756469223428,12.895621793221153,0.03668518441231594,59.628,65.1,58.8,74.775
Тамбовская область,2013,1.756918231762774,2.362645528352107,0.4174668357193966,1.406347543746907,1.143836153170624,0.2866319509502958,1.142782976165617,13.88506087405011,58.94,12.83471867303771,12.74034206092133,9.897355474587343,96.98967348305317,0,68.3,66.7,71.76,0.0,0.0,0.0,0.09437661211637938,-0.1906416397778441,0.0,0.0,0.0,0.1,13.851756469223428,12.895621793221153,0.03668518441231594,59.628,65.1,58.8,74.775
Тамбовская область,2014,1.352872786624638,2.112036315001986,0.3528969636082897,1.80246424461782,0.8315750467438141,1.644869645237356,1.157498050654318,13.87876700759929,59.19,12.89644724637664,12.83471867303771,6.367359617009294,96.98967348305317,0,68.3,66.7,71.76,0.0,0.0,0.0,0.06172857333893056,0.014715074488701019,0.0,0.0,0.0,0.1,13.851756469223428,12.895621793221153,0.03668518441231594,59.628,65.1,58.8,74.775
Тамбовская область,2015,1.461918582196715,1.848454756671566,0.3004865874236909,1.602147176087758,0.8336213399768222,0.6452244202842062,1.230630997570745,13.86989835942218,59.42,12.97203952659666,12.89644724637664,7.852274944265214,96.98967348305317,0,68.3,66.7,71.76,0.0,0.0,0.0,0.07559228022001996,0.07313294691642702,0.0,0.0,0.0,0.1,13.851756469223428,12.895621793221153,0.03668518441231594,59.628,65.1,58.8,74.775
Тамбовская область,2016,1.435955828690878,1.581129069831381,0.9082530911873413,1.889374591829104,0.8706796980312561,0.4856194778467078,1.61350269418266,13.85929870908938,59.61,12.9323979604927,12.97203952659666,-3.886611961970253,96.98967348305317,0,68.3,66.7,71.76,0.0,0.0,1.0,-0.03964156610395975,0.382871696611915,0.0,0.0,0.0,0.1,13.851756469223428,12.895621793221153,0.03668518441231594,59.628,65.1,58.8,74.775
Тамбовская область,2017,1.40116286571689,1.533968379412067,0.8315523602846058,1.45231118232529,0.7146911624106219,0.230944253350334,1.295545424015868,13.8512203071983,59.83,12.95141630242212,12.9323979604927,1.920034254671421,96.98967348305317,0,49.3,63.5,71.76,0.0,0.0,0.0,0.01901834192941898,-0.3179572701667921,0.0,0.0,0.0,0.1,13.851756469223428,12.895621793221153,0.03668518441231594,59.628,65.1,58.8,74.775
Тамбовская область,2018,1.239280163552313,1.458051920895065,0.8772717813871838,1.250062513381137,0.658728019860696,0.472031593578785,1.062803118597015,13.8394096850966,60.01,12.99569411466132,12.95141630242212,4.52727041057932,96.98967348305317,0,49.3,63.5,71.76,0.0,0.0,0.0,0.04427781223920135,-0.23274230541885288,0.0,0.0,0.0,0.1,13.851756469223428,12.895621793221153,0.03668518441231594,59.628,65.1,58.8,74.775
Тамбовская область,2019,1.247696469061653,1.309456787949528,1.078419979715188,0.9242285567552845,0.6644765015030992,0.5776386748085939,0.9713598796520052,13.82604685571916,60.12,12.98578831709941,12.99569411466132,-0.9856896749627864,96.98967348305317,0,49.3,63.5,81.81,0.0,0.0,0.0,-0.009905797561911456,-0.09144323894500983,0.0,0.0,0.0,0.1,13.851756469223428,12.895621793221153,0.03668518441231594,59.628,65.1,58.8,74.775
Тамбовская область,2020,1.040215695832049,1.345041021713115,0.6656469582431777,0.8189343329408889,0.5749880041779662,0.5161985459278922,0.7628763932478936,13.81493439201255,60.19,12.9988987834687,12.98578831709941,1.319678534836055,96.98967348305317,0,49.3,63.5,81.81,0.0,0.0,0.0,0.013110466369290918,-0.20848348640411163,0.0,0.0,0.0,0.1,13.851756469223428,12.895621793221153,0.03668518441231594,59.628,65.1,58.8,74.775
Тамбовская область,2021,1.225712746464627,1.325787816941811,0.9877472835277991,0.7876515030099408,0.6060639798091298,0.4987083311081533,0.8280236892750396,13.80150189320293,60.2,13.01532679125811,12.9988987834687,1.656368948441767,96.98967348305317,0,49.3,63.5,81.81,0.0,0.0,0.0,0.01642800778940945,0.06514729602714597,0.0,0.0,0.0,0.1,13.851756469223428,12.895621793221153,0.03668518441231594,59.628,65.1,58.8,74.775
Тверская область,2012,0.5601659680582894,0.5459682035874471,0.6045169345988111,0.5980053837908721,1.208355992553856,0.5876889062338969,0.5991814251324178,14.10634714968425,74.86,12.9200170440765,12.91375726722159,0.6279410203462676,93.45164623819502,0,53.5,38.4,58.02,0.5485957580095859,1.0,1.0,0.006259776854911081,,5.485957580095859,5.305831705064431,0.8,0.2,14.06973721325139,12.960396311643638,0.011981358425233068,75.59299999999999,41.7,47.55,62.979
Тверская область,2013,0.6273027184425408,0.4463074389055611,1.027539559704516,0.5634900305553874,1.17259334198025,0.4094657702030335,0.6871723033448454,14.09970706287717,74.9,12.93660746173675,12.9200170440765,1.672880286958467,93.45164623819502,0,53.5,38.4,58.02,0.5340909090909075,1.0,0.0,0.016590417660250267,0.08799087821242757,5.340909090909075,5.305831705064431,0.8,0.2,14.06973721325139,12.960396311643638,0.011981358425233068,75.59299999999999,41.7,47.55,62.979
Тверская область,2014,0.537031465598225,0.5121351610927025,0.5698250623101065,0.6101150913853368,0.8846084376719491,0.2971009278703285,0.5921885645881586,14.09225023012469,75.07,12.9330033471298,12.93660746173675,-0.3597627581563345,93.45164623819502,0,53.5,38.4,58.02,0.5539416649793583,1.0,0.0,-0.003604114606950759,-0.09498373875668675,5.539416649793583,5.305831705064431,0.8,0.2,14.06973721325139,12.960396311643638,0.011981358425233068,75.59299999999999,41.7,47.55,62.979
Тверская область,2015,0.579825163254033,0.4502949223216938,0.969026940587981,0.5717249091231219,0.8704507143577959,0.7076037963495038,0.6851216991406801,14.08415888245639,75.32,12.93507662247255,12.9330033471298,0.2075426064157337,93.45164623819502,0,53.5,38.4,58.02,0.0,0.0,0.0,0.0020732753427505912,0.0929331345525215,0.0,5.305831705064431,0.8,0.2,14.06973721325139,12.960396311643638,0.011981358425233068,75.59299999999999,41.7,47.55,62.979
Тверская область,2016,0.5722287892767377,0.5107791918092305,0.7955972320237737,0.6047992617898853,0.8985811130022195,0.8026010310397991,0.6584478650271836,14.07686123199942,75.54,12.95726288542327,12.93507662247255,2.243420834799559,93.45164623819502,0,53.5,38.4,58.02,0.0,0.0,0.0,0.022186262950720348,-0.026673834113496553,0.0,5.305831705064431,0.8,0.2,14.06973721325139,12.960396311643638,0.011981358425233068,75.59299999999999,41.7,47.55,62.979
Тверская область,2017,0.6847752573151453,0.636644283288102,0.8912117800141889,0.9618013928453067,0.8129872028938895,0.5471687349493539,0.9439747687340938,14.06850102535106,75.72,12.9775516629369,12.95726288542327,2.049599377577405,93.45164623819502,0,41.6,45.0,58.02,0.7721177418614181,1.0,1.0,0.02028877751362934,0.28552690370691025,7.7211774186141815,5.305831705064431,0.8,0.2,14.06973721325139,12.960396311643638,0.011981358425233068,75.59299999999999,41.7,47.55,62.979
Тверская область,2018,0.5547994191876519,0.6327803591152102,0.4257619499741842,0.6182798405302756,0.8104289711055612,0.4860970479917615,0.5215746904912071,14.05760460891111,75.9,13.02284950609418,12.9775516629369,4.633945855057697,93.45164623819502,0,41.6,45.0,58.02,0.7215196730836086,1.0,0.0,0.04529784315728058,-0.4224000782428867,7.2151967308360865,5.305831705064431,0.8,0.2,14.06973721325139,12.960396311643638,0.011981358425233068,75.59299999999999,41.7,47.55,62.979
Тверская область,2019,0.694587590302731,0.652087504280941,0.8110744460741932,0.7428512748741684,0.8239720961019812,0.6388572533015174,0.7637048881889814,14.0480419057012,76.08,13.01628282737421,13.02284950609418,-0.6545165201816361,93.45164623819502,0,41.6,45.0,74.55,0.7239255316278195,1.0,0.0,-0.006566678719970298,0.24213019769777433,7.239255316278195,5.305831705064431,0.8,0.2,14.06973721325139,12.960396311643638,0.011981358425233068,75.59299999999999,41.7,47.55,62.979
Тверская область,2020,0.6058960416021738,0.6620046647141442,0.5369498801697062,0.8056133903096008,0.7664691741683489,0.5179371301110716,0.7073618358105366,14.03817879633518,76.22,12.99155449197061,13.01628282737421,-2.442509480505139,93.45164623819502,0,41.6,45.0,74.55,0.722987084687144,1.0,0.0,-0.024728335403599644,-0.056343052378444836,7.2298708468714405,5.305831705064431,0.8,0.2,14.06973721325139,12.960396311643638,0.011981358425233068,75.59299999999999,41.7,47.55,62.979
Тверская область,2021,0.7943150135019169,0.6571929239828211,1.120373454986762,0.8181844904425518,0.7431396090880845,0.9313585775538485,0.8791554371174984,14.02572123907341,76.32,13.03357085147392,12.99155449197061,4.291154012600318,93.45164623819502,0,41.6,45.0,74.55,0.7286533417245892,1.0,0.0,0.042016359503309175,0.17179360130696186,7.2865334172458915,5.305831705064431,0.8,0.2,14.06973721325139,12.960396311643638,0.011981358425233068,75.59299999999999,41.7,47.55,62.979
Томская область,2012,0.5977902113153964,0.5081879652228843,0.8776896438328075,0.5919505103513001,0.7001670440107695,0.5141694198417814,0.6435574230182481,13.87397284361603,70.92,13.43745260155453,13.40902132615667,2.883930183313588,92.05339702188196,0,50.5,37.5,57.07,0.73,1.0,0.0,0.028431275397858613,,7.3,7.181908666166396,1.0,0.1,13.883383049493252,13.440413736671497,0.0020421963197739144,71.572,39.1,42.2,61.318000000000005
Томская область,2013,0.5653329612834262,0.2636497300074717,1.23244839024092,0.7636963094164164,0.7157769039468527,0.2132433781373214,0.8886319447083355,13.87930849243523,71.18,13.44995687086366,13.43745260155453,1.258277456029178,92.05339702188196,0,50.5,37.5,57.07,0.7366771159874599,1.0,1.0,0.012504269309131288,0.24507452169008737,7.366771159874599,7.181908666166396,1.0,0.1,13.883383049493252,13.440413736671497,0.0020421963197739144,71.572,39.1,42.2,61.318000000000005
Томская область,2014,0.7442662175351378,0.6834036340833176,0.8244348632921614,0.6620869492541297,0.742745426509832,0.1746491424961373,0.73432155166741,13.88360088895072,71.49,13.44766247701084,13.44995687086366,-0.2291763743131447,92.05339702188196,0,50.5,37.5,57.07,0.7416663403334749,1.0,0.0,-0.0022943938528197094,-0.15431039304092553,7.4166634033347485,7.181908666166396,1.0,0.1,13.883383049493252,13.440413736671497,0.0020421963197739144,71.572,39.1,42.2,61.318000000000005
Томская область,2015,0.7449122782951876,0.6849696329542455,0.9250229917229468,0.4070526424593643,0.7478240802809022,0.3669137728668316,0.5548902327032464,13.88626813810323,71.73,13.44898724912786,13.44766247701084,0.1325650015232993,92.05339702188196,0,50.5,37.5,57.07,0.7372876784748579,1.0,0.0,0.0013247721170195348,-0.17943131896416353,7.372876784748579,7.181908666166396,1.0,0.1,13.883383049493252,13.440413736671497,0.0020421963197739144,71.572,39.1,42.2,61.318000000000005
Томская область,2016,0.6978677105048254,0.6184640823365241,0.986498808239788,0.442628109505664,0.7705325346492594,0.4788794163245848,0.5955537579966392,13.88790749570457,71.85,13.456307632898,13.44898724912786,0.7347243280047655,92.05339702188196,0,50.5,37.5,57.07,0.7535824826245138,1.0,0.0,0.007320383770139216,0.04066352529339279,7.535824826245138,7.181908666166396,1.0,0.1,13.883383049493252,13.440413736671497,0.0020421963197739144,71.572,39.1,42.2,61.318000000000005
Томская область,2017,0.9077942407814361,0.6914793760943652,1.835581167533068,0.4107833418506245,0.848730507237667,0.5532736011110787,0.7706002363515372,13.88813163952958,71.89,13.44704274442084,13.456307632898,-0.922210163829873,92.05339702188196,0,33.9,40.7,57.07,0.7461137764619391,1.0,0.0,-0.009264888477160227,0.17504647835489795,7.461137764619391,7.181908666166396,1.0,0.1,13.883383049493252,13.440413736671497,0.0020421963197739144,71.572,39.1,42.2,61.318000000000005
Томская область,2018,0.6465443149347154,0.6402259704754985,0.6569994746108313,0.456609451194059,0.7745962990707295,0.4666441171686299,0.5572689131530258,13.88697597020149,71.91,13.45814874460209,13.44704274442084,1.116790074491614,92.05339702188196,0,33.9,40.7,57.07,0.6834538869736835,1.0,0.0,0.011106000181250408,-0.21333132319851134,6.834538869736835,7.181908666166396,1.0,0.1,13.883383049493252,13.440413736671497,0.0020421963197739144,71.572,39.1,42.2,61.318000000000005
Томская область,2019,0.7918167003145425,0.6972999335906919,1.050874081226696,0.5775970642910816,0.7075663408482152,0.6185028661669957,0.7222625163414833,13.88695641841229,71.83,13.45916779672438,13.45814874460209,0.101957153231691,92.05339702188196,0,33.9,40.7,71.23,0.6833968821737503,1.0,0.0,0.0010190521222899207,0.16499360318845746,6.8339688217375025,7.181908666166396,1.0,0.1,13.883383049493252,13.440413736671497,0.0020421963197739144,71.572,39.1,42.2,61.318000000000005
Томская область,2020,0.9680551912040383,0.7258648431999389,1.265658195960607,0.7131481988508782,0.7458648580153814,0.6406840243378873,0.9152037964422216,13.88316359894573,71.54,13.3903899233561,13.45916779672438,-6.646598018306637,92.05339702188196,0,33.9,40.7,71.23,0.6840156619066102,1.0,0.0,-0.06877787336827978,0.1929412801007383,6.840156619066102,7.181908666166396,1.0,0.1,13.883383049493252,13.440413736671497,0.0020421963197739144,71.572,39.1,42.2,61.318000000000005
Томская область,2021,0.897337361533409,0.7316522283803395,1.29131499476934,0.8075093666094753,0.7403005536271083,0.7185208217673023,0.905124073354528,13.87754500903366,71.38,13.42944328935441,13.3903899233561,3.982597352065187,92.05339702188196,0,33.9,40.7,71.23,0.6857148412301061,1.0,0.0,0.039053365998309886,-0.01007972308769356,6.85714841230106,7.181908666166396,1.0,0.1,13.883383049493252,13.440413736671497,0.0020421963197739144,71.572,39.1,42.2,61.318000000000005
Тульская область,2012,0.3939544024166916,0.3681739432479602,0.4744873824037769,0.572636851523324,1.127168348334589,0.8651060954489783,0.5549102243741323,14.25175896103513,78.34,12.90911563900654,12.88226296195612,2.721645905696124,95.30925002623609,0,72.8,61.3,67.77,0.7405243030858282,1.0,1.0,0.02685267705041916,,7.405243030858282,8.399521489189901,1.0,0.2,14.24050427557213,13.069838428029508,0.04070484021754996,75.926,57.15,59.2,71.199
Тульская область,2013,0.3674018851721261,0.2362861334954909,0.6573395809230482,0.7027714616584091,1.149312318033175,0.3367956616632465,0.6906625855288456,14.24792459305856,77.68,12.95600949644356,12.90911563900654,4.801076462728449,95.30925002623609,0,72.8,61.3,67.77,0.7389937106918224,1.0,0.0,0.046893857437019904,0.13575236115471334,7.389937106918224,8.399521489189901,1.0,0.2,14.24050427557213,13.069838428029508,0.04070484021754996,75.926,57.15,59.2,71.199
Тульская область,2014,0.4102432976396698,0.3401062215721096,0.5026283737701416,0.8614430086792767,1.083388720470996,0.2989755799070707,0.701793082492631,14.24543670713675,77.12,13.01487771580147,12.95600949644356,6.063546030820799,95.30925002623609,0,72.8,61.3,67.77,0.7416663403334749,1.0,0.0,0.05886821935790998,0.011130496963785319,7.4166634033347485,8.399521489189901,1.0,0.2,14.24050427557213,13.069838428029508,0.04070484021754996,75.926,57.15,59.2,71.199
Тульская область,2015,0.3543128310198294,0.2602824625604555,0.6368475214854391,0.5318796492979382,1.898269384277417,0.8690858558073071,0.5618392740125396,14.2444428126388,76.6,13.07035979558349,13.01487771580147,5.705007433494114,95.30925002623609,0,72.8,61.3,67.77,0.7372876784748579,1.0,0.0,0.05548207978202058,-0.1399538084800913,7.372876784748579,8.399521489189901,1.0,0.2,14.24050427557213,13.069838428029508,0.04070484021754996,75.926,57.15,59.2,71.199
Тульская область,2016,0.3665582950829662,0.246405792008558,0.8033109933912076,0.5662981886341628,1.769664692678413,0.6568656211389646,0.6329414863012335,14.24395819942426,76.12,13.11102619843086,13.07035979558349,4.15046046154961,95.30925002623609,0,72.8,61.3,67.77,0.7372876784748579,1.0,0.0,0.040666402847369554,0.07110221228869384,7.372876784748579,8.399521489189901,1.0,0.2,14.24050427557213,13.069838428029508,0.04070484021754996,75.926,57.15,59.2,71.199
Тульская область,2017,0.4095140063899824,0.3603146980002484,0.6205326767677717,0.6732092951705302,1.876058261039628,0.673073216119421,0.6599063992053347,14.24319237060203,75.66,13.15101274040637,13.11102619843086,4.079676702975421,95.30925002623609,0,45.6,53.0,67.77,0.9664426768936535,1.0,1.0,0.03998654197551055,0.02696491290410119,9.664426768936535,8.399521489189901,1.0,0.2,14.24050427557213,13.069838428029508,0.04070484021754996,75.926,57.15,59.2,71.199
Тульская область,2018,0.3647654636898863,0.287705949573495,0.4922782211615938,0.6931503318401206,1.749164895619886,0.7315383695281608,0.5922487089014898,14.24033898119888,75.2,13.18536479686889,13.15101274040637,3.494890304761311,95.30925002623609,0,45.6,53.0,67.77,0.9163995847846481,1.0,0.0,0.03435205646252015,-0.06765769030384483,9.163995847846481,8.399521489189901,1.0,0.2,14.24050427557213,13.069838428029508,0.04070484021754996,75.926,57.15,59.2,71.199
Тульская область,2019,0.3569127926995851,0.1666550621716201,0.8783829093495619,0.778890079550559,1.412110448301275,0.5966250950898875,0.8093018145040957,14.23577823217136,74.73,13.19092504622949,13.18536479686889,0.5575736237403595,95.30925002623609,0,45.6,53.0,79.2,0.9340358442374751,1.0,0.0,0.005560249360598846,0.21705310560260582,9.34035844237475,8.399521489189901,1.0,0.2,14.24050427557213,13.069838428029508,0.04070484021754996,75.926,57.15,59.2,71.199
Тульская область,2020,0.5082054085053068,0.1705062421907975,0.9231694540472248,0.85290781263768,1.147275122249044,0.7400282588425925,0.8786028371929276,14.22980259386739,74.2,13.22742988956829,13.19092504622949,3.717932741645891,95.30925002623609,0,45.6,53.0,79.2,0.9363878526864031,1.0,0.0,0.03650484333880044,0.06930102268883198,9.363878526864031,8.399521489189901,1.0,0.2,14.24050427557213,13.069838428029508,0.04070484021754996,75.926,57.15,59.2,71.199
Тульская область,2021,0.5559837732320879,0.1699209491653279,1.473990807488342,0.9921895039141229,1.247588530246778,0.7270203109425574,1.089399809500401,14.22240930458814,73.61,13.28931136413162,13.22742988956829,6.38362455996464,95.30925002623609,0,45.6,53.0,79.2,0.95049581952688,1.0,0.0,0.061881474563330485,0.2107969723074733,9.5049581952688,8.399521489189901,1.0,0.2,14.24050427557213,13.069838428029508,0.04070484021754996,75.926,57.15,59.2,71.199
Тюменская область,2012,3.167814552137734,0.0,13.0634313935759,0.419529307613999,1.073419522413716,1.217998633007369,2.703125337213869,14.13760854978199,61.93,13.90734961922172,13.90512564447123,0.2226449616672621,73.31976912372754,0,76.2,62.2,73.1,0.7055550998845518,1.0,0.0,0.0022239747504890772,,7.055550998845518,7.07239478992211,1.0,0.1,14.218849082364192,13.851065183654274,-0.010386970251895989,64.976,60.3,78.65,75.095
Тюменская область,2013,1.316972567557895,0.0,4.229208410484119,0.378672735214879,0.9740279207605557,0.8150337952532036,1.404948970528423,14.15797693662472,62.91,13.97224107632981,13.90734961922172,6.704319814373161,73.31976912372754,0,76.2,62.2,73.1,0.7014925373134324,1.0,0.0,0.06489145710809119,-1.2981763666854458,7.014925373134324,7.07239478992211,1.0,0.1,14.218849082364192,13.851065183654274,-0.010386970251895989,64.976,60.3,78.65,75.095
Тюменская область,2014,,0.0,0.0,0.4407002748566842,1.088420181608213,0.4938670708893124,0.2446163933585916,14.17669979712232,63.67,13.77319466170093,13.97224107632981,-18.04881448884522,73.31976912372754,0,76.2,62.2,73.1,0.7158173794103254,1.0,0.0,-0.19904641462887973,-1.1603325771698314,7.158173794103254,7.07239478992211,1.0,0.1,14.218849082364192,13.851065183654274,-0.010386970251895989,64.976,60.3,78.65,75.095
Тюменская область,2015,,0.0,0.0,0.3862728024974758,1.113561763590338,0.6577581830817669,0.2760239429263305,14.19545202494015,64.1,13.80608566703494,13.77319466170093,3.343789388448504,73.31976912372754,0,76.2,62.2,73.1,0.7092386907067928,1.0,0.0,0.032891005334009904,0.03140754956773889,7.092386907067928,7.07239478992211,1.0,0.1,14.218849082364192,13.851065183654274,-0.010386970251895989,64.976,60.3,78.65,75.095
Тюменская область,2016,,0.0,0.0,0.5900145845251612,1.108099796239754,0.5052900206256653,0.4241141909800541,14.21502331928644,64.69,13.7924964443662,13.80608566703494,-1.349730601207966,73.31976912372754,0,76.2,62.2,73.1,0.7185800175845768,1.0,0.0,-0.013589222668739964,0.14809024805372362,7.185800175845768,7.07239478992211,1.0,0.1,14.218849082364192,13.851065183654274,-0.010386970251895989,64.976,60.3,78.65,75.095
Тюменская область,2017,,0.0,0.0,0.4569358741850125,1.10531913849698,0.6160470229377797,0.3415417850927154,14.23287261588441,65.44,13.8272395978874,13.7924964443662,3.535374768108634,73.31976912372754,0,81.1,58.4,73.1,0.7164177057569872,1.0,0.0,0.03474315352119994,-0.08257240588733872,7.164177057569871,7.07239478992211,1.0,0.1,14.218849082364192,13.851065183654274,-0.010386970251895989,64.976,60.3,78.65,75.095
Тюменская область,2018,0.1842520343487287,0.0,0.4891395649668419,0.2602118023803539,0.9780720775413615,0.6259719403544779,0.3752062767384883,14.24940891602374,66.07,13.89228328474049,13.8272395978874,6.720564622209291,73.31976912372754,0,81.1,58.4,73.1,0.685096804971215,1.0,0.0,0.06504368685308926,0.0336644916457729,6.850968049712149,7.07239478992211,1.0,0.1,14.218849082364192,13.851065183654274,-0.010386970251895989,64.976,60.3,78.65,75.095
Тюменская область,2019,0.1536137377055473,0.0,0.5746477398354969,0.2335301420344037,0.9983144666534003,0.5262934241735311,0.3377987410205988,14.26484389610243,66.57,13.85255561209276,13.89228328474049,-3.894887597327013,73.31976912372754,0,81.1,58.4,79.75,0.7094180059438947,1.0,1.0,-0.03972767264773047,-0.03740753571788946,7.094180059438947,7.07239478992211,1.0,0.1,14.218849082364192,13.851065183654274,-0.010386970251895989,64.976,60.3,78.65,75.095
Тюменская область,2020,0.07257693160345728,0.0,0.1617593168603431,0.2342016260298159,1.074247678800518,0.6757270306570142,0.2077091206512613,14.27556927509216,67.0,13.78208022869725,13.85255561209276,-6.804931929525171,73.31976912372754,0,81.1,58.4,79.75,0.7022908895148012,1.0,0.0,-0.07047538339550918,-0.13008962036933752,7.022908895148012,7.07239478992211,1.0,0.1,14.218849082364192,13.851065183654274,-0.010386970251895989,64.976,60.3,78.65,75.095
Тюменская область,2021,0.07798965864725847,0.0,0.2634388932646968,0.2617177167817739,1.080840030455954,0.6899274357975992,0.2620649887601426,14.28303549278356,67.38,13.80125594195227,13.78208022869725,1.936074807695798,73.31976912372754,0,81.1,58.4,79.75,0.7084876588355337,1.0,0.0,0.0191757132550201,0.05435586810888132,7.084876588355336,7.07239478992211,1.0,0.1,14.218849082364192,13.851065183654274,-0.010386970251895989,64.976,60.3,78.65,75.095
Удмуртская Республика,2012,0.5919977949759107,0.3593161707807922,1.318848486890494,0.7510629612423311,0.9820766577022182,1.060263544742581,0.8536098461532783,14.22954220163856,66.48,13.20338907927821,13.16782932361036,3.619956507513655,62.2204206534331,1,56.6,45.1,65.75,0.0,0.0,0.0,0.03555975566785108,,0.0,2.630665096225134,0.4,0.2,14.214643371335915,13.247385497285697,0.013070305571228147,65.38,47.8,50.55,68.894
Удмуртская Республика,2013,0.3870251560649161,0.2044659019885785,0.7907204313316226,1.185261307103762,1.011111713281703,0.2897664104752118,1.080105048647222,14.22706111212834,64.66,13.23251209973486,13.20338907927821,2.955124254881536,62.2204206534331,1,56.6,45.1,65.75,0.0,0.0,0.0,0.02912302045664994,0.22649520249394361,0.0,2.630665096225134,0.4,0.2,14.214643371335915,13.247385497285697,0.013070305571228147,65.38,47.8,50.55,68.894
Удмуртская Республика,2014,0.6279588574088847,0.4094356567942454,0.9157992359500612,0.9092861255248099,0.9584536761955049,0.2510551074516353,0.9121840496825027,14.22486808078778,64.9,13.24465546192858,13.23251209973486,1.221739217053486,62.2204206534331,1,56.6,45.1,65.75,0.0,0.0,0.0,0.012143362193720364,-0.16792099896471924,0.0,2.630665096225134,0.4,0.2,14.214643371335915,13.247385497285697,0.013070305571228147,65.38,47.8,50.55,68.894
Удмуртская Республика,2015,0.5623421726618029,0.465747114510127,0.8525830310413237,0.9258702003277788,0.9910418422292625,0.5891052264427192,0.90495278967192,14.22268686779795,65.05,13.24483467224774,13.24465546192858,0.01792263782891546,62.2204206534331,1,56.6,45.1,65.75,0.0,0.0,1.0,0.00017921031915868468,-0.0072312600105826075,0.0,2.630665096225134,0.4,0.2,14.214643371335915,13.247385497285697,0.013070305571228147,65.38,47.8,50.55,68.894
Удмуртская Республика,2016,0.5368028401897016,0.5702741855591762,0.4151349595208149,0.7729308330232814,1.053502148379428,0.6223260384400506,0.6723257331160549,14.22028943066677,65.15,13.26408922644534,13.24483467224774,1.944111860736486,62.2204206534331,1,56.6,45.1,65.75,0.0,0.0,0.0,0.019254554197599916,-0.23262705655586513,0.0,2.630665096225134,0.4,0.2,14.214643371335915,13.247385497285697,0.013070305571228147,65.38,47.8,50.55,68.894
Удмуртская Республика,2017,0.9372452491165957,0.6655629908841769,2.102506119112945,0.8277507560078087,0.9158753024210595,0.8584343965834511,1.149676090067873,14.21673803330953,65.25,13.26363260240504,13.26408922644534,-0.04565198034087725,62.2204206534331,1,44.5,50.5,65.75,0.0,0.0,0.0,-0.0004566240402983368,0.47735035695181816,0.0,2.630665096225134,0.4,0.2,14.214643371335915,13.247385497285697,0.013070305571228147,65.38,47.8,50.55,68.894
Удмуртская Республика,2018,0.9248616273013407,0.5632538194410004,1.523225232785889,0.8629259196408643,0.9845616573198743,0.6396466071825699,1.194605972668347,14.21138448405094,65.4,13.28878877895982,13.26363260240504,2.547526321245064,62.2204206534331,1,44.5,50.5,65.75,0.6477278883364228,1.0,1.0,0.025156176554778753,0.044929882600473814,6.477278883364228,2.630665096225134,0.4,0.2,14.214643371335915,13.247385497285697,0.013070305571228147,65.38,47.8,50.55,68.894
Удмуртская Республика,2019,1.022518940064431,0.5967954524752566,2.189368119426054,1.143399678843481,1.041906939318674,0.5200096511298108,1.463118346500476,14.20514434269972,65.55,13.29902094158057,13.28878877895982,1.028469020075318,62.2204206534331,1,44.5,50.5,76.23,0.6567710296215281,1.0,0.0,0.010232162620750884,0.2685123738321291,6.567710296215282,2.630665096225134,0.4,0.2,14.214643371335915,13.247385497285697,0.013070305571228147,65.38,47.8,50.55,68.894
Удмуртская Республика,2020,1.05704479014054,0.6161030989302441,1.59887303931753,1.071881466987088,1.016895329328311,0.5293033374472373,1.264604852319212,14.1982405030936,65.65,13.26510278666644,13.29902094158057,-3.334938299726808,62.2204206534331,1,44.5,50.5,76.23,0.6594989715156921,1.0,0.0,-0.03391815491413119,-0.19851349418126407,6.594989715156921,2.630665096225134,0.4,0.2,14.214643371335915,13.247385497285697,0.013070305571228147,65.38,47.8,50.55,68.894
Удмуртская Республика,2021,1.010839626574179,0.613931735919762,1.954634814451578,1.034917965745921,1.031396373276057,0.8141758806144607,1.220483997328384,14.19047865718598,65.71,13.29853237932264,13.26510278666644,3.399464034722954,62.2204206534331,1,44.5,50.5,76.23,0.6666672067514912,1.0,0.0,0.03342959265620138,-0.04412085499082785,6.666672067514911,2.630665096225134,0.4,0.2,14.214643371335915,13.247385497285697,0.013070305571228147,65.38,47.8,50.55,68.894
Ульяновская область,2012,0.6349344475676629,0.6892453585807734,0.4652780624322051,0.6537048108074827,0.9558701206030801,0.5248801790393536,0.619673340812319,14.05958316074421,73.97,12.81159058350857,12.77971781398537,3.23861459672512,73.57869033536369,0,60.4,43.6,58.18,0.0,0.0,0.0,0.03187276952320062,,0.0,0.0,0.0,0.0,14.032296613279021,12.85601346373942,0.01776994554110196,75.241,46.05,56.4,63.00699999999999
Ульяновская область,2013,0.5684960055202314,0.63748741852402,0.4159345393567191,0.6301248868700454,0.9522859751954705,0.5019113870671823,0.5730371250559424,14.05300661750288,74.21,12.83796975404608,12.81159058350857,2.673018051053933,73.57869033536369,0,60.4,43.6,58.18,0.0,0.0,0.0,0.026379170537509822,-0.04663621575637655,0.0,0.0,0.0,0.0,14.032296613279021,12.85601346373942,0.01776994554110196,75.241,46.05,56.4,63.00699999999999
Ульяновская область,2014,0.5033395198740673,0.5695190677459917,0.4161673291979331,0.5720846719402648,0.7800305419476806,1.549302713291678,0.5027112689676273,14.0474076847015,74.46,12.84855622835851,12.83796975404608,1.064270929983602,73.57869033536369,0,60.4,43.6,58.18,0.0,0.0,0.0,0.010586474312429317,-0.0703258560883151,0.0,0.0,0.0,0.0,14.032296613279021,12.85601346373942,0.01776994554110196,75.241,46.05,56.4,63.00699999999999
Ульяновская область,2015,0.5264609043403099,0.5909888386528755,0.332572693051817,0.6298584227958293,0.82834764087788,0.5350739525708057,0.5450079946550408,14.04256485234464,74.75,12.83421624129859,12.84855622835851,-1.423765915636166,73.57869033536369,0,60.4,43.6,58.18,0.0,0.0,0.0,-0.014339987059919679,0.042296725687413494,0.0,0.0,0.0,0.0,14.032296613279021,12.85601346373942,0.01776994554110196,75.241,46.05,56.4,63.00699999999999
Ульяновская область,2016,0.5571696928249225,0.6060092897121333,0.3796384289812869,0.6796465204186786,0.8552053655768034,0.5630602769280106,0.5952901981487208,14.0378177596356,75.05,12.85680325213596,12.83421624129859,2.284402880808334,73.57869033536369,0,60.4,43.6,58.18,0.0,0.0,0.0,0.022587010837369803,0.050282203493679956,0.0,0.0,0.0,0.0,14.032296613279021,12.85601346373942,0.01776994554110196,75.241,46.05,56.4,63.00699999999999
Ульяновская область,2017,0.6086927768658075,0.5758691182756212,0.7494753410792692,0.701133704201866,0.8586089532972784,0.4827820465492432,0.713341848643683,14.03251128068023,75.38,12.87601263626032,12.85680325213596,1.93950714173603,73.57869033536369,0,52.4,48.5,58.18,0.0,0.0,0.0,0.019209384124360795,0.11805165049496225,0.0,0.0,0.0,0.0,14.032296613279021,12.85601346373942,0.01776994554110196,75.241,46.05,56.4,63.00699999999999
Ульяновская область,2018,0.5757460581540749,0.5255975413538541,0.6587283574020812,0.6772836895651391,0.8390068046655796,0.3718440405059412,0.6679630172075202,14.02577877677582,75.7,12.88574064914454,12.87601263626032,0.9775483809275176,73.57869033536369,0,52.4,48.5,58.18,0.0,0.0,0.0,0.009728012884218984,-0.045378831436162836,0.0,0.0,0.0,0.0,14.032296613279021,12.85601346373942,0.01776994554110196,75.241,46.05,56.4,63.00699999999999
Ульяновская область,2019,0.5140979923724287,0.4772620886631261,0.6150601080819598,0.6168479926296347,0.7085994177658397,0.5700643767945509,0.6163014942427534,14.0180594884382,76.01,12.91522142926367,12.88574064914454,2.991964034887151,73.57869033536369,0,52.4,48.5,74.27,0.0,0.0,0.0,0.029480780119131467,-0.05166152296476678,0.0,0.0,0.0,0.0,14.032296613279021,12.85601346373942,0.01776994554110196,75.241,46.05,56.4,63.00699999999999
Ульяновская область,2020,0.5935255030746289,0.4900461056116444,0.7206807752362682,0.6757407900349541,0.7463115021825893,0.7037859065466949,0.69217556155601,14.00892453245579,76.29,12.91430604939257,12.91522142926367,-0.09149610387468865,73.57869033536369,0,52.4,48.5,74.27,0.0,0.0,0.0,-0.0009153798711007965,0.07587406731325663,0.0,0.0,0.0,0.0,14.032296613279021,12.85601346373942,0.01776994554110196,75.241,46.05,56.4,63.00699999999999
Ульяновская область,2021,0.8469615713167421,0.4880945177315968,1.700300611019281,0.7493605840500237,0.7120164222337292,0.7919455149481629,0.9412263385221151,13.99731197951134,76.59,12.95741726939639,12.91430604939257,4.405400808420379,73.57869033536369,0,52.4,48.5,74.27,0.0,0.0,0.0,0.043111220003819284,0.24905077696610511,0.0,0.0,0.0,0.0,14.032296613279021,12.85601346373942,0.01776994554110196,75.241,46.05,56.4,63.00699999999999
Хабаровский край,2012,0.872505504682942,1.151814584535432,0.0,1.704836223805123,1.190867234113287,1.004681505398363,1.396928332291011,14.10893958499252,82.03,13.4869116985232,13.48102151921383,0.590756052491459,91.81126152303911,0,53.2,38.1,56.15,0.0,0.0,0.0,0.0058901793093699695,,0.0,0.0,0.0,0.2,14.09581107317058,13.498208701900916,0.00944420509220798,82.83,37.7,45.05,59.039
Хабаровский край,2013,1.082863502851124,1.125629854641357,0.9882938013837224,3.182763616855331,1.173056717795792,8.080228177671014,2.597875588107503,14.10742018171514,82.28,13.50134732706712,13.4869116985232,1.454032541139494,91.81126152303911,0,53.2,38.1,56.15,0.0,0.0,0.0,0.014435628543919776,1.2009472558164918,0.0,0.0,0.0,0.2,14.09581107317058,13.498208701900916,0.00944420509220798,82.83,37.7,45.05,59.039
Хабаровский край,2014,1.220609061280471,1.048281558883741,1.447600123938406,1.412287022701717,1.082710743111917,2.994252070908642,1.427999129894019,14.1054346152887,82.51,13.51328322434674,13.50134732706712,1.20074143584723,91.81126152303911,0,53.2,38.1,56.15,0.0,0.0,0.0,0.011935897279620633,-1.169876458213484,0.0,0.0,0.0,0.2,14.09581107317058,13.498208701900916,0.00944420509220798,82.83,37.7,45.05,59.039
Хабаровский край,2015,1.072293539935578,0.9245581103889807,1.516196765474737,1.057244137185852,1.016580920199897,0.7723551467287134,1.188237061199341,14.10298385862474,82.72,13.47178209348151,13.51328322434674,-4.065174955271901,91.81126152303911,0,53.2,38.1,56.15,0.0,0.0,0.0,-0.041501130865229996,-0.23976206869467798,0.0,0.0,0.0,0.2,14.09581107317058,13.498208701900916,0.00944420509220798,82.83,37.7,45.05,59.039
Хабаровский край,2016,0.9869511770534041,1.105807614154616,0.5549096607554821,0.9122475471783726,0.9770572934729117,1.59604984718882,0.8117712241501134,14.10070228207113,82.88,13.4750631703682,13.47178209348151,0.3286465511342929,91.81126152303911,0,53.2,38.1,56.15,0.0,0.0,0.0,0.003281076886690215,-0.37646583704922754,0.0,0.0,0.0,0.2,14.09581107317058,13.498208701900916,0.00944420509220798,82.83,37.7,45.05,59.039
Хабаровский край,2017,1.007947750727421,1.146418885431165,0.4140370701255591,1.263323235098126,0.97697788106997,1.903832662587028,1.048845429956438,14.09793835083358,83.01,13.4927157140995,13.4750631703682,1.780927073327754,91.81126152303911,0,36.9,37.3,56.15,0.0,0.0,0.0,0.017652543731299986,0.23707420580632466,0.0,0.0,0.0,0.2,14.09581107317058,13.498208701900916,0.00944420509220798,82.83,37.7,45.05,59.039
Хабаровский край,2018,0.9354819914931987,1.041351400217451,0.7602966118145944,1.239112739243269,1.04184853351537,2.849894626861524,0.9985949083530291,14.09324531955833,83.09,13.51524866350309,13.4927157140995,2.278873388802349,91.81126152303911,0,36.9,37.3,56.15,0.0,0.0,0.0,0.022532949403590408,-0.050250521603408926,0.0,0.0,0.0,0.2,14.09581107317058,13.498208701900916,0.00944420509220798,82.83,37.7,45.05,59.039
Хабаровский край,2019,0.8601058859507809,0.9335186816952961,0.6588915696953555,1.208039248352444,1.07658431980335,1.968831271617066,1.040182592878798,14.08824547620877,83.16,13.5162404854551,13.51524866350309,0.09923139700596106,91.81126152303911,0,36.9,37.3,65.78,0.0,0.0,1.0,0.0009918219520095306,0.041587684525768887,0.0,0.0,0.0,0.2,14.09581107317058,13.498208701900916,0.00944420509220798,82.83,37.7,45.05,59.039
Хабаровский край,2020,1.01195644845569,0.9660168293659473,1.068406958524111,1.242913237491687,1.036846813883818,1.80074248170057,1.179095441135628,14.08000485998255,83.25,13.52847312295087,13.5162404854551,1.230776221779384,91.81126152303911,0,36.9,37.3,65.78,0.0,0.0,0.0,0.01223263749577086,0.13891284825683003,0.0,0.0,0.0,0.2,14.09581107317058,13.498208701900916,0.00944420509220798,82.83,37.7,45.05,59.039
Хабаровский край,2021,1.068734786940538,0.9849922577734029,1.267863597200047,1.337887894863725,1.163969819271844,1.046626433364505,1.323759491051089,14.07319620243033,83.37,13.57546357013591,13.52847312295087,4.811199661187748,91.81126152303911,0,36.9,37.3,65.78,0.0,0.0,1.0,0.04699044718503842,0.144664049915461,0.0,0.0,0.0,0.2,14.09581107317058,13.498208701900916,0.00944420509220798,82.83,37.7,45.05,59.039
Ханты-Мансийский автономный округ - Югра,2012,,0.0,0.0,0.5483150258326945,0.7582720536410867,0.5072155973329417,0.4492846784408328,14.26917200316782,91.65,15.1719990010568,15.20681352138889,-3.421546695975075,68.10534890794732,0,54.9,41.0,66.41,0.7405243030858282,1.0,0.0,-0.034814520332089316,,7.405243030858282,7.309642049936467,1.0,0.0,14.312446241182107,15.101363631381437,-0.018493822206228926,91.899,44.3,47.1,69.356
Ханты-Мансийский автономный округ - Югра,2013,,0.0,0.0,0.3103149906574637,0.740224245273559,0.8791594716875286,0.2276073034079406,14.28120177712145,91.77,15.15996922710316,15.1719990010568,-1.195770550148578,68.10534890794732,0,54.9,41.0,66.41,0.7389937106918224,1.0,0.0,-0.012029773953640799,-0.2216773750328922,7.389937106918224,7.309642049936467,1.0,0.0,14.312446241182107,15.101363631381437,-0.018493822206228926,91.899,44.3,47.1,69.356
Ханты-Мансийский автономный округ - Югра,2014,0.2518507778063739,0.0,0.5835904878956277,0.4749016910897348,0.9661282958231527,0.6680306280907428,0.5232613640216105,14.29064972771891,91.86,15.13743603695706,15.15996922710316,-2.228121397454852,68.10534890794732,0,54.9,41.0,66.41,0.7416663403334749,1.0,0.0,-0.022533190146099003,0.2956540606136699,7.4166634033347485,7.309642049936467,1.0,0.0,14.312446241182107,15.101363631381437,-0.018493822206228926,91.899,44.3,47.1,69.356
Ханты-Мансийский автономный округ - Югра,2015,0.1182938259109822,0.0,0.4737333507724871,0.2566213622477646,0.9413398235417725,0.9198580881250832,0.3185888344055556,14.30046868423283,91.91,15.10945310981545,15.13743603695706,-2.759503160813914,68.10534890794732,0,54.9,41.0,66.41,0.7372876784748579,1.0,0.0,-0.027982927141611214,-0.20467252961605492,7.372876784748579,7.309642049936467,1.0,0.0,14.312446241182107,15.101363631381437,-0.018493822206228926,91.899,44.3,47.1,69.356
Ханты-Мансийский автономный округ - Югра,2016,0.1227868638220903,0.0,0.569115427263619,0.2406225749405523,0.9319250829733802,0.9415880704271117,0.3329882467501912,14.31156136976099,91.94,15.07406773171826,15.10945310981545,-3.476663522554468,68.10534890794732,0,54.9,41.0,66.41,0.7492885653446006,1.0,0.0,-0.03538537809718889,0.014399412344635598,7.492885653446006,7.309642049936467,1.0,0.0,14.312446241182107,15.101363631381437,-0.018493822206228926,91.899,44.3,47.1,69.356
Ханты-Мансийский автономный округ - Югра,2017,0.05143576047559974,0.0,0.2720467027972256,0.1703801522081506,0.9566881699547329,1.6170369827426,0.1960549124079421,14.32078962800101,91.93,15.06683747614091,15.07406773171826,-0.7204180161308528,68.10534890794732,0,39.3,47.6,66.41,0.7480517343228789,1.0,0.0,-0.00723025557735113,-0.13693333434224908,7.480517343228788,7.309642049936467,1.0,0.0,14.312446241182107,15.101363631381437,-0.018493822206228926,91.899,44.3,47.1,69.356
Ханты-Мансийский автономный округ - Югра,2018,0.3431996192865311,0.0,0.9111026267252603,0.2156730367425478,1.093030804885851,1.051579658400907,0.564999650734778,14.32674729721071,91.93,15.07280837779648,15.06683747614091,0.5988763020645882,68.10534890794732,0,39.3,47.6,66.41,0.7037043725136435,1.0,0.0,0.005970901655571126,0.3689447383268359,7.037043725136435,7.309642049936467,1.0,0.0,14.312446241182107,15.101363631381437,-0.018493822206228926,91.899,44.3,47.1,69.356
Ханты-Мансийский автономный округ - Югра,2019,0.1217907235037134,0.0,0.4556022465158174,0.2345659691773665,1.105884270480207,3.463373636137443,0.3021295985877824,14.33325916250265,91.96,15.05321127295588,15.07280837779648,-1.940632982669421,68.10534890794732,0,39.3,47.6,76.23,0.7122728067726419,1.0,0.0,-0.019597104840601176,-0.2628700521469956,7.1227280677264195,7.309642049936467,1.0,0.0,14.312446241182107,15.101363631381437,-0.018493822206228926,91.899,44.3,47.1,69.356
Ханты-Мансийский автономный округ - Югра,2020,0.08713836291255816,0.0,0.1942138052084943,0.3042942914432559,1.134588429824497,1.768072625165986,0.2640373213510152,14.34096071995061,91.99,14.96104055888148,15.05321127295588,-8.805054635115484,68.10534890794732,0,39.3,47.6,76.23,0.7187508322378058,1.0,0.0,-0.09217071407439903,-0.03809227723676717,7.187508322378058,7.309642049936467,1.0,0.0,14.312446241182107,15.101363631381437,-0.018493822206228926,91.899,44.3,47.1,69.356
Ханты-Мансийский автономный округ - Югра,2021,0.07026055765453028,0.0,0.237330998362057,0.3317812416055288,1.27246569249103,0.7296188629209774,0.3127245538375976,14.3496520421541,92.05,15.0218752993266,14.96104055888148,6.272327449921877,68.10534890794732,0,39.3,47.6,76.23,0.7191017061589129,1.0,0.0,0.06083474044512016,0.04868723248658241,7.191017061589129,7.309642049936467,1.0,0.0,14.312446241182107,15.101363631381437,-0.018493822206228926,91.899,44.3,47.1,69.356
Челябинская область,2012,1.19553887120152,0.6936533496604159,2.76332850588345,1.046741732713776,2.239016464133729,1.637496816137621,1.356771873173829,15.06341373678799,82.16,13.19489086889665,13.17262441800372,2.251619853047604,83.79738904074622,0,59.7,50.3,65.02,0.0,0.0,0.0,0.022266450892930223,,0.0,1.4601981898440337,0.2,0.2,15.063058138389987,13.21378815960539,0.013439296059669027,82.533,44.25,52.05,67.414
Челябинская область,2013,1.160345538600148,0.480021582052105,2.664753344705419,1.368016313363198,2.074031396982477,1.343652912426681,1.713633264081231,15.06491130910769,82.29,13.2082819090707,13.19489086889665,1.348110170939476,83.79738904074622,0,59.7,50.3,65.02,0.0,0.0,0.0,0.013391040174051128,0.3568613909074021,0.0,1.4601981898440337,0.2,0.2,15.063058138389987,13.21378815960539,0.013439296059669027,82.533,44.25,52.05,67.414
Челябинская область,2014,1.2536797747911,0.8794274879403159,1.746647659272168,1.348940683529436,2.172874407689572,1.402438468528067,1.525895253226183,15.06670715748689,82.45,13.23410122772447,13.2082819090707,2.6155524561013,83.79738904074622,0,59.7,50.3,65.02,0.0,0.0,0.0,0.02581931865376852,-0.18773801085504815,0.0,1.4601981898440337,0.2,0.2,15.063058138389987,13.21378815960539,0.013439296059669027,82.533,44.25,52.05,67.414
Челябинская область,2015,1.293351877915518,1.027419601608184,2.092403233369583,1.276753618104287,2.20271787537006,1.606025922272131,1.509553958462783,15.06831009721949,82.55,13.22748574616832,13.23410122772447,-0.6593647432322602,83.79738904074622,0,59.7,50.3,65.02,0.0,0.0,1.0,-0.0066154815561496605,-0.01634129476339985,0.0,1.4601981898440337,0.2,0.2,15.063058138389987,13.21378815960539,0.013439296059669027,82.533,44.25,52.05,67.414
Челябинская область,2016,1.303499665430284,1.114059522036014,1.99211198459362,1.199388740689439,2.329641666646165,1.010240969559457,1.422286786916378,15.0691114610087,82.59,13.19519371528775,13.22748574616832,-3.177621045671997,83.79738904074622,0,59.7,50.3,65.02,0.0,0.0,0.0,-0.0322920308805692,-0.08726717154640506,0.0,1.4601981898440337,0.2,0.2,15.063058138389987,13.21378815960539,0.013439296059669027,82.533,44.25,52.05,67.414
Челябинская область,2017,1.513206599424588,1.424127211346902,1.895273230957619,1.081161730570056,2.122319721251339,0.6618205639547038,1.286756564143462,15.06809293872609,82.64,13.21405215569869,13.19519371528775,1.903738389331999,83.79738904074622,0,44.4,38.2,65.02,0.0,0.0,0.0,0.018858440410939536,-0.13553022277291604,0.0,1.4601981898440337,0.2,0.2,15.063058138389987,13.21378815960539,0.013439296059669027,82.533,44.25,52.05,67.414
Челябинская область,2018,1.364604831519364,1.155142526522934,1.71120857542739,1.076996542021465,2.023817798632572,0.7409847032237726,1.395572491871868,15.06436790945715,82.68,13.2277275158208,13.21405215569869,1.376929557127982,83.79738904074622,0,44.4,38.2,65.02,0.0,0.0,0.0,0.013675360122109126,0.10881592772840598,0.0,1.4601981898440337,0.2,0.2,15.063058138389987,13.21378815960539,0.013439296059669027,82.533,44.25,52.05,67.414
Челябинская область,2019,1.362439260206493,1.113835846303704,2.043826822686717,1.348010693455144,2.155996981323195,1.452670458682421,1.560699142877441,15.06061829983869,82.67,13.22445251050229,13.2277275158208,-0.3269648338227515,83.79738904074622,0,44.4,38.2,73.0,0.0,0.0,0.0,-0.0032750053185086614,0.1651266510055731,0.0,1.4601981898440337,0.2,0.2,15.063058138389987,13.21378815960539,0.013439296059669027,82.533,44.25,52.05,67.414
Челябинская область,2020,1.700910426337272,0.951525025431352,2.62175367574097,1.757944998862403,2.250661936550847,1.680757353163365,2.073844040190741,15.05594961231365,82.66,13.23907152888049,13.22445251050229,1.472639885500437,83.79738904074622,0,44.4,38.2,73.0,0.7301595756066585,1.0,1.0,0.01461901837820001,0.5131448973133002,7.301595756066584,1.4601981898440337,0.2,0.2,15.063058138389987,13.21378815960539,0.013439296059669027,82.533,44.25,52.05,67.414
Челябинская область,2021,1.589190566983621,0.9663953284770441,3.070116401353709,1.809206069690499,2.234252752777489,1.777881871815312,2.063612767531643,15.04909886195355,82.64,13.30701737860041,13.23907152888049,7.030734946678718,83.79738904074622,0,44.4,38.2,73.0,0.7300386142373754,1.0,0.0,0.06794584971991924,-0.010231272659098067,7.300386142373753,1.4601981898440337,0.2,0.2,15.063058138389987,13.21378815960539,0.013439296059669027,82.533,44.25,52.05,67.414
Чувашская Республика,2012,1.036131271416466,1.306475803609418,0.1916292143266729,0.7104739039318314,0.9092086730501735,0.6563165473057262,0.6167661493869115,14.03301986670138,59.57,12.65205635924599,12.58787268034946,6.628823542189433,26.86003905114038,1,61.7,43.4,62.32,0.0,0.0,0.0,0.06418367889652998,,0.0,1.3548450698119257,0.2,0.1,14.015324518032207,12.646276986344116,0.013769500076335105,61.742999999999995,47.15,60.55,66.811
Чувашская Республика,2013,1.286611150282827,1.615535395001915,0.5592573703520607,0.7607036443480956,0.9063186503834684,0.2040917506561859,0.7070125371542539,14.02889383236392,59.95,12.63699957416667,12.65205635924599,-1.494399846832328,26.86003905114038,1,61.7,43.4,62.32,0.0,0.0,0.0,-0.015056785079320179,0.0902463877673424,0.0,1.3548450698119257,0.2,0.1,14.015324518032207,12.646276986344116,0.013769500076335105,61.742999999999995,47.15,60.55,66.811
Чувашская Республика,2014,0.9695515417654001,1.321857425963925,0.5054916214239581,0.9643426066992306,0.751865702074743,0.268561597828656,0.7601828015998151,14.02538567159242,60.4,12.64250573760085,12.63699957416667,0.5521350212886134,26.86003905114038,1,61.7,43.4,62.32,0.0,0.0,0.0,0.005506163434180422,0.053170264445561166,0.0,1.3548450698119257,0.2,0.1,14.015324518032207,12.646276986344116,0.013769500076335105,61.742999999999995,47.15,60.55,66.811
Чувашская Республика,2015,1.105360965357459,1.220733604290565,0.7586987820304922,0.9571094211221204,0.6864104953784584,0.4211575043326916,0.9004796337148722,14.02282143129511,60.94,12.61769878110203,12.64250573760085,-2.450179255749341,26.86003905114038,1,61.7,43.4,62.32,0.0,0.0,0.0,-0.024806956498819588,0.14029683211505706,0.0,1.3548450698119257,0.2,0.1,14.015324518032207,12.646276986344116,0.013769500076335105,61.742999999999995,47.15,60.55,66.811
Чувашская Республика,2016,1.12905112358902,1.224346696032461,0.7826530266993857,1.145823011924432,0.5814777509456754,0.5908511832215404,1.043706818438987,14.02079314772874,61.58,12.62570913634594,12.61769878110203,0.8042523976440341,26.86003905114038,1,61.7,43.4,62.32,0.0,0.0,0.0,0.008010355243909473,0.1432271847241149,0.0,1.3548450698119257,0.2,0.1,14.015324518032207,12.646276986344116,0.013769500076335105,61.742999999999995,47.15,60.55,66.811
Чувашская Республика,2017,1.215244492264074,1.436721301769854,0.2653176865617348,0.8631764663882758,0.5491851500038155,0.6592471219266495,0.7121938598530265,14.01780629596565,62.14,12.64259889327803,12.62570913634594,1.703319528512237,26.86003905114038,1,59.4,50.9,62.32,0.0,0.0,0.0,0.01688975693209116,-0.3315129585859605,0.0,1.3548450698119257,0.2,0.1,14.015324518032207,12.646276986344116,0.013769500076335105,61.742999999999995,47.15,60.55,66.811
Чувашская Республика,2018,1.071663046947796,1.534198792586986,0.3062908663419974,1.049503848983374,0.5740586783772361,0.598218689384404,0.6761747895919952,14.01194374239038,62.62,12.66826407414948,12.64259889327803,2.599736741344261,26.86003905114038,1,59.4,50.9,62.32,0.0,0.0,0.0,0.025665180871449422,-0.03601907026103135,0.0,1.3548450698119257,0.2,0.1,14.015324518032207,12.646276986344116,0.013769500076335105,61.742999999999995,47.15,60.55,66.811
Чувашская Республика,2019,1.424701612239392,1.657875936368557,0.7856030501678604,1.15120054479529,0.6117392833837607,0.5702309734211521,1.03944923438681,14.00551502547098,63.07,12.6984093176862,12.66826407414948,3.060421168405325,26.86003905114038,1,59.4,50.9,77.29,0.0,0.0,0.0,0.030145243536720656,0.36327444479481485,0.0,1.3548450698119257,0.2,0.1,14.015324518032207,12.646276986344116,0.013769500076335105,61.742999999999995,47.15,60.55,66.811
Чувашская Республика,2020,1.258402027368638,1.710535810600603,0.7028209583843769,1.016452413214447,0.6785909896756211,0.7173028897480792,0.901755862273041,13.9981553958306,63.39,12.69065530951652,12.6984093176862,-0.7724023399100499,26.86003905114038,1,59.4,50.9,77.29,0.6739934544061467,1.0,1.0,-0.007754008169680304,-0.13769337211376897,6.739934544061467,1.3548450698119257,0.2,0.1,14.015324518032207,12.646276986344116,0.013769500076335105,61.742999999999995,47.15,60.55,66.811
Чувашская Республика,2021,1.499726720123494,1.702158614703234,1.018370081780385,1.089753337035764,0.6075700424590162,0.799437243126133,1.075350744087924,13.98891077098289,63.77,12.72556768111281,12.69065530951652,3.552896307369968,26.86003905114038,1,59.4,50.9,77.29,0.680851615405779,1.0,0.0,0.034912371596290015,0.17359488181488292,6.80851615405779,1.3548450698119257,0.2,0.1,14.015324518032207,12.646276986344116,0.013769500076335105,61.742999999999995,47.15,60.55,66.811
Чукотский автономный округ,2012,0.5061374060236471,0.07804939921805504,1.843398416742979,0.3606073318996381,0.08239565114087866,0.09761665406561736,0.62841198674854,10.83057973810414,65.99,14.57608754024821,14.57911183459768,-0.3019725778050431,52.49183348689171,0,79.1,70.3,72.64,0.6958899615299681,1.0,0.0,-0.0030242943494691588,,6.95889961529968,6.804508789301023,1.0,0.0,10.798123244199113,14.708184506899169,0.031235427564129024,67.761,64.55,71.8,75.541
Чукотский автономный округ,2013,0.3744457687237566,0.04153049117703067,1.110624963197893,0.428039314296932,0.09663327874097845,0.0583473559754254,0.6099676196317863,10.82275385301181,66.41,14.58790544661007,14.57608754024821,1.18880137191173,52.49183348689171,0,79.1,70.3,72.64,0.6811594202898549,1.0,0.0,0.011817906361860864,-0.01844436711675379,6.811594202898549,6.804508789301023,1.0,0.0,10.798123244199113,14.708184506899169,0.031235427564129024,67.761,64.55,71.8,75.541
Чукотский автономный округ,2014,1.101908221744202,1.634281984282213,0.4006615582168659,0.1733420389305308,0.09630739537380098,0.1927838857611554,0.2744849159038671,10.81655308905459,66.94,14.73299820943391,14.58790544661007,15.61468127370134,52.49183348689171,0,79.1,70.3,72.64,0.6953121940626329,1.0,0.0,0.14509276282383965,-0.33548270372791916,6.953121940626329,6.804508789301023,1.0,0.0,10.798123244199113,14.708184506899169,0.031235427564129024,67.761,64.55,71.8,75.541
Чукотский автономный округ,2015,1.45157783308153,1.784881090348201,0.4500957144221228,0.4281607635564464,0.1039526959040341,0.1131370458208588,0.4344213734209106,10.80871733705086,67.51,14.74880213108682,14.73299820943391,1.592946410515661,52.49183348689171,0,79.1,70.3,72.64,0.68865392659657,1.0,0.0,0.01580392165290867,0.1599364575170435,6.8865392659657,6.804508789301023,1.0,0.0,10.798123244199113,14.708184506899169,0.031235427564129024,67.761,64.55,71.8,75.541
Чукотский автономный округ,2016,1.82738985442264,2.016530468486835,1.139866320259913,0.8233328977085209,0.07937958668397035,0.1089616598437213,0.9123358151765996,10.7975940232744,68.06,14.717017943852,14.74880213108682,-3.128437928143468,52.49183348689171,0,79.1,70.3,72.64,0.6976134918725594,1.0,0.0,-0.03178418723481968,0.477914441755689,6.976134918725593,6.804508789301023,1.0,0.0,10.798123244199113,14.708184506899169,0.031235427564129024,67.761,64.55,71.8,75.541
Чукотский автономный округ,2017,1.364494072235853,1.608241907133765,0.3190455545417568,0.6465684909910863,0.08365529328661797,0.1318332588207563,0.5638562045552397,10.78547665271326,68.37,14.73013481474622,14.717017943852,1.320327441321378,52.49183348689171,0,64.5,58.8,72.64,0.6956519751553348,1.0,0.0,0.013116870894220867,-0.3484796106213599,6.956519751553349,6.804508789301023,1.0,0.0,10.798123244199113,14.708184506899169,0.031235427564129024,67.761,64.55,71.8,75.541
Чукотский автономный округ,2018,0.9292266151067214,1.447758535324912,0.07119583536090318,0.3343277311304215,0.08403244676780092,1.322742085568692,0.2021519141871027,10.77991416431514,68.46,14.77299308788804,14.73013481474622,4.378995129667373,52.49183348689171,0,64.5,58.8,72.64,0.6551730364782186,1.0,0.0,0.042858273141819225,-0.36170429036813695,6.551730364782186,6.804508789301023,1.0,0.0,10.798123244199113,14.708184506899169,0.031235427564129024,67.761,64.55,71.8,75.541
Чукотский автономный округ,2019,1.292105236748099,1.577732892410115,0.5092393500206307,0.5094708632770405,0.1079610128248226,3.205206017773599,0.5094000971745344,10.78568361063945,68.72,14.8112405269805,14.77299308788804,3.89882873934273,52.49183348689171,0,64.5,58.8,82.31,0.6641643245140783,1.0,0.0,0.03824743909246031,0.3072481829874317,6.6416432451407825,6.804508789301023,1.0,0.0,10.798123244199113,14.708184506899169,0.031235427564129024,67.761,64.55,71.8,75.541
Чукотский автономный округ,2020,0.9530555500625068,1.680559305517783,0.05910042187749177,0.3365398494729721,0.09947143495243364,0.3334442125406376,0.2350788992069956,10.78033034544317,68.62,14.82555353354826,14.8112405269805,1.441592809886405,52.49183348689171,0,64.5,58.8,82.31,0.6630638308211809,1.0,0.0,0.014313006567761022,-0.2743211979675388,6.630638308211809,6.804508789301023,1.0,0.0,10.798123244199113,14.708184506899169,0.031235427564129024,67.761,64.55,71.8,75.541
Чукотский автономный округ,2021,1.339199977528144,1.779592951096972,0.2920029350506685,0.471008168848399,0.1123603223678498,0.2327956111663631,0.4348913021028529,10.7736296283843,68.53,14.89146611023897,14.82555353354826,6.813333333333316,52.49183348689171,0,64.5,58.8,82.31,0.6678266279806251,1.0,0.0,0.06591257669070849,0.19981240289585728,6.678266279806251,6.804508789301023,1.0,0.0,10.798123244199113,14.708184506899169,0.031235427564129024,67.761,64.55,71.8,75.541
Ямало-Ненецкий автономный округ,2012,,0.0,0.0,0.146381146759974,0.2885815727650738,0.1707876854195663,0.1199434692711165,13.18720310317523,84.95,15.43716643231737,15.424049605231,1.320323002695445,61.73862802169426,0,82.2,71.7,84.58,0.6047615141867587,1.0,0.0,0.013116827086371075,,6.047615141867587,6.287617879029826,1.0,0.1,13.15681205450636,15.626406435148212,0.050444200389276085,84.786,69.4,78.3,84.86800000000001
Ямало-Ненецкий автономный округ,2013,,0.0,0.0,0.09433915745456407,0.2832614389117272,0.3486973939691158,0.0691951142563792,13.18271878651569,85.04,15.47990946109401,15.43716643231737,4.366966731750832,61.73862802169426,0,82.2,71.7,84.58,0.6151832460732974,1.0,0.0,0.04274302877663949,-0.050748355014737304,6.151832460732974,6.287617879029826,1.0,0.1,13.15681205450636,15.626406435148212,0.050444200389276085,84.786,69.4,78.3,84.86800000000001
Ямало-Ненецкий автономный округ,2014,,0.0,0.0,0.1326588108946738,0.3039313374995288,0.1892333880743315,0.07363399053664642,13.17332831788964,84.98,15.54473463660816,15.47990946109401,6.697247516359628,61.73862802169426,0,82.2,71.7,84.58,0.6402874880576774,1.0,0.0,0.06482517551414979,0.0044388762802672205,6.402874880576775,6.287617879029826,1.0,0.1,13.15681205450636,15.626406435148212,0.050444200389276085,84.786,69.4,78.3,84.86800000000001
Ямало-Ненецкий автономный округ,2015,,0.0,0.0,0.0653865547436381,0.3093944811819792,0.2481456805774269,0.04672411450667768,13.16013111241901,84.82,15.53874902266201,15.54473463660816,-0.5967735847239974,61.73862802169426,0,82.2,71.7,84.58,0.6304343917393708,1.0,0.0,-0.005985613946149826,-0.026909876029968735,6.304343917393708,6.287617879029826,1.0,0.1,13.15681205450636,15.626406435148212,0.050444200389276085,84.786,69.4,78.3,84.86800000000001
Ямало-Ненецкий автономный округ,2016,,0.0,0.0,0.06512893653951363,0.3505755015225188,0.186163450754928,0.04681597193411269,13.14879691273332,84.71,15.60457140763177,15.53874902266201,6.803700089405185,61.73862802169426,0,82.2,71.7,84.58,0.6383502097960082,1.0,0.0,0.0658223849697599,9.18574274350048e-05,6.383502097960082,6.287617879029826,1.0,0.1,13.15681205450636,15.626406435148212,0.050444200389276085,84.786,69.4,78.3,84.86800000000001
Ямало-Ненецкий автономный округ,2017,0.03054445211783272,0.0,0.1615513683587127,0.03689293588675999,0.3591585444631366,0.1043453088838671,0.06837404095085965,13.1458064291308,84.71,15.68359657751029,15.60457140763177,8.223156136443555,61.73862802169426,0,74.4,67.1,84.58,0.631578766917344,1.0,0.0,0.07902516987851982,0.021558069016746964,6.3157876691734405,6.287617879029826,1.0,0.1,13.15681205450636,15.626406435148212,0.050444200389276085,84.786,69.4,78.3,84.86800000000001
Ямало-Ненецкий автономный округ,2018,0.4820600533394377,0.0,1.279739708773382,0.01960996411032853,0.3660597701522973,0.8117466150963664,0.6525954787258064,13.14403288843911,84.7,15.82513206057714,15.68359657751029,15.20413814969284,61.73862802169426,0,74.4,67.1,84.58,0.6089749377521911,1.0,0.0,0.14153548306684982,0.5842214377749467,6.089749377521912,6.287617879029826,1.0,0.1,13.15681205450636,15.626406435148212,0.050444200389276085,84.786,69.4,78.3,84.86800000000001
Ямало-Ненецкий автономный округ,2019,0.07487776138181582,0.0,0.2801073457666949,0.03040092230678597,0.3654641951154635,0.9952468751310364,0.1067280866039509,13.14288535375007,84.68,15.88360466188545,15.82513206057714,6.02159367670716,61.73862802169426,0,74.4,67.1,85.54,0.6424674863266854,1.0,1.0,0.05847260130830989,-0.5458673921218554,6.424674863266854,6.287617879029826,1.0,0.1,13.15681205450636,15.626406435148212,0.050444200389276085,84.786,69.4,78.3,84.86800000000001
Ямало-Ненецкий автономный округ,2020,0.05508325480261703,0.0,0.1227694457517007,0.03673548950460804,0.3702005741121694,1.553260911853821,0.06819852643351523,13.14103202865931,84.63,15.84255048596493,15.88360466188545,-4.022286827031419,61.73862802169426,0,74.4,67.1,85.54,0.6355793196990603,1.0,0.0,-0.04105417592051985,-0.03852956017043567,6.355793196990604,6.287617879029826,1.0,0.1,13.15681205450636,15.626406435148212,0.050444200389276085,84.786,69.4,78.3,84.86800000000001
Ямало-Ненецкий автономный округ,2021,0.04013359429751419,0.0,0.1355660461637774,0.0646012394580919,0.4210192577991183,1.417564986046415,0.07891940442475878,13.14218561235142,84.64,15.92849160912376,15.84255048596493,8.974216583988536,61.73862802169426,0,74.4,67.1,85.54,0.6400005184814318,1.0,0.0,0.08594112315883073,0.01072087799124355,6.400005184814318,6.287617879029826,1.0,0.1,13.15681205450636,15.626406435148212,0.050444200389276085,84.786,69.4,78.3,84.86800000000001
Ярославская область,2012,0.2288395100371128,0.1723093302579344,0.4054284453631611,0.5414016236424033,0.9503734527938649,0.9189354096749048,0.5168437135969514,14.05331648928704,82.05,13.05054694481742,13.00430749343567,4.732516439186663,95.96558891889833,0,55.9,29.0,54.53,0.7055550998845518,1.0,0.0,0.046239451381749674,,7.055550998845518,5.257900789212982,0.6,0.2,14.039261888917235,13.116074009342586,0.025374938754583985,81.66900000000001,33.7,46.85,59.723
Ярославская область,2013,0.2382153749407815,0.1089721279622753,0.5240123805723554,0.7057260917020697,0.8822363426453657,0.4480826145789139,0.6572942684207501,14.05204011559228,81.97,13.07749106526076,13.05054694481742,2.73103955101055,95.96558891889833,0,55.9,29.0,54.53,0.0,0.0,1.0,0.026944120443340935,0.14045055482379876,0.0,5.257900789212982,0.6,0.2,14.039261888917235,13.116074009342586,0.025374938754583985,81.66900000000001,33.7,46.85,59.723
Ярославская область,2014,0.1793921541134558,0.01535427204172216,0.3954640674746655,0.7433489817075404,0.7796952153147103,0.3304674141663519,0.5885620932273903,14.05045539931662,81.87,13.09789753577701,13.07749106526076,2.061610608148556,95.96558891889833,0,55.9,29.0,54.53,0.0,0.0,0.0,0.020406470516249442,-0.06873217519335983,0.0,5.257900789212982,0.6,0.2,14.039261888917235,13.116074009342586,0.025374938754583985,81.66900000000001,33.7,46.85,59.723
Ярославская область,2015,0.298975099963388,0.0,1.197310804790243,0.6325430883928762,0.7325905227876844,0.6703006350864505,0.7937374470244722,14.04894260077068,81.78,13.10340235559249,13.09789753577701,0.5519999176516022,95.96558891889833,0,55.9,29.0,54.53,0.0,0.0,0.0,0.005504819815479678,0.20517535379708196,0.0,5.257900789212982,0.6,0.2,14.039261888917235,13.116074009342586,0.025374938754583985,81.66900000000001,33.7,46.85,59.723
Ярославская область,2016,0.06307541553839185,0.0,0.2923536846415001,0.5104778585713144,0.8008708312303927,0.5600998967256035,0.4491456690869129,14.04701585226116,81.73,13.11725767496728,13.10340235559249,1.395174915271435,95.96558891889833,0,55.9,29.0,54.53,0.0,0.0,0.0,0.013855319374791009,-0.34459177793755935,0.0,5.257900789212982,0.6,0.2,14.039261888917235,13.116074009342586,0.025374938754583985,81.66900000000001,33.7,46.85,59.723
Ярославская область,2017,0.125756315437342,0.09576347320652982,0.2543973450685108,0.5326313808648355,0.7595520586501547,1.147251250146852,0.4623664598352589,14.04296241518612,81.73,13.14405059901181,13.11725767496728,2.715508161959912,95.96558891889833,0,37.8,38.4,54.53,0.9442620252928162,1.0,1.0,0.026792924044530153,0.013220790748346034,9.442620252928162,5.257900789212982,0.6,0.2,14.039261888917235,13.116074009342586,0.025374938754583985,81.66900000000001,33.7,46.85,59.723
Ярославская область,2018,0.2933001139893734,0.1087380946721856,0.5987005863065908,0.4358115300427308,0.725335339266222,0.9017198645853322,0.5176335912559423,14.03693262838014,81.62,13.18157905287716,13.14405059901181,3.824153864647206,95.96558891889833,0,37.8,38.4,54.53,0.8934177770157551,1.0,0.0,0.037528453865348865,0.0552671314206834,8.93417777015755,5.257900789212982,0.6,0.2,14.039261888917235,13.116074009342586,0.025374938754583985,81.66900000000001,33.7,46.85,59.723
Ярославская область,2019,0.1686931933562379,0.1184773598699293,0.306327845431162,0.6253596583238848,0.7630881912685489,0.6420315410331123,0.5278419683050103,14.0303936857273,81.45,13.18911749586309,13.18157905287716,0.756692858128072,95.96558891889833,0,37.8,38.4,71.84,0.8962014809265902,1.0,0.0,0.007538442985930871,0.010208377049067963,8.962014809265902,5.257900789212982,0.6,0.2,14.039261888917235,13.116074009342586,0.025374938754583985,81.66900000000001,33.7,46.85,59.723
Ярославская область,2020,0.4284464061645544,0.09883407035853724,0.8334733709015693,0.8686674929030564,0.7756769689525941,0.5742735509468923,0.8557968310328408,14.02141679674692,81.33,13.19508987582316,13.18911749586309,0.5990250179467083,95.96558891889833,0,37.8,38.4,71.84,0.9041779511197938,1.0,0.0,0.005972379960068608,0.3279548627278305,9.041779511197937,5.257900789212982,0.6,0.2,14.039261888917235,13.116074009342586,0.025374938754583985,81.66900000000001,33.7,46.85,59.723
Ярославская область,2021,0.1892643371223199,0.0979451585760453,0.4064094312417327,0.8061026499963345,0.6995503588791527,0.7136515753102152,0.7254588251505754,14.0091429059041,81.16,13.25805688098151,13.19508987582316,6.499169941910776,95.96558891889833,0,37.8,38.4,71.84,0.9142864549734749,1.0,0.0,0.06296700515835063,-0.1303380058822654,9.14286454973475,5.257900789212982,0.6,0.2,14.039261888917235,13.116074009342586,0.025374938754583985,81.66900000000001,33.7,46.85,59.723
г. Москва,2012,0.09793268169131714,0.0,0.4038547229982558,4.887763424385231,8.758768011100125,15.00555397549794,4.077931456535361,16.28014000786433,100.0,14.38837333944725,14.37201570268734,1.649215536803617,91.65044468473364,0,61.7,46.6,46.95,0.9584899470129777,1.0,0.0,0.016357636759909866,,9.584899470129777,9.757022611351823,1.0,0.0,16.338118114759993,14.357745724283001,0.006782166732758022,100.0,42.2,48.5,54.126
г. Москва,2013,,0.0,0.0,2.481038574763619,9.331063572825085,7.954836558630178,1.819771898407465,16.29565128543189,100.0,14.38281239273287,14.38837333944725,-0.5545513271642988,91.65044468473364,0,61.7,46.6,46.95,0.9710743801652875,1.0,0.0,-0.005560946714380677,-2.258159558127896,9.710743801652875,9.757022611351823,1.0,0.0,16.338118114759993,14.357745724283001,0.006782166732758022,100.0,42.2,48.5,54.126
г. Москва,2014,,0.0,0.0,0.9368862004711929,8.548624581116561,4.698350196766204,0.5200308155496984,16.30952312278079,100.0,14.37093855804664,14.38281239273287,-1.180361889614756,91.65044468473364,0,61.7,46.6,46.95,0.9744521259855901,1.0,0.0,-0.011873834686229046,-1.2997410828577665,9.744521259855901,9.757022611351823,1.0,0.0,16.338118114759993,14.357745724283001,0.006782166732758022,100.0,42.2,48.5,54.126
г. Москва,2015,,0.0,0.0,1.017690581899197,8.186942009230963,18.53601953208137,0.7272242966074316,16.32332391762422,100.0,14.33591412675159,14.37093855804664,-3.441817444508488,91.65044468473364,0,61.7,46.6,46.95,0.9702596214873598,1.0,0.0,-0.03502443129505117,0.20719348105773316,9.702596214873598,9.757022611351823,1.0,0.0,16.338118114759993,14.357745724283001,0.006782166732758022,100.0,42.2,48.5,54.126
г. Москва,2016,,0.0,0.0,0.9840145241821594,8.087920984709465,18.12198301972517,0.7073291657222452,16.33534506592856,100.0,14.33384330930041,14.33591412675159,-0.2068674787993885,91.65044468473364,0,61.7,46.6,46.95,0.9887228813381767,1.0,0.0,-0.002070817451180318,-0.019895130885186352,9.887228813381766,9.757022611351823,1.0,0.0,16.338118114759993,14.357745724283001,0.006782166732758022,100.0,42.2,48.5,54.126
г. Москва,2017,,0.0,0.0,0.247582232785467,9.23824440815132,1.195778766495291,0.1850580847774507,16.3469335983806,100.0,14.3391118939148,14.33384330930041,0.5282488012654962,91.65044468473364,0,35.3,37.8,46.95,0.9896904388807861,1.0,0.0,0.005268584614391614,-0.5222710809447946,9.896904388807862,9.757022611351823,1.0,0.0,16.338118114759993,14.357745724283001,0.006782166732758022,100.0,42.2,48.5,54.126
г. Москва,2018,2.62090906371062,0.0,6.957808220530572,0.1069001074036416,9.155091215052062,1.281726311170662,3.548232728855687,16.36066191427278,100.0,14.35688224508199,14.3391118939148,1.792918329684023,91.65044468473364,0,35.3,37.8,46.95,0.9628387529325184,1.0,0.0,0.017770351167190057,3.3631746440782364,9.628387529325185,9.757022611351823,1.0,0.0,16.338118114759993,14.357745724283001,0.006782166732758022,100.0,42.2,48.5,54.126
г. Москва,2019,,0.0,0.0,0.05894254868405973,8.199895948091719,0.9539633330848243,0.04092572102233888,16.37174148162963,100.0,14.35674261776347,14.35688224508199,-0.0139617571080719,91.65044468473364,0,35.3,37.8,70.87,0.9833321804611199,1.0,0.0,-0.00013962731852146248,-3.507307007833348,9.833321804611199,9.757022611351823,1.0,0.0,16.338118114759993,14.357745724283001,0.006782166732758022,100.0,42.2,48.5,54.126
г. Москва,2020,0.06395201320233149,0.0,0.1425361163513283,0.01831514019408552,7.856352027241272,3.689964607564999,0.06374335633882781,16.37761070643596,100.0,14.34082305710364,14.35674261776347,-1.579351420846342,91.65044468473364,0,35.3,37.8,70.87,0.9735461008088795,1.0,0.0,-0.015919560659829912,0.022817635316488935,9.735461008088794,9.757022611351823,1.0,0.0,16.338118114759993,14.357745724283001,0.006782166732758022,100.0,42.2,48.5,54.126
г. Москва,2021,0.01858303473858472,0.0,0.06277106721513086,0.01519502351534137,8.124682345219906,5.234988885908087,0.02479417094880238,16.38025004725118,100.0,14.43983737001492,14.34082305710364,10.40821020749589,91.65044468473364,0,35.3,37.8,70.87,0.984616182279127,1.0,0.0,0.09901431291128127,-0.03894918539002543,9.84616182279127,9.757022611351823,1.0,0.0,16.338118114759993,14.357745724283001,0.006782166732758022,100.0,42.2,48.5,54.126
г. Санкт-Петербург,2012,4.243948331615012,0.0,17.50119110682181,0.9287662560434774,3.675451999014285,4.09764759723046,3.921886839609,15.4295727618625,100.0,14.1606796568168,14.13586682392727,2.512323321405208,92.47680067304842,0,55.2,35.4,58.77,0.920289260718981,1.0,1.0,0.02481283288953051,,9.20289260718981,9.314087418118442,1.0,0.2,15.49722681671185,14.15777414233609,0.02000782640407799,100.0,37.55,43.95,63.64200000000001
г. Санкт-Петербург,2013,3.702573674122071,0.0,11.89011533632098,1.93599734072696,3.920935165032815,2.141565418439529,4.589050215421007,15.45131772541844,100.0,14.15677461138919,14.1606796568168,-0.3897430652952893,92.47680067304842,0,55.2,35.4,58.77,0.91796875,1.0,0.0,-0.0039050454276097213,0.6671633758120068,9.1796875,9.314087418118442,1.0,0.2,15.49722681671185,14.15777414233609,0.02000782640407799,100.0,37.55,43.95,63.64200000000001
г. Санкт-Петербург,2014,1.846756908858927,0.0,4.27931878889884,0.7355975461576413,3.565178924194502,2.463823408782235,2.312330432130787,15.47106019360235,100.0,14.14698247405845,14.15677461138919,-0.9744350459715334,92.47680067304842,0,55.2,35.4,58.77,0.9206892500691424,1.0,0.0,-0.009792137330739692,-2.2767197832902197,9.206892500691424,9.314087418118442,1.0,0.2,15.49722681671185,14.15777414233609,0.02000782640407799,100.0,37.55,43.95,63.64200000000001
г. Санкт-Петербург,2015,0.1999578504168193,0.0,0.8007746960733749,0.9340323249576951,3.30504580847318,3.756127114429085,0.8959983201852592,15.48392222439974,100.0,14.14802334843004,14.14698247405845,0.1041416269320861,92.47680067304842,0,55.2,35.4,58.77,0.9157889058950885,1.0,0.0,0.0010408743715899504,-1.4163321119455277,9.157889058950886,9.314087418118442,1.0,0.2,15.49722681671185,14.15777414233609,0.02000782640407799,100.0,37.55,43.95,63.64200000000001
г. Санкт-Петербург,2016,0.2336812664704057,0.0,1.083109460336932,0.8230468590250599,3.294880734462445,3.751922496771973,0.8961713021076426,15.49602128397198,100.0,14.1586637758273,14.14802334843004,1.069723806264844,92.47680067304842,0,55.2,35.4,58.77,0.9326251292055152,1.0,0.0,0.010640427397259344,0.00017298192238346388,9.326251292055153,9.314087418118442,1.0,0.2,15.49722681671185,14.15777414233609,0.02000782640407799,100.0,37.55,43.95,63.64200000000001
г. Санкт-Петербург,2017,0.2150222334389481,0.0,1.137264990237886,0.2685621479168323,3.613259504722952,3.073696532914341,0.4879434196550612,15.51114176284808,100.0,14.15448323698953,14.1586637758273,-0.4171812549712661,92.47680067304842,0,32.7,39.7,58.77,0.9320385686547215,1.0,0.0,-0.004180538837770698,-0.4082278824525814,9.320385686547215,9.314087418118442,1.0,0.2,15.49722681671185,14.15777414233609,0.02000782640407799,100.0,37.55,43.95,63.64200000000001
г. Санкт-Петербург,2018,1.057267143001967,0.0,2.806759731091601,0.2685902131036169,3.443318539024339,0.3318088856784014,1.54355776730141,15.52399511545948,100.0,14.17506466046437,14.15448323698953,2.079468150952701,92.47680067304842,0,32.7,39.7,58.77,0.8823537797771698,1.0,0.0,0.020581423474840932,1.0556143476463489,8.823537797771698,9.314087418118442,1.0,0.2,15.49722681671185,14.15777414233609,0.02000782640407799,100.0,37.55,43.95,63.64200000000001
г. Санкт-Петербург,2019,0.1633372038955282,0.0,0.6110218815815291,0.2626098463208541,3.172760138195966,2.294196436277048,0.3691081185317842,15.53174946806365,100.0,14.18515022598853,14.17506466046437,1.013659625376828,92.47680067304842,0,32.7,39.7,75.01,0.9567556350432515,1.0,1.0,0.010085565524159179,-1.1744496487696259,9.567556350432515,9.314087418118442,1.0,0.2,15.49722681671185,14.15777414233609,0.02000782640407799,100.0,37.55,43.95,63.64200000000001
г. Санкт-Петербург,2020,0.4301860405266023,0.0,0.9587977681206382,0.5664668748172378,3.25252997612357,2.583669970654143,0.7099441938063105,15.53552927659848,100.0,14.15605260946941,14.18515022598853,-2.867835719912115,92.47680067304842,0,32.7,39.7,75.01,0.9658803834796741,1.0,0.0,-0.029097616519118574,0.34083607527452625,9.65880383479674,9.314087418118442,1.0,0.2,15.49722681671185,14.15777414233609,0.02000782640407799,100.0,37.55,43.95,63.64200000000001
г. Санкт-Петербург,2021,0.09800506683921842,0.0,0.3310483311541448,0.6550757441680882,3.154306350815018,2.625537153842151,0.5896985780962155,15.5379583548938,100.0,14.33594508796805,14.15605260946941,19.70886434336661,92.47680067304842,0,32.7,39.7,75.01,0.9696977552748981,1.0,0.0,0.17989247849863865,-0.12024561571009496,9.696977552748981,9.314087418118442,1.0,0.2,15.49722681671185,14.15777414233609,0.02000782640407799,100.0,37.55,43.95,63.64200000000001
