region_name,year,dotations,dotations_equalization,other_dotations,subsidies,subventions,other_transfers,PST,ln_population,Urbanization,ln_grp_pc,ln_grp_pc_L1,grp_growth,russian_share,republic,turnout,UR,Putin,closeness_centrality,patronaged,t1,ln_PST,ln_subsidies,ln_other_dotations,ln_dotations_equalization,ln_subventions,ln_other_transfers,log_growth,delta_PST,closeness_centr,mean_closeness_centr,mean_patronaged,mean_t1,mean_ln_population,mean_ln_grp_pc_L1,mean_log_growth,mean_Urbanization,mean_UR,mean_turnout,mean_Putin
Алтайский край,2012,12677.30011834557,12306.76744376789,370.5326745776855,6947.245590965694,3569.630678791341,1878.565088148292,7317.778265543379,14.68570792603184,55.4,12.68209872355978,12.65801167136304,2.437948849409133,93.92766264596298,0,52.5,37.2,57.35,0.965778843948438,1.0,0.0,8.898062045249015,8.846100542157501,5.914941631340667,9.417904588737027,8.180217418103275,7.538263513414715,0.0240870521967409,,9.657788439484381,8.48098297281967,1.0,0.1,14.644949049966584,12.76249114852617,0.02413049000470995,56.720000000000006,36.2,46.65,59.543000000000006
Алтайский край,2013,13704.10835341078,12438.5028257864,1265.605527624379,7425.296164864707,3189.019096366154,607.5846424451398,8690.901692489086,14.67787674727795,55.77,12.73776723172783,12.68209872355978,5.72471568445756,93.92766264596298,0,52.5,37.2,57.35,0.96707818930041,1.0,0.0,9.070031974958123,8.91264785039928,7.1433059645958075,9.428552007425445,8.067468655190986,6.409491494637105,0.0556685081680488,0.17196992970910863,9.6707818930041,8.48098297281967,1.0,0.1,14.644949049966584,12.76249114852617,0.02413049000470995,56.720000000000006,36.2,46.65,59.543000000000006
Алтайский край,2014,12121.33891800178,10404.14056603153,1717.198351970256,4538.782304433345,3189.953318073591,5231.342285249832,6255.980656403602,14.67054867087306,56.09,12.74908732940227,12.73776723172783,1.138441243412669,93.92766264596298,0,52.5,37.2,57.35,0.9569888262367435,1.0,0.0,8.74129319021327,8.420414040176826,7.4484493766307835,9.249959137245394,8.067761561839085,8.562423175229103,0.011320097674440532,-0.3287387847448535,9.569888262367435,8.48098297281967,1.0,0.1,14.644949049966584,12.76249114852617,0.02413049000470995,56.720000000000006,36.2,46.65,59.543000000000006
Алтайский край,2015,10164.49286225385,8957.76686377282,1206.725998481033,4564.228267794805,3002.911927245526,4376.310176398227,5770.954266275838,14.66318234843091,56.37,12.76144119335545,12.74908732940227,1.243048814029213,93.92766264596298,0,52.5,37.2,57.35,0.9560433632970701,1.0,0.0,8.660592729930967,8.426004724585518,7.0956661849548075,9.100276240951107,8.00733773929668,8.38396122285088,0.012353863953180166,-0.08070046028230315,9.560433632970701,8.48098297281967,1.0,0.1,14.644949049966584,12.76249114852617,0.02413049000470995,56.720000000000006,36.2,46.65,59.543000000000006
Алтайский край,2016,10173.98398794465,9315.89393549774,858.0900524469132,3606.763712317795,3018.417947924816,966.1551370586822,4464.853764764708,14.65462430538822,56.57,12.75994890054464,12.76144119335545,-0.1491179895563022,93.92766264596298,0,52.5,37.2,57.35,0.9776962321039215,1.0,0.0,8.403991741321786,8.190566170667354,6.754709050212276,9.139477245741668,8.012488114804174,6.873324418687377,-0.00149229281081098,-0.2566009886091809,9.776962321039216,8.48098297281967,1.0,0.1,14.644949049966584,12.76249114852617,0.02413049000470995,56.720000000000006,36.2,46.65,59.543000000000006
Алтайский край,2017,12861.83758625233,12317.94539322427,543.8921930280633,2988.633455136098,2778.178899586725,535.151540838249,3532.525648164161,14.64434355870215,56.77,12.77720526096713,12.75994890054464,1.740611155640104,93.92766264596298,0,40.8,35.2,57.35,0.9863010880627017,1.0,0.0,8.169768375159121,8.00257152349482,6.298751052636,9.418812453149345,7.929550919940107,6.282549960690463,0.01725636042248979,-0.2342233661626647,9.863010880627016,8.48098297281967,1.0,0.1,14.644949049966584,12.76249114852617,0.02413049000470995,56.720000000000006,36.2,46.65,59.543000000000006
Алтайский край,2018,17735.85943063463,14368.55123878252,3367.308191852103,3227.307716211691,2770.33846361123,1415.968524994964,6594.615908063794,14.63259468883473,57.06,12.80875675813073,12.77720526096713,3.20545221077535,93.92766264596298,0,40.8,35.2,57.35,0.9223309736829312,1.0,0.0,8.794008823586385,8.079403544249425,8.121868948043787,9.572797155534218,7.9267247807462375,7.255569045895716,0.03155149716360128,0.6242404484272637,9.22330973682931,8.48098297281967,1.0,0.1,14.644949049966584,12.76249114852617,0.02413049000470995,56.720000000000006,36.2,46.65,59.543000000000006
Алтайский край,2019,15079.38026164381,13927.60875831429,1151.771503329523,4517.379244105888,3364.612236564698,2703.26681789857,5669.150747435411,14.6206940712461,57.39,12.84339686268885,12.80875675813073,3.524706104804132,93.92766264596298,0,40.8,35.2,64.66,0.5784306943888942,1.0,1.0,8.6427946055099,8.415687291418662,7.049056473778076,9.541628390754397,8.12106800113415,7.902216253168939,0.034640104558119944,-0.15121421807648439,5.784306943888941,8.48098297281967,1.0,0.1,14.644949049966584,12.76249114852617,0.02413049000470995,56.720000000000006,36.2,46.65,59.543000000000006
Алтайский край,2020,18320.38726348309,14730.30261151708,3590.084651966007,8701.669100750922,4463.200929632689,5108.528645007003,12291.75375271693,14.60785263576082,57.72,12.84719755352198,12.84339686268885,0.3807922617557136,93.92766264596298,0,40.8,35.2,64.66,0.5822791552306273,1.0,0.0,9.416683889915713,9.071270136902715,8.185931061139144,9.597662053136833,8.403621484819675,8.53866670533826,0.0038006908331293943,0.7738892844058132,5.822791552306273,8.48098297281967,1.0,0.1,14.644949049966584,12.76249114852617,0.02413049000470995,56.720000000000006,36.2,46.65,59.543000000000006
Алтайский край,2021,15898.40480779404,13579.57943301885,2318.825374775181,9563.5199160752,3753.951982120268,5541.123378537882,11882.34529085038,14.59206554712006,58.06,12.89931657141014,12.84719755352198,5.350112053064193,93.92766264596298,0,40.8,35.2,64.66,0.5880556065679317,1.0,0.0,9.382808988487595,9.16571113033746,7.748816032469003,9.516322431046879,8.230564425940583,8.619952535094438,0.05211901788815965,-0.033874901428118775,5.8805560656793165,8.48098297281967,1.0,0.1,14.644949049966584,12.76249114852617,0.02413049000470995,56.720000000000006,36.2,46.65,59.543000000000006
Амурская область,2012,10197.93230262855,6778.013248769344,3419.919053859201,19171.13981566866,5730.233062866047,3126.169928745015,22591.05886952786,13.6144892454876,67.08,13.27104881440932,13.29020219965721,-1.897112465536532,94.32830956041175,0,54.0,43.5,62.84,0.8141020383283292,1.0,0.0,10.025309481737933,9.861161292575122,8.137372161314326,8.821439306837458,8.653511483029266,8.047563869307249,-0.019153385247889787,,8.141020383283292,7.597476443923663,1.0,0.2,13.586747980047912,13.261594561190638,0.018746484191135872,67.55499999999999,40.7,48.25,64.1
Амурская область,2013,17142.532613898,6655.250084984737,10487.28252891327,36401.06213329166,5683.001768895294,17356.1473274682,46888.34466220494,13.60718665124834,67.24,13.16630190483996,13.27104881440932,-9.944758505512684,94.32830956041175,0,54.0,43.5,62.84,0.8216783216783199,1.0,0.0,10.755524408884344,10.502353232685154,9.25791861434242,8.80316130863326,8.645234852557902,9.761702035443415,-0.10474690956936072,0.7302149271464113,8.216783216783199,7.597476443923663,1.0,0.2,13.586747980047912,13.261594561190638,0.018746484191135872,67.55499999999999,40.7,48.25,64.1
Амурская область,2014,7814.865411680648,4639.674255012805,3175.191156667845,10487.28948733152,5359.913127183832,5510.576479827392,13662.48064399936,13.60185312086047,67.4,13.20216464026266,13.16630190483996,3.65135601300106,94.32830956041175,0,54.0,43.5,62.84,0.8042165136146124,1.0,0.0,9.522408715759132,9.257919277852334,8.063123116338952,8.442399439094876,8.586703046318545,8.614424520962315,0.035862735422700354,-1.233115693125212,8.042165136146124,7.597476443923663,1.0,0.2,13.586747980047912,13.261594561190638,0.018746484191135872,67.55499999999999,40.7,48.25,64.1
Амурская область,2015,6038.377164646227,3852.67512359823,2185.702041047998,5511.714858563604,5207.508909948625,2026.378953994704,7697.416899611602,13.59739434836409,67.48,13.24295534200643,13.20216464026266,4.163407053450596,94.32830956041175,0,54.0,43.5,62.84,0.8042165136146124,1.0,0.0,8.948640083977029,8.614631080325573,7.689692356174619,8.2565230232924,8.557856884117557,7.614005712724878,0.040790701743770086,-0.5737686317821034,8.042165136146124,7.597476443923663,1.0,0.2,13.586747980047912,13.261594561190638,0.018746484191135872,67.55499999999999,40.7,48.25,64.1
Амурская область,2016,4882.597596982529,4088.133390227818,794.4642067547126,4121.175859354096,4535.225971267212,829.2815511462136,4915.640066108809,13.59132896807439,67.48,13.23492179791662,13.24295534200643,-0.8001361412465435,94.32830956041175,0,54.0,43.5,62.84,0.7471599046476005,1.0,1.0,8.500177251184615,8.323893804379802,6.677667933677743,8.315843761054682,8.41963018959169,6.720559724913087,-0.008033544089810718,-0.44846283279241383,7.471599046476005,7.597476443923663,1.0,0.2,13.586747980047912,13.261594561190638,0.018746484191135872,67.55499999999999,40.7,48.25,64.1
Амурская область,2017,6532.459727668996,5952.694306514781,579.7654211542155,4101.749855625644,4155.636955918158,585.5493498867249,4681.51527677986,13.58576652129419,67.5,13.21311304790069,13.23492179791662,-2.157265862794877,94.32830956041175,0,42.5,37.9,62.84,0.7619045442177486,1.0,0.0,8.451377113596916,8.319168955696757,6.362623575444172,8.691599220669879,8.332220994197106,6.372550466226621,-0.0218087500159303,-0.04880013758769941,7.619045442177486,7.597476443923663,1.0,0.2,13.586747980047912,13.261594561190638,0.018746484191135872,67.55499999999999,40.7,48.25,64.1
Амурская область,2018,9225.184528150174,5443.2282938117,3781.956234338474,2933.529756235011,4770.116744869289,4025.928976059962,6715.485990573485,13.5793539529458,67.6,13.23244184151563,13.21311304790069,1.951680413141399,94.32830956041175,0,42.5,37.9,62.84,0.6934313159805964,1.0,0.0,8.812171480213902,7.983961671909155,8.237996677056913,8.602127600198706,8.470126058398249,8.300510964727675,0.019328793614940665,0.36079436661698594,6.9343131598059635,7.597476443923663,1.0,0.2,13.586747980047912,13.261594561190638,0.018746484191135872,67.55499999999999,40.7,48.25,64.1
Амурская область,2019,7480.263122982438,5248.130346769333,2232.132776213105,5003.942160465534,5245.670136834725,13254.87637774909,7236.074936678639,13.57301342851622,67.77,13.36981062835162,13.23244184151563,14.7251161640749,94.32830956041175,0,42.5,37.9,67.04,0.7224481325836793,1.0,1.0,8.886834202553137,8.517981312860035,7.710712809282562,8.56562716773342,8.565158279462953,9.492120792217852,0.13736878683599052,0.07466272233923554,7.224481325836793,7.597476443923663,1.0,0.2,13.586747980047912,13.261594561190638,0.018746484191135872,67.55499999999999,40.7,48.25,64.1
Амурская область,2020,8032.006393430403,5431.0296702352,2600.976723195206,10865.79366710417,6513.491240302204,19796.19979293659,13466.77039029938,13.56472727431537,67.93,13.39298539504622,13.36981062835162,2.344538808595842,94.32830956041175,0,42.5,37.9,67.04,0.7145639341859347,1.0,0.0,9.507980477501423,9.293374938076417,7.86364231623337,8.599884021145535,8.781630880284055,9.893245268612107,0.023174766694598503,0.6211462749482859,7.145639341859347,7.597476443923663,1.0,0.2,13.586747980047912,13.261594561190638,0.018746484191135872,67.55499999999999,40.7,48.25,64.1
Амурская область,2021,8188.274607711633,5174.1593820702,3014.115225641433,23668.55150730324,5401.122024872793,12718.61375846147,26682.66673294467,13.55236628937264,68.07,13.47766704156857,13.39298539504622,8.837052499834108,94.32830956041175,0,42.5,37.9,67.04,0.7137552250722285,1.0,0.0,10.19176944754381,10.071902505337812,8.011061608595513,8.551432166691745,8.594361993352447,9.450821849702196,0.0846816465223501,0.6837889700423876,7.137552250722285,7.597476443923663,1.0,0.2,13.586747980047912,13.261594561190638,0.018746484191135872,67.55499999999999,40.7,48.25,64.1
Архангельская область,2012,6270.29073708695,5389.386125882317,880.9046112046333,5250.696043547494,5766.856828842597,2154.192825458901,6131.600654752127,13.95669409808601,76.34,13.16175847923364,13.10469140629539,5.872681993268714,95.58024333912395,0,50.0,31.9,57.97,0.7195462775026603,1.0,0.0,8.721211113075189,8.566115926521087,6.780949346753693,8.592186766114954,8.659882467373933,7.675171373421337,0.05706707293825097,,7.195462775026603,7.068758662357756,1.0,0.1,13.879810975329358,13.259508408329705,0.03269411072146813,77.051,38.2,43.3,63.160000000000004
Архангельская область,2013,12224.23815491617,8659.09169770502,3565.146457211142,7865.80781553041,4751.816900125299,988.3914120480028,11430.95427274155,13.93896105871291,76.5,13.19929414590292,13.16175847923364,3.824902730613711,95.58024333912395,0,50.0,31.9,57.97,0.7078313253012025,1.0,1.0,9.344080241732723,8.970280520393562,8.178960413971215,9.066365111264119,8.466282329181725,6.896078785335311,0.03753566666927988,0.6228691286575341,7.078313253012025,7.068758662357756,1.0,0.1,13.879810975329358,13.259508408329705,0.03269411072146813,77.051,38.2,43.3,63.160000000000004
Архангельская область,2014,11767.48181731493,7850.690089675764,3916.791727639167,3301.251529366231,4468.005784649715,2357.720833411271,7218.043257005398,13.9222587104087,76.69,13.22693643424547,13.19929414590292,2.802788108432619,95.58024333912395,0,50.0,31.9,57.97,0.7139034291979991,1.0,0.0,8.884339178119856,8.102056926880067,8.273028160855493,8.968356716425475,8.404697454872611,7.765450682829515,0.027642288342550003,-0.45974106361286715,7.139034291979991,7.068758662357756,1.0,0.1,13.879810975329358,13.259508408329705,0.03269411072146813,77.051,38.2,43.3,63.160000000000004
Архангельская область,2015,10938.80796973488,8256.332372527368,2682.47559720751,2524.324015373193,3872.780572324181,3976.963803003134,5206.799612580703,13.90585296424399,76.94,13.24434168074326,13.22693643424547,1.755760043634402,95.58024333912395,0,50.0,31.9,57.97,0.7092386907067928,1.0,0.0,8.557720668185892,7.8337285891830675,7.894495377429928,9.01873574521131,8.261728022171098,8.28827394358295,0.017405246497789406,-0.32661850993396335,7.092386907067928,7.068758662357756,1.0,0.1,13.879810975329358,13.259508408329705,0.03269411072146813,77.051,38.2,43.3,63.160000000000004
Архангельская область,2016,9491.42460656951,7950.404012312677,1541.020594256833,1740.452871758312,3624.843305747672,3033.898877189095,3281.473466015145,13.88949309367975,77.13,13.25266937961024,13.24434168074326,0.836247060702755,95.58024333912395,0,50.0,31.9,57.97,0.7205487299615212,1.0,0.0,8.096047827949391,7.461900629469388,7.340200199446801,8.980978025515956,8.195566340353862,8.017603829487863,0.008327698866979816,-0.4616728402365009,7.205487299615212,7.068758662357756,1.0,0.1,13.879810975329358,13.259508408329705,0.03269411072146813,77.051,38.2,43.3,63.160000000000004
Архангельская область,2017,11967.07335667018,10456.45016501963,1510.623191650545,2798.180345154421,3593.449840114406,1733.70822478489,4308.803536804966,13.87254190817643,77.23,13.30498770895085,13.25266937961024,5.371111629572045,95.58024333912395,0,36.6,44.5,57.97,0.7272725194805767,1.0,0.0,8.368415542889936,7.936724608171315,7.320277554370094,9.25497430765002,8.186867978306667,7.4580178760452425,0.052318329340611314,0.272367714940545,7.272725194805767,7.068758662357756,1.0,0.1,13.879810975329358,13.259508408329705,0.03269411072146813,77.051,38.2,43.3,63.160000000000004
Архангельская область,2018,13443.11028761452,10046.16276590737,3396.947521707154,3324.907859104014,3737.742316940452,1566.96094947536,6721.855380811168,13.85427347403677,77.3,13.35184359994242,13.30498770895085,4.797097613907919,95.58024333912395,0,36.6,44.5,57.97,0.6818188298278127,1.0,0.0,8.81311949374406,8.109197241158318,8.130632519618281,9.214946026239993,8.226237049561313,7.356893321480954,0.04685589099156928,0.44470395085412306,6.818188298278127,7.068758662357756,1.0,0.1,13.879810975329358,13.259508408329705,0.03269411072146813,77.051,38.2,43.3,63.160000000000004
Архангельская область,2019,12271.54948362272,10172.08217984971,2099.467303773006,5902.025822698995,4294.770155900324,7101.78401006385,8001.493126472002,13.83718594036333,77.39,13.3749132052934,13.35184359994242,2.333776685272304,95.58024333912395,0,36.6,44.5,75.27,0.6833968821737503,1.0,0.0,8.987383444055745,8.683050930738823,7.649438926663143,9.227402205535103,8.365153318644229,8.86810130048971,0.023069605350979572,0.17426395031168518,6.8339688217375025,7.068758662357756,1.0,0.1,13.879810975329358,13.259508408329705,0.03269411072146813,77.051,38.2,43.3,63.160000000000004
Архангельская область,2020,21105.389696115,10421.8111130109,10683.5785831041,11933.47195738365,6163.040041475873,7334.55590196306,22617.05054048775,13.8202871319496,77.45,13.37364804307947,13.3749132052934,-0.1264362233625138,95.58024333912395,0,36.6,44.5,75.27,0.6833968821737503,1.0,0.0,10.02645934950117,9.38710250019374,9.27646312971401,9.25165611143339,8.726325448016567,8.900352143681179,-0.0012651622139294716,1.0390759054454257,6.8339688217375025,7.068758662357756,1.0,0.1,13.879810975329358,13.259508408329705,0.03269411072146813,77.051,38.2,43.3,63.160000000000004
Архангельская область,2021,13444.54424754507,9701.040641031628,3743.503606513446,13498.78027541663,5065.640057279919,7377.177289816294,17242.28388193007,13.80056137363609,77.54,13.43163251351007,13.37364804307947,5.969853892050248,95.58024333912395,0,36.6,44.5,75.27,0.7218050960316897,1.0,0.0,9.75512001119355,9.510354610375577,8.2277772450771,9.17998844131769,8.530235777362297,8.90614636337528,0.05798447043060051,-0.27133933830761947,7.218050960316898,7.068758662357756,1.0,0.1,13.879810975329358,13.259508408329705,0.03269411072146813,77.051,38.2,43.3,63.160000000000004
Астраханская область,2012,2698.45744644583,1874.623688574476,823.833757871353,5896.841526927773,2112.677257143952,1162.190050388896,6720.675284799126,13.82495382959157,66.41,13.07514677973197,12.96694124871173,11.42767402881464,67.57391327159684,0,56.0,60.2,68.76,0.0,0.0,0.0,8.812943917277927,8.682172152132159,6.713968759399046,7.53616321883474,7.655711264418386,7.058061478589814,0.10820553102023922,,0.0,2.6100094728212637,0.3,0.1,13.810541734377562,13.269590553481365,0.04760383200078096,65.529,51.2,46.5,71.21700000000001
Астраханская область,2013,3354.156457303678,1489.347093958008,1864.80936334567,4017.267435377154,1823.775359909248,299.4100464117705,5882.076798722824,13.82290415781793,66.26,13.22733910993533,13.07514677973197,16.43841611401782,67.57391327159684,0,56.0,60.2,68.76,0.0,0.0,0.0,8.679665175594979,8.298357208039933,7.530914108808078,7.306093110930855,7.508664005105223,5.701814026572101,0.15219233020336098,-0.13327874168294862,0.0,2.6100094728212637,0.3,0.1,13.810541734377562,13.269590553481365,0.04760383200078096,65.529,51.2,46.5,71.21700000000001
Астраханская область,2014,4592.444264484281,1572.342933329578,3020.101331154704,2427.140985722873,2394.891209573978,726.5259764179427,5447.242316877577,13.82376340930999,66.01,13.2314673999543,13.22733910993533,0.4136823146584145,67.57391327159684,0,56.0,60.2,68.76,0.0,0.0,0.0,8.602864762694459,7.794469294572116,8.013045663168498,7.360322100170702,7.781093084835853,6.588274237936082,0.004128290018968528,-0.07680041290051953,0.0,2.6100094728212637,0.3,0.1,13.810541734377562,13.269590553481365,0.04760383200078096,65.529,51.2,46.5,71.21700000000001
Астраханская область,2015,3992.321505308063,1231.034324145376,2761.287181162686,1575.001957280071,2237.18392752259,1060.895154984513,4336.289138442757,13.82206006305443,65.74,13.22413000155772,13.2314673999543,-0.7310545406136404,67.57391327159684,0,56.0,60.2,68.76,0.0,0.0,0.0,8.374774224116448,7.362011793976467,7.9234522199809945,7.1156100089357555,7.712973178728255,6.96686831656302,-0.007337398396579431,-0.22809053857801054,0.0,2.6100094728212637,0.3,0.1,13.810541734377562,13.269590553481365,0.04760383200078096,65.529,51.2,46.5,71.21700000000001
Астраханская область,2016,7388.81782458755,1525.757121005737,5863.060703581813,876.5871104961735,2274.226182832289,725.9855054199821,6739.647814077986,13.81823384644578,65.53,13.25557138519934,13.22413000155772,3.194088520604299,67.57391327159684,0,56.0,60.2,68.76,0.0,0.0,0.0,8.815762949436955,6.776036083902356,8.676427050583106,7.330246038630319,7.729395134110141,6.587530049639242,0.031441383641620746,0.4409887253205067,0.0,2.6100094728212637,0.3,0.1,13.810541734377562,13.269590553481365,0.04760383200078096,65.529,51.2,46.5,71.21700000000001
Астраханская область,2017,3764.12998598746,2821.494332523479,942.6356534639804,1284.495202147903,2208.242751889459,1076.436813907304,2227.130855611883,13.81497441426492,65.4,13.37305196147022,13.25557138519934,12.46597846445694,67.57391327159684,0,37.0,42.2,68.76,0.0,0.0,0.0,7.7084694242252985,7.15812108135254,6.848679838370076,7.945021928732174,7.699952343332731,6.9814116192223,0.1174805762708786,-1.1072935252116567,0.0,2.6100094728212637,0.3,0.1,13.810541734377562,13.269590553481365,0.04760383200078096,65.529,51.2,46.5,71.21700000000001
Астраханская область,2018,8979.267221090815,2836.746203270714,6142.5210178201,3044.549478242076,2134.079966749992,1390.614903982449,9187.070496062175,13.80973390518682,65.34,13.4223093559651,13.37305196147022,5.0490706469263,67.57391327159684,0,37.0,42.2,68.76,0.0,0.0,0.0,9.12555239370041,8.021108214597332,8.722990526094014,7.950412971262065,7.665790903863453,7.237501305270686,0.0492573944948802,1.4170829694751115,0.0,2.6100094728212637,0.3,0.1,13.810541734377562,13.269590553481365,0.04760383200078096,65.529,51.2,46.5,71.21700000000001
Астраханская область,2019,5768.918833311439,3208.389906454715,2560.528926856724,3224.388842292424,2729.750514554166,1930.781719740866,5784.917769149148,13.80091150854309,65.19,13.45484827922614,13.4223093559651,3.307410297440794,67.57391327159684,0,37.0,42.2,76.95,0.8613128587980615,1.0,0.0,8.663009425032222,8.078498705005376,7.847969128185685,8.073524503513102,7.911965497392799,7.5656802360291024,0.0325389232610398,-0.46254296866818834,8.613128587980615,2.6100094728212637,0.3,0.1,13.810541734377562,13.269590553481365,0.04760383200078096,65.529,51.2,46.5,71.21700000000001
Астраханская область,2020,9604.661627319187,2784.615038810442,6820.046588508742,8460.191270499548,4764.58964803401,3830.928562786758,15280.23785900829,13.78965927437384,64.9,13.46510001306181,13.45484827922614,1.030446289303044,67.57391327159684,0,37.0,42.2,76.95,0.8699773666802755,1.0,1.0,9.634315629288377,9.043127061150788,8.827621581973816,7.931864916168222,8.46896669444374,8.250862497381593,0.010251733835671573,0.9713062042561553,8.699773666802756,2.6100094728212637,0.3,0.1,13.810541734377562,13.269590553481365,0.04760383200078096,65.529,51.2,46.5,71.21700000000001
Астраханская область,2021,5000.121756406224,2596.224202018063,2403.897554388161,9580.815212378258,4124.022542487588,5619.013867982009,11984.71276676642,13.77822293518727,64.51,13.44297956871954,13.46510001306181,-2.187758135518092,67.57391327159684,0,37.0,42.2,76.95,0.8787192473429268,1.0,0.0,9.39138718052092,9.167517962582325,7.78484668009988,7.861813438508527,8.324584311292519,8.633911459160764,-0.022120444342270673,-0.24292844876745612,8.787192473429268,2.6100094728212637,0.3,0.1,13.810541734377562,13.269590553481365,0.04760383200078096,65.529,51.2,46.5,71.21700000000001
Белгородская область,2012,1235.166007056748,625.3607720356856,609.8052350210623,16399.97737101751,3712.33627090332,2582.569481168021,17009.78260603857,14.24681688705224,66.2,13.46014151432313,13.40971681842575,5.171766171820735,94.36612621715348,0,75.5,51.2,59.3,0.6271600887862697,1.0,0.0,9.741543904946013,9.705035233995332,6.413139619333741,6.438328718457312,8.219416680024844,7.856540105246787,0.05042469589738019,,6.271600887862697,6.258075849451342,1.0,0.1,14.252721865917223,13.553597196052564,0.028085594452510066,65.83500000000001,52.95,68.85,65.423
Белгородская область,2013,2135.600090510861,281.6222432093985,1853.977847301462,16868.20914509845,3771.777067253838,608.331013487438,18722.18699239991,14.24970888489531,66.14,13.4868083187216,13.46014151432313,2.702554535296109,94.36612621715348,0,75.5,51.2,59.3,0.6233421750663124,1.0,0.0,9.837464569724986,9.733186013716455,7.5250887974575775,5.640566609834186,8.235301540006184,6.410719163895903,0.026666804398470134,0.09592066477897276,6.233421750663124,6.258075849451342,1.0,0.1,14.252721865917223,13.553597196052564,0.028085594452510066,65.83500000000001,52.95,68.85,65.423
Белгородская область,2014,5221.513603625967,85.20670154569625,5136.306902080271,11665.88977537192,2986.349864465046,1655.592562150598,16802.19667745219,14.25225402462795,66.06,13.51187834602194,13.4868083187216,2.538692308835433,94.36612621715348,0,75.5,51.2,59.3,0.6223773485315888,1.0,0.0,9.72926491145396,9.364424458903777,8.544089598662469,4.445080087381626,8.001807139509095,7.411914267324378,0.025070027300339248,-0.10819965827102607,6.2237734853158875,6.258075849451342,1.0,0.1,14.252721865917223,13.553597196052564,0.028085594452510066,65.83500000000001,52.95,68.85,65.423
Белгородская область,2015,2168.194972680515,619.9951646894093,1548.199807991105,10453.44830687636,3089.477983696632,1208.875321226474,12001.64811486746,14.25447878282791,65.98,13.53921239006352,13.51187834602194,2.771104618253029,94.36612621715348,0,75.5,51.2,59.3,0.6229113083057274,1.0,0.0,9.392799262245086,9.254687184480298,7.344848120749875,6.429711679120676,8.03575741830527,7.097445719760573,0.027334044041580796,-0.3364656492088738,6.229113083057274,6.258075849451342,1.0,0.1,14.252721865917223,13.553597196052564,0.028085594452510066,65.83500000000001,52.95,68.85,65.423
Белгородская область,2016,1855.980906289831,1374.855605883752,481.1253004060787,9125.553235925056,3038.411094161932,1056.723240305218,9606.678536331134,14.25632028713357,65.94,13.5708056618441,13.53921239006352,3.209763669065913,94.36612621715348,0,75.5,51.2,59.3,0.6261911581808453,1.0,0.0,9.17021381644999,9.11883380520738,6.176127735986316,7.2261039906836,8.019089991368473,6.962928116491043,0.03159327178057936,-0.22258544579509554,6.2619115818084525,6.258075849451342,1.0,0.1,14.252721865917223,13.553597196052564,0.028085594452510066,65.83500000000001,52.95,68.85,65.423
Белгородская область,2017,2730.724117218944,2368.5430303613,362.1810868576439,7639.552274975833,2911.390202989376,640.5189381445122,8001.733361833477,14.2564869436661,65.89,13.60985971846485,13.5708056618441,3.982669164805075,94.36612621715348,0,62.2,54.7,59.3,0.631578766917344,1.0,0.0,8.987413467421554,8.941094277691503,5.892144326685727,7.770030289967954,7.976385979073506,6.462278688650667,0.0390540566207509,-0.18280034902843667,6.3157876691734405,6.258075849451342,1.0,0.1,14.252721865917223,13.553597196052564,0.028085594452510066,65.83500000000001,52.95,68.85,65.423
Белгородская область,2018,4543.500244409702,1795.295710716708,2748.204533692994,5383.691874614852,2744.976748394466,2703.480383547643,8131.896408307846,14.25499698835311,65.76,13.63506620039515,13.60985971846485,2.552685142824007,94.36612621715348,0,62.2,54.7,59.3,0.584016948500053,1.0,0.0,9.003549435895314,8.59112963986051,7.918703080591748,7.49292502870037,7.917527883377507,7.902295252848868,0.025206481930299063,0.016135968473760087,5.84016948500053,6.258075849451342,1.0,0.1,14.252721865917223,13.553597196052564,0.028085594452510066,65.83500000000001,52.95,68.85,65.423
Белгородская область,2019,2309.832995143476,1511.724565461398,798.1084296820791,6491.099540472183,2989.206580641955,5606.347175614566,7289.207970154263,14.25500343200499,65.6,13.65486238403946,13.63506620039515,1.999342749626232,94.36612621715348,0,62.2,54.7,79.71,0.587063988334996,1.0,0.0,8.894150173030917,8.778187216067971,6.682244465013978,7.321006374445158,8.002763273526332,8.631654659099839,0.019796183644309906,-0.10939926286439672,5.870639883349959,6.258075849451342,1.0,0.1,14.252721865917223,13.553597196052564,0.028085594452510066,65.83500000000001,52.95,68.85,65.423
Белгородская область,2020,5089.541602189011,702.2876904943412,4387.253911694669,8453.97304181876,3828.616038368949,6594.319570903012,12841.22695351343,14.25324470815139,65.44,13.65762060822614,13.65486238403946,0.2762031586768021,94.36612621715348,0,62.2,54.7,79.71,0.5935490743641219,1.0,0.0,9.460416129805875,9.04239179231384,8.386458777698463,6.5543431355933714,8.250258669188538,8.793963886349212,0.002758224186679925,0.5662659567749575,5.9354907436412185,6.258075849451342,1.0,0.1,14.252721865917223,13.553597196052564,0.028085594452510066,65.83500000000001,52.95,68.85,65.423
Белгородская область,2021,3314.290952252089,646.976826587806,2667.314125664283,6806.527816920374,3236.082726991908,5578.287885008375,9473.841942584657,14.24790772045966,65.34,13.69057276295085,13.65762060822614,3.350108991418921,94.36612621715348,0,62.2,54.7,79.71,0.7398849924640838,1.0,1.0,9.156289800062353,8.825637403761245,7.8888272996475175,6.472310477148193,8.082118842435023,8.626637177649544,0.032952154724711136,-0.3041263297435215,7.398849924640838,6.258075849451342,1.0,0.1,14.252721865917223,13.553597196052564,0.028085594452510066,65.83500000000001,52.95,68.85,65.423
Брянская область,2012,8119.86219191904,7554.016890826205,565.845301092833,8890.164239310094,4837.205849423484,1917.961725452749,9456.009540402927,14.04500748378399,69.24,12.67150957816323,12.58263974901036,9.293837835173768,96.70319132613922,0,59.9,50.1,64.02,0.0,0.0,0.0,9.15440574857123,9.092700802950356,6.338320721220597,8.929834739280784,8.484092529168532,7.55901829979732,0.08886982915286978,,0.0,5.557272194605841,0.7,0.1,14.01017982111388,12.761148914465238,0.03458679688419597,69.51,57.0,57.5,69.294
Брянская область,2013,8878.285416655306,7113.32179309632,1764.963623558987,12827.41384041283,4143.138789233575,677.5144257437656,14592.37746397182,14.03577797717298,69.33,12.69068941562741,12.67150957816323,1.93649521425534,96.70319132613922,0,59.9,50.1,64.02,0.0,0.0,0.0,9.588254579850421,9.459339866006411,7.475885359273417,8.86972461384747,8.329208941210622,6.518430845137896,0.01917983746418095,0.4338488312791906,0.0,5.557272194605841,0.7,0.1,14.01017982111388,12.761148914465238,0.03458679688419597,69.51,57.0,57.5,69.294
Брянская область,2014,8773.961783781155,6869.278755002128,1904.683028779026,10582.30654598665,3226.780855077492,2665.585001325209,12486.98957476568,14.02690374333377,69.46,12.73396507618395,12.69068941562741,4.42257070191141,96.70319132613922,0,59.9,50.1,64.02,0.0,0.0,0.0,9.432442547227769,9.266938691669202,7.552070884624226,8.834814394989266,8.079240279946635,7.888178825202945,0.04327566055653875,-0.1558120326226522,0.0,5.557272194605841,0.7,0.1,14.01017982111388,12.761148914465238,0.03458679688419597,69.51,57.0,57.5,69.294
Брянская область,2015,7869.581765831892,6739.554102348355,1130.027663483539,9596.646960920429,7536.424938040309,993.1573861162461,10726.67462440397,14.01983004303522,69.54,12.75592738897625,12.73396507618395,2.220525968256037,96.70319132613922,0,59.9,50.1,64.02,0.8105585036649076,1.0,1.0,9.280488873742872,9.16916904154112,7.029997392365616,8.815749044796277,8.927503202410673,6.9008891470714175,0.021962312792300764,-0.15195367348489697,8.105585036649076,5.557272194605841,0.7,0.1,14.01017982111388,12.761148914465238,0.03458679688419597,69.51,57.0,57.5,69.294
Брянская область,2016,9897.573883434252,8853.484110747131,1044.089772687123,11365.7881559715,6211.712017471424,1034.643667447615,12409.87792865862,14.01481049618602,69.57,12.76394244480525,12.75592738897625,0.8047262377227193,96.70319132613922,0,59.9,50.1,64.02,0.8167710758880583,1.0,0.0,9.426248041619946,9.338363083285648,6.950900753909639,9.08856634535862,8.73419182412626,6.941812363761279,0.008015055829000417,0.145759167877074,8.167710758880583,5.557272194605841,0.7,0.1,14.01017982111388,12.761148914465238,0.03458679688419597,69.51,57.0,57.5,69.294
Брянская область,2017,11367.53678185698,10986.64027299673,380.8965088602509,12682.94533619441,5534.001786226148,671.8121529028147,13063.84184505466,14.00866901618791,69.63,12.80834263692046,12.76394244480525,4.540063227747693,96.70319132613922,0,55.1,63.9,64.02,0.8299709444216395,1.0,0.0,9.477603528411578,9.448013483052181,5.942527707940457,9.30443529301595,8.618666483119885,6.5099787670753235,0.044400192115208625,0.05135548679163193,8.299709444216395,5.557272194605841,0.7,0.1,14.01017982111388,12.761148914465238,0.03458679688419597,69.51,57.0,57.5,69.294
Брянская область,2018,13929.71970287163,12682.89885873514,1246.820844136488,6590.179974379314,4859.610462961712,4901.11640307794,7837.000818515802,14.00005547459426,69.67,12.84651498075564,12.80834263692046,3.891026723018998,96.70319132613922,0,55.1,63.9,64.02,0.7702710023460162,1.0,0.0,8.96661149149535,8.793335937348115,7.128352265860982,9.44800981848191,8.488713562028256,8.497218295510573,0.0381723438351802,-0.5109920369162282,7.7027100234601615,5.557272194605841,0.7,0.1,14.01017982111388,12.761148914465238,0.03458679688419597,69.51,57.0,57.5,69.294
Брянская область,2019,13456.38522375469,11722.58132809966,1733.803895655029,6155.813879981102,4662.907308321498,10211.64192475958,7889.617775636131,13.99213256983291,69.63,12.87717737248649,12.84651498075564,3.113732462830443,96.70319132613922,0,55.1,63.9,81.6,0.7678949782342794,1.0,0.0,8.973302968513883,8.725152260580517,7.45807305732037,9.369272288717424,8.447394418489688,9.231283713582842,0.030662391730849947,0.006691477018533121,7.678949782342794,5.557272194605841,0.7,0.1,14.01017982111388,12.761148914465238,0.03458679688419597,69.51,57.0,57.5,69.294
Брянская область,2020,15926.04060743177,12347.57997187816,3578.460635553608,8647.295625749963,5603.100906508473,12621.05051185406,12225.75626130357,13.98452141919851,69.53,12.88078050172335,12.87717737248649,0.360962831033329,96.70319132613922,0,55.1,63.9,81.6,0.781317252878463,1.0,0.0,9.411300174295029,9.065001906620498,8.182687996853682,9.421215369160613,8.63107545677461,9.443121374457583,0.0036031292368612355,0.4379972057811461,7.81317252878463,5.557272194605841,0.7,0.1,14.01017982111388,12.761148914465238,0.03458679688419597,69.51,57.0,57.5,69.294
Брянская область,2021,13103.20323933626,11419.60190980889,1683.601329527369,9104.483102295952,4922.406143764747,12093.04281711318,10788.08443182332,13.97408998781323,69.5,12.92850771785232,12.88078050172335,4.888449752313639,96.70319132613922,0,55.1,63.9,81.6,0.780488437172477,1.0,0.0,9.286197510686476,9.11652221979741,7.428690426589243,9.343086623566412,8.501552743549333,9.400385592431714,0.04772721612896902,-0.12510266360855304,7.80488437172477,5.557272194605841,0.7,0.1,14.01017982111388,12.761148914465238,0.03458679688419597,69.51,57.0,57.5,69.294
Владимирская область,2012,3463.903064753115,2786.266333944239,677.6367308088758,4072.809717547309,3707.708597724124,2545.336538938966,4750.446448356185,14.17265759045167,77.55,12.93905058657579,12.91165168439692,2.777770376828048,95.58201060163185,0,48.6,37.6,53.49,0.5120964434645948,1.0,0.0,8.465993881739603,8.312088388547593,6.518611349083675,7.932457747022685,8.218169336144548,7.842018155581777,0.027398902178870088,,5.120964434645948,4.579569635101675,0.7,0.2,14.148317042139514,12.981501158236167,0.028902071409907925,77.69,41.4,43.5,59.538
Владимирская область,2013,4660.959132467138,2455.216063338523,2205.743069128615,7290.030141143754,3551.039994660664,326.8595931949538,9495.77321027237,14.16727456295792,77.55,12.95833651923854,12.93905058657579,1.94731076068555,95.58201060163185,0,48.6,37.6,53.49,0.50429184549356,1.0,0.0,9.158602053345543,8.894262959581777,7.698819723913719,7.805970045862538,8.1749957958086,5.789530700079158,0.019285932662748806,0.69260817160594,5.0429184549356,4.579569635101675,0.7,0.2,14.148317042139514,12.981501158236167,0.028902071409907925,77.69,41.4,43.5,59.538
Владимирская область,2014,5173.912005597131,3126.936673402472,2046.975332194659,4351.516097178188,3061.197250614769,654.9300173002995,6398.491429372847,14.1627404373813,77.59,12.97083881446433,12.95833651923854,1.258077563947646,95.58201060163185,0,48.6,37.6,53.49,0.7437322632870516,1.0,1.0,8.763817527402322,8.378279591447864,7.6241185348777165,8.047809105702559,8.02656137679567,6.484528386110708,0.01250229522579005,-0.394784525943221,7.437322632870515,4.579569635101675,0.7,0.2,14.148317042139514,12.981501158236167,0.028902071409907925,77.69,41.4,43.5,59.538
Владимирская область,2015,4254.519785801811,3320.253013906418,934.2667718953927,3453.516679454217,2793.041088278512,1454.205783931845,4387.78345134961,14.15825664419725,77.67,12.9591932257185,12.97083881446433,-1.157804134124429,95.58201060163185,0,48.6,37.6,53.49,0.7290498273187148,1.0,0.0,8.38657946998356,8.147148318242055,6.839762020460694,8.107796268014733,7.934886277000059,7.282215177605822,-0.011645588745828661,-0.3772380574187615,7.290498273187148,4.579569635101675,0.7,0.2,14.148317042139514,12.981501158236167,0.028902071409907925,77.69,41.4,43.5,59.538
Владимирская область,2016,4870.677793034259,3820.3403701447,1050.337422889559,1889.744096938393,2760.121701046083,1286.776162729623,2940.081519827952,14.15387814013992,77.73,12.96955380145337,12.9591932257185,1.041443233408623,95.58201060163185,0,48.6,37.6,53.49,0.7265201282761191,1.0,0.0,7.9861925877809545,7.544196700441196,6.956866746660981,8.248094799763383,7.923030052320972,7.159895270736984,0.010360575734869926,-0.4003868822026062,7.265201282761192,4.579569635101675,0.7,0.2,14.148317042139514,12.981501158236167,0.028902071409907925,77.69,41.4,43.5,59.538
Владимирская область,2017,5914.116974273094,4921.217201566673,992.8997727064207,2500.011108838959,2618.959810873572,911.6320083763832,3492.91088154538,14.14840210584998,77.79,12.98200544947974,12.96955380145337,1.252949255768487,95.58201060163185,0,38.4,45.2,53.49,0.7041562780300935,1.0,0.0,8.158490731038867,7.824050454382003,6.900629725120619,8.501311177580757,7.870532499171787,6.815236409059169,0.012451648026369,0.1722981432579127,7.041562780300935,4.579569635101675,0.7,0.2,14.148317042139514,12.981501158236167,0.028902071409907925,77.69,41.4,43.5,59.538
Владимирская область,2018,6504.340160902666,4748.344405224906,1755.995755677758,2489.676599181754,2569.356133088466,1164.077992525815,4245.672354859513,14.14108000314285,77.83,12.99431509369791,12.98200544947974,1.238571972221614,95.58201060163185,0,38.4,45.2,53.49,0.6597228492315403,1.0,0.0,8.353655473685103,7.81990810117695,7.47079135715214,8.465551290003878,7.851410614628721,7.05968462993488,0.01230964421817049,0.19516474264623618,6.597228492315404,4.579569635101675,0.7,0.2,14.148317042139514,12.981501158236167,0.028902071409907925,77.69,41.4,43.5,59.538
Владимирская область,2019,6334.019116439727,4735.150391039499,1598.868725400228,3740.601793468101,3016.34813498083,2042.837558198971,5339.470518868329,14.13511417316717,77.82,13.06231631459304,12.99431509369791,7.036661528336152,95.58201060163185,0,38.4,45.2,73.65,0.0,0.0,1.0,8.582881773268205,8.227001784808792,7.3770516115276665,8.462768766686962,8.011802151836692,7.622095080251122,0.06800122089513039,0.22922629958310203,0.0,4.579569635101675,0.7,0.2,14.148317042139514,12.981501158236167,0.028902071409907925,77.69,41.4,43.5,59.538
Владимирская область,2020,7680.06514955937,4900.667283516201,2779.397866043167,5713.032143086394,4323.468346158953,3610.186177394943,8492.43000912956,14.12767839234601,77.73,13.06775009274353,13.06231631459304,0.5448567898921343,95.58201060163185,0,38.4,45.2,73.65,0.0,0.0,0.0,9.046930458508822,8.650505185014673,7.929989588276109,8.49712665513645,8.37181321702731,8.191514622682682,0.005433778150489843,0.46404868524061627,0.0,4.579569635101675,0.7,0.2,14.148317042139514,12.981501158236167,0.028902071409907925,77.69,41.4,43.5,59.538
Владимирская область,2021,6148.683252889929,4541.770376836445,1606.912876053483,7659.414408328205,3360.651133633784,3152.570974153715,9266.327284381689,14.11608837176106,77.64,13.200672398496,13.06775009274353,14.21612555242371,95.58201060163185,0,38.4,45.2,73.65,0.0,0.0,0.0,9.134142386352357,8.943690811813411,7.382070148993066,8.421072165869354,8.119890023954397,8.055973581195072,0.13292230575246933,0.08721192784353526,0.0,4.579569635101675,0.7,0.2,14.148317042139514,12.981501158236167,0.028902071409907925,77.69,41.4,43.5,59.538
Волгоградская область,2012,2353.218629384018,1774.674968901243,578.5436604827753,6079.750977273832,2230.556678293772,1526.093976906523,6658.294637756608,14.76896064909162,76.18,13.00336043875921,12.97250922343446,3.133204606717066,90.0076005020229,0,52.0,35.5,63.41,0.0,0.0,0.0,8.803618670348468,8.712719016436198,6.36051401566621,7.481372569029738,7.710006464823271,7.330466793766364,0.030851215324748438,,0.0,4.767324418191054,0.7,0.2,14.753148639200223,13.007406433970996,-0.0009375837079140581,76.74600000000001,43.05,47.1,67.652
Волгоградская область,2013,2345.960749432479,1122.717864124852,1223.242885307626,3572.861272047084,2109.206601953836,654.7488456950118,4796.10415735471,14.76550952949721,76.3,13.02071446352261,13.00336043875921,1.750548070605085,90.0076005020229,0,52.0,35.5,63.41,0.0,0.0,1.0,8.475559233458435,8.181122030526582,7.109260713931289,7.023507689090929,7.654067137726249,6.484251720415686,0.0173540247634012,-0.32805943689003314,0.0,4.767324418191054,0.7,0.2,14.753148639200223,13.007406433970996,-0.0009375837079140581,76.74600000000001,43.05,47.1,67.652
Волгоградская область,2014,5962.468619141337,2499.717689108013,3462.750930033324,3647.266805002101,2275.54006038647,487.8261667597142,7110.017735035425,14.76206625045844,76.41,13.07008667444979,13.02071446352261,5.061132698881843,90.0076005020229,0,52.0,35.5,63.41,0.0,0.0,0.0,8.869260017173278,8.20173334552302,8.149818618637461,7.823933080123062,7.729972692393564,6.189959126736956,0.049372210927179694,0.3937007837148432,0.0,4.767324418191054,0.7,0.2,14.753148639200223,13.007406433970996,-0.0009375837079140581,76.74600000000001,43.05,47.1,67.652
Волгоградская область,2015,3682.536269228365,2729.918025944891,952.6182432834743,4319.444665803084,2175.028263210583,1437.143589136836,5272.062909086558,14.75907748892242,76.53,13.00907010600989,13.07008667444979,-5.919234806815854,90.0076005020229,0,52.0,35.5,63.41,0.68865392659657,1.0,1.0,8.570177008790694,8.370882123392331,6.859214239226289,7.9120268606017685,7.684796938017934,7.270412803938034,-0.0610165684399,-0.29908300838258484,6.8865392659657,4.767324418191054,0.7,0.2,14.753148639200223,13.007406433970996,-0.0009375837079140581,76.74600000000001,43.05,47.1,67.652
Волгоградская область,2016,3499.922251463198,2773.942937301026,725.9793141621716,2936.600014885023,2042.229588298936,1117.507212706707,3662.579329047195,14.75627534196084,76.65,12.99777332859198,13.00907010600989,-1.123320842798781,90.0076005020229,0,52.0,35.5,63.41,0.6976134918725594,1.0,0.0,8.20592291289886,7.985007733597632,6.587521521529295,7.928025030115625,7.621797425459795,7.01885578079057,-0.011296777417909354,-0.3642540958918339,6.976134918725593,4.767324418191054,0.7,0.2,14.753148639200223,13.007406433970996,-0.0009375837079140581,76.74600000000001,43.05,47.1,67.652
Волгоградская область,2017,4800.227656099186,3753.636062011666,1046.591594087519,4020.408160159141,1870.778285695322,1311.932942130442,5066.99975424666,14.75298257419322,76.79,13.00106609635959,12.99777332859198,0.3298194882511041,90.0076005020229,0,42.2,50.6,63.41,0.7007297267988037,1.0,0.0,8.53050415697515,8.2991387088369,6.953294062267711,8.23048026572643,7.53410981882228,7.179256857016748,0.0032927677676095612,0.3245812440762901,7.007297267988037,4.767324418191054,0.7,0.2,14.753148639200223,13.007406433970996,-0.0009375837079140581,76.74600000000001,43.05,47.1,67.652
Волгоградская область,2018,6574.951571498108,3795.871604939444,2779.079966558663,3123.991946163596,1936.900829921817,1884.746389282015,5903.071912722258,14.74908899265558,76.93,13.0009516564997,13.00106609635959,-0.01144333119068586,90.0076005020229,0,42.2,50.6,63.41,0.6612535286961143,1.0,0.0,8.683228157569035,8.046866932903628,7.929875204628489,8.241669335379974,7.568844464327537,7.54154854933564,-0.0001144398598906804,0.15272400059388502,6.612535286961143,4.767324418191054,0.7,0.2,14.753148639200223,13.007406433970996,-0.0009375837079140581,76.74600000000001,43.05,47.1,67.652
Волгоградская область,2019,6114.875527557513,3983.819307078074,2131.056220479435,4821.94552789123,2317.331304626031,3145.201738196167,6953.001748370665,14.74469500744793,77.08,13.00434514137376,13.0009516564997,0.339924926247126,90.0076005020229,0,42.2,50.6,77.55,0.6666658850583855,1.0,0.0,8.846928751554568,8.480932762097307,7.664373013955885,8.289996263026858,7.748171502827669,8.05363331276765,0.0033934848740599932,0.16370059398553316,6.666658850583856,4.767324418191054,0.7,0.2,14.753148639200223,13.007406433970996,-0.0009375837079140581,76.74600000000001,43.05,47.1,67.652
Волгоградская область,2020,7013.585495276841,4197.057136246966,2816.528359029875,7570.094584599798,3387.744978119031,4909.823950464372,10386.62294362967,14.73973930030266,77.22,12.99418721070898,13.00434514137376,-1.010651313293565,90.0076005020229,0,42.2,50.6,77.55,0.6727612908697546,1.0,0.0,9.248274001772703,8.931960841016554,7.9432603271745,8.342138876833246,8.127919780837038,8.498993364843178,-0.010157930664780324,0.40134525021813516,6.727612908697545,4.767324418191054,0.7,0.2,14.753148639200223,13.007406433970996,-0.0009375837079140581,76.74600000000001,43.05,47.1,67.652
Волгоградская область,2021,5082.076375814099,3919.343511395491,1162.732864418608,9120.020835913003,2638.804102576394,5249.38403595439,10282.75370033161,14.73309125747231,77.37,12.96313338635532,12.99418721070898,-3.057660691579311,90.0076005020229,0,42.2,50.6,77.55,0.6796465682988665,1.0,0.0,9.238223372820542,9.118227367705352,7.058528430879818,8.273679447176795,7.8780811020604045,8.5658660222175,-0.03105382435365911,-0.010050628952161134,6.796465682988665,4.767324418191054,0.7,0.2,14.753148639200223,13.007406433970996,-0.0009375837079140581,76.74600000000001,43.05,47.1,67.652
Вологодская область,2012,1976.354427936873,1976.354427936873,0.0,5618.853292417542,5118.724716846402,2917.18517108062,5618.853292417542,13.9954584665496,71.19,13.63009649642501,13.58101677807252,5.030407591331132,97.26601120869842,0,56.3,33.4,59.44,0.5545847946690806,1.0,1.0,8.633882881573543,8.633882881573543,,7.589009228588404,8.540660608267356,7.978374447825741,0.049079718352489365,,5.545847946690806,5.559465151077335,1.0,0.1,13.978454104032071,13.637740710257905,0.01258994856479596,71.975,35.3,48.6,63.330999999999996
Вологодская область,2013,3883.115304198262,1138.449263057835,2744.666041140427,4571.312848008562,4276.879982263757,314.4202324862757,7315.978889148988,13.99320643276813,71.38,13.58839664267729,13.63009649642501,-4.084237506090604,97.26601120869842,0,56.3,33.4,59.44,0.5402298850574699,1.0,0.0,8.897816123933737,8.427555717908005,7.917414685755627,7.03742231978334,8.360979046636963,5.750730411176223,-0.04169985374771912,0.2639332423601939,5.4022988505747,5.559465151077335,1.0,0.1,13.978454104032071,13.637740710257905,0.01258994856479596,71.975,35.3,48.6,63.330999999999996
Вологодская область,2014,5310.138591981994,1913.179179686155,3396.959412295839,3235.181615093273,3526.263175492322,419.2416332361886,6632.141027389112,13.99094344224231,71.62,13.62021843544466,13.58839664267729,3.233351961213704,97.26601120869842,0,56.3,33.4,59.44,0.5550933108524959,1.0,0.0,8.799682961273769,8.081840346037154,8.130636019986714,7.556521629291437,8.167993998712578,6.0384474440013545,0.03182179276736896,-0.09813316265996797,5.550933108524959,5.559465151077335,1.0,0.1,13.978454104032071,13.637740710257905,0.01258994856479596,71.975,35.3,48.6,63.330999999999996
Вологодская область,2015,3310.932075994727,2380.525913942087,930.4061620526405,3282.573856603558,3252.68570889106,1176.752363505056,4212.980018656199,13.98850121701675,71.86,13.63557688593677,13.62021843544466,1.547699761535259,97.26601120869842,0,56.3,33.4,59.44,0.548318987773319,1.0,0.0,8.345925519185002,8.096383106031537,6.835621224196968,7.775076714499324,8.08723630603294,7.070513688781513,0.015358450492110265,-0.4537574420887669,5.48318987773319,5.559465151077335,1.0,0.1,13.978454104032071,13.637740710257905,0.01258994856479596,71.975,35.3,48.6,63.330999999999996
Вологодская область,2016,3246.07797708498,2679.086304614134,566.9916724708463,2132.176223416885,3144.853867741268,2057.432273756163,2699.167895887731,13.9854583748199,72.03,13.6396192284667,13.63557688593677,0.4050523816635286,97.26601120869842,0,56.3,33.4,59.44,0.553684813549379,1.0,0.0,7.90069881778489,7.664898438256791,6.340344616619626,7.893231084260548,8.053522703107879,7.629214015244529,0.004042342529929854,-0.4452267014001121,5.53684813549379,5.559465151077335,1.0,0.1,13.978454104032071,13.637740710257905,0.01258994856479596,71.975,35.3,48.6,63.330999999999996
Вологодская область,2017,3846.501488512389,3013.408029111621,833.093459400769,2161.823999071674,3090.148016453859,607.5922101253087,2994.917458472443,13.98074190552794,72.16,13.65131131149509,13.6396192284667,1.176070260565276,97.26601120869842,0,40.9,37.2,59.44,0.5549131362510767,1.0,0.0,8.004671950394293,7.678707588350621,6.725145832032711,8.010826952832883,8.035974270509541,6.4095039499108415,0.011692083028391309,0.10397313260940333,5.549131362510767,5.559465151077335,1.0,0.1,13.978454104032071,13.637740710257905,0.01258994856479596,71.975,35.3,48.6,63.330999999999996
Вологодская область,2018,5308.769468330283,2764.441394785242,2544.32807354504,2822.892920472973,2947.806775810484,669.6777810883374,5367.220994018013,13.97378358636776,72.31,13.68100911762476,13.65131131149509,3.014318395610349,97.26601120869842,0,40.9,37.2,59.44,0.551257777307593,1.0,0.0,8.588065547781126,7.945517496422847,7.841621875872246,7.924593866343747,7.988816706999135,6.506796672955345,0.029697806129668436,0.5833935973868325,5.51257777307593,5.559465151077335,1.0,0.1,13.978454104032071,13.637740710257905,0.01258994856479596,71.975,35.3,48.6,63.330999999999996
Вологодская область,2019,4583.890583339559,2501.217512962544,2082.673070377015,5723.017488343495,3663.448268573053,6987.475536647111,7805.690558720509,13.96673610662087,72.38,13.68103198243468,13.68100911762476,0.00228650713209877,97.26601120869842,0,40.9,37.2,72.41,0.5654945446741275,1.0,0.0,8.962608305489342,8.65225147820445,7.641407477611577,7.824532897492772,8.206160132734126,8.851874616440712,2.286480992097495e-05,0.3745427577082161,5.654945446741275,5.559465151077335,1.0,0.1,13.978454104032071,13.637740710257905,0.01258994856479596,71.975,35.3,48.6,63.330999999999996
Вологодская область,2020,8776.30494678589,1415.122364420429,7361.182582365458,9082.340474478535,5463.868926994828,10205.3308660602,16443.52305684399,13.95945504563722,72.39,13.66913022400155,13.68103198243468,-1.18312126565181,97.26601120869842,0,40.9,37.2,72.41,0.5661545017011619,1.0,0.0,9.70768694351322,9.114087199886995,8.90397587576759,7.254971282960661,8.605912412491966,9.230665496674288,-0.011901758433129572,0.7450786380238785,5.661545017011619,5.559465151077335,1.0,0.1,13.978454104032071,13.637740710257905,0.01258994856479596,71.975,35.3,48.6,63.330999999999996
Вологодская область,2021,2783.968831877061,1306.55890429156,1477.409927585502,9336.99781630873,4124.294826095088,9794.611486079042,10814.40774389423,13.95025646277021,72.43,13.70691626372048,13.66913022400155,3.850900942629476,97.26601120869842,0,40.9,37.2,72.41,0.569733399241631,1.0,0.0,9.288634574418314,9.141740046608856,7.298045784704863,7.175152169510023,8.324650332905275,9.189587665077337,0.03778603971892913,-0.4190523690949064,5.6973339924163104,5.559465151077335,1.0,0.1,13.978454104032071,13.637740710257905,0.01258994856479596,71.975,35.3,48.6,63.330999999999996
Воронежская область,2012,6441.573258536729,5470.47671952994,971.0965390067909,7160.972116806727,3534.360272534125,2213.341139591542,8132.068655813518,14.66258282147784,66.16,13.03635506586528,12.9470238473212,9.344276487510484,95.50289463735784,0,64.3,50.0,61.34,0.9999993541670816,1.0,0.0,9.00357061738519,8.876401021242444,6.878425885601362,8.607121043269354,8.17028759237354,7.702258480720039,0.08933121854408022,,9.999993541670817,8.947648293289495,1.0,0.1,14.66311066675936,13.110858337994335,0.02729048016193012,67.483,54.55,59.05,66.602
Воронежская область,2013,5739.674712244157,4205.903855763769,1533.770856480391,8010.194171310671,3051.957117173249,694.7038092866189,9543.965027791062,14.66261797164623,66.58,13.05808140747842,13.03635506586528,2.196407715926485,95.50289463735784,0,64.3,50.0,61.34,1.0,1.0,0.0,9.163664299457444,8.988470280881037,7.335484594289888,8.344244497172031,8.023538341576032,6.5434855810386585,0.021726341613140576,0.1600936820722545,10.0,8.947648293289495,1.0,0.1,14.66311066675936,13.110858337994335,0.02729048016193012,67.483,54.55,59.05,66.602
Воронежская область,2014,4563.308004263905,2935.147223264754,1628.160780999153,5733.560693500873,2834.554257540633,650.859630672144,7361.721474500026,14.66336483495162,66.92,13.11465961079229,13.05808140747842,5.820936704371404,95.50289463735784,0,64.3,50.0,61.34,0.9999995600001923,1.0,0.0,8.90404908036537,8.654092029190338,7.395206301513545,7.984512892252802,7.949639975419446,6.478293997871664,0.05657820331386887,-0.2596152190920744,9.999995600001924,8.947648293289495,1.0,0.1,14.66311066675936,13.110858337994335,0.02729048016193012,67.483,54.55,59.05,66.602
Воронежская область,2015,3720.167394763925,2672.531685724425,1047.635709039499,5777.23929979063,2751.545913263896,1307.959997649916,6824.875008830129,14.66491633798418,67.2,13.11809564927077,13.11465961079229,0.3441948425686681,95.50289463735784,0,64.3,50.0,61.34,0.9999993800003838,1.0,0.0,8.828329306160938,8.66168121777097,6.95429119857372,7.890781499040114,7.919918182991121,7.176223948713024,0.003436038478481507,-0.07571977420443154,9.999993800003837,8.947648293289495,1.0,0.1,14.66311066675936,13.110858337994335,0.02729048016193012,67.483,54.55,59.05,66.602
Воронежская область,2016,3006.755906251574,2525.555654689643,481.20025156193,5101.616738916229,2594.109618941981,896.729521926838,5582.816990478159,14.66641334137292,67.44,13.13050155105102,13.11809564927077,1.248317419376899,95.50289463735784,0,64.3,50.0,61.34,1.0,1.0,0.0,8.627448764991282,8.537312776106749,6.17628350688079,7.834216378762757,7.860998622635013,6.798754280274133,0.012405901780249806,-0.20088054116965637,10.0,8.947648293289495,1.0,0.1,14.66311066675936,13.110858337994335,0.02729048016193012,67.483,54.55,59.05,66.602
Воронежская область,2017,4054.822129674782,3576.956654920455,477.8654747543268,6028.102458635482,2522.218298080068,1007.766089858611,6505.967933389809,14.66706221525803,67.67,13.15356920378323,13.13050155105102,2.333576866614329,95.50289463735784,0,53.8,59.1,61.34,0.9999997142857937,1.0,0.0,8.780475178246144,8.704187556721294,6.169329259313243,8.182267621466966,7.8328940703047785,6.91549136799099,0.0230676527322089,0.153026413254862,9.999997142857938,8.947648293289495,1.0,0.1,14.66311066675936,13.110858337994335,0.02729048016193012,67.483,54.55,59.05,66.602
Воронежская область,2018,5796.439989810186,3589.881594242228,2206.558395567955,4936.386742660906,2100.482854364201,2852.781188239309,7142.945138228861,14.6660293683753,67.95,13.18124398161238,13.15356920378323,2.806128172497191,95.50289463735784,0,53.8,59.1,61.34,0.7233509412894048,1.0,1.0,8.873880454631127,8.504388913946402,7.699189293606607,8.185874498833174,7.649922527931134,7.956049652947801,0.027674777829149733,0.09340527638498308,7.233509412894048,8.947648293289495,1.0,0.1,14.66311066675936,13.110858337994335,0.02729048016193012,67.483,54.55,59.05,66.602
Воронежская область,2019,4900.412771435783,3699.281740227628,1201.131031208155,4983.268689257578,2518.176085593493,4393.338853191584,6184.399720465733,14.66457414425385,68.19,13.19561543100038,13.18124398161238,1.447521515903816,95.50289463735784,0,53.8,59.1,78.88,0.7484134988710417,1.0,0.0,8.729785226028538,8.513841318011249,7.091018917884153,8.215893955524958,7.83129014289535,8.387844775804501,0.014371449388001167,-0.1440952286025894,7.484134988710417,8.947648293289495,1.0,0.1,14.66311066675936,13.110858337994335,0.02729048016193012,67.483,54.55,59.05,66.602
Воронежская область,2020,5884.449568431478,3743.560645794052,2140.888922637426,7919.961302639788,3594.132508774511,5705.423669282914,10060.85022527721,14.66040796814623,68.3,13.1734376317684,13.19561543100038,-2.193367984984573,95.50289463735784,0,53.8,59.1,78.88,0.7360008522115131,1.0,0.0,9.216406955517613,8.977141598766204,7.668976406177689,8.22779248183177,8.187057936105832,8.649172522340393,-0.022177799231981155,0.4866217294890749,7.360008522115131,8.947648293289495,1.0,0.1,14.66311066675936,13.110858337994335,0.02729048016193012,67.483,54.55,59.05,66.602
Воронежская область,2021,4541.703777397066,3450.655789987957,1091.047987409109,8559.196706423578,2941.365648522185,5621.781916454229,9650.244693832687,14.65313766412741,68.42,13.2199286489405,13.1734376317684,4.758866871754752,95.50289463735784,0,53.8,59.1,78.88,0.7398849924640838,1.0,0.0,9.174738550885404,9.05476162202476,6.994893969658719,8.1463195760162,7.986629258783135,8.63440395961736,0.04649101717210158,-0.04166840463220822,7.398849924640838,8.947648293289495,1.0,0.1,14.66311066675936,13.110858337994335,0.02729048016193012,67.483,54.55,59.05,66.602
Еврейская автономная область,2012,24839.29611382628,24839.29611382628,0.0,18254.25561659289,5093.09818747147,4317.845545790065,18254.25561659289,12.05997115058879,68.37,13.13911795850847,13.11102515905774,2.849112340435411,92.7393675532346,0,52.1,48.1,61.59,0.0,0.0,0.0,9.812153516298208,9.812153516298208,,10.120182198843436,8.535641605605399,8.370511840585545,0.02809279945073051,,0.0,1.3609917500399296,0.2,0.2,11.992814610304743,13.05142859923661,0.005815462641654001,69.852,46.55,45.85,63.357000000000006
Еврейская автономная область,2013,30751.44455671985,26263.35657123731,4488.087985482532,30931.84521785449,4842.703711872288,15064.21888977625,35419.93320333702,12.04549888179377,68.52,12.96121833465604,13.13911795850847,-16.29735632386354,92.7393675532346,0,52.1,48.1,61.59,0.0,0.0,0.0,10.475030025489113,10.339541521767567,8.409182051618771,10.175929960375294,8.48522846189707,9.620077600885711,-0.1778996238524293,0.6628765091909052,0.0,1.3609917500399296,0.2,0.2,11.992814610304743,13.05142859923661,0.005815462641654001,69.852,46.55,45.85,63.357000000000006
Еврейская автономная область,2014,25404.45748065652,22631.56668526008,2772.890795396438,7655.807779008086,5413.02062452447,12408.64682326985,10428.69857440452,12.02990213222072,68.96,12.98279715590663,12.96121833465604,2.181332776767353,92.7393675532346,0,52.1,48.1,61.59,0.0,0.0,0.0,9.252316763067078,8.9432198255825,7.927645663447032,10.02710096668907,8.596562556973439,9.426148833032643,0.021578821250589186,-1.222713262422035,0.0,1.3609917500399296,0.2,0.2,11.992814610304743,13.05142859923661,0.005815462641654001,69.852,46.55,45.85,63.357000000000006
Еврейская автономная область,2015,23825.33129251144,19454.68720471512,4370.644087796315,4776.786738615871,5121.905942954932,4423.457379780972,9147.430826412186,12.01460337569918,69.53,12.9809497535932,12.98279715590663,-0.1845696916118134,92.7393675532346,0,52.1,48.1,61.59,0.0,0.0,0.0,9.12122833484369,8.471523369022236,8.38266566574076,9.875843307402748,8.541281903247429,8.394676881923022,-0.0018474023134302797,-0.1310884282233875,0.0,1.3609917500399296,0.2,0.2,11.992814610304743,13.05142859923661,0.005815462641654001,69.852,46.55,45.85,63.357000000000006
Еврейская автономная область,2016,22699.16074644736,16660.17384595114,6038.986900496216,3967.770726208758,4915.558884712659,3004.71175876553,10006.75762670497,11.99992754839314,69.96,12.97847942206428,12.9809497535932,-0.2467282770994839,92.7393675532346,0,52.1,48.1,61.59,0.0,0.0,1.0,9.211015906421897,8.285959686042037,8.7059915451544,9.720776350597431,8.500160736129523,8.007936921824722,-0.0024703315289187344,0.08978757157820638,0.0,1.3609917500399296,0.2,0.2,11.992814610304743,13.05142859923661,0.005815462641654001,69.852,46.55,45.85,63.357000000000006
Еврейская автономная область,2017,17982.38302989399,14462.06994431917,3520.31308557483,2523.803441834098,4682.22134381764,2205.811538151668,6044.116527408928,11.98518903861681,70.29,13.07387583485806,12.97847942206428,10.00948603783942,92.7393675532346,0,39.6,45.0,61.59,0.0,0.0,0.0,8.706840603056037,7.833522344968612,8.166305209402369,9.57928463514411,8.451527922417737,7.6988507646824065,0.09539641279377875,-0.5041753033658605,0.0,1.3609917500399296,0.2,0.2,11.992814610304743,13.05142859923661,0.005815462641654001,69.852,46.55,45.85,63.357000000000006
Еврейская автономная область,2018,19607.77044597741,14417.82877397375,5189.941672003665,2130.037343625129,5052.879670535224,4148.989988331319,7319.979015628795,11.96957152782275,70.62,13.09448088716316,13.07387583485806,2.081880197875541,92.7393675532346,0,39.6,45.0,61.59,0.0,0.0,0.0,8.898362740233871,7.663894790768154,8.554477737561843,9.576220829042553,8.527713591538191,8.33062020729822,0.020605052305100457,0.1915221371778344,0.0,1.3609917500399296,0.2,0.2,11.992814610304743,13.05142859923661,0.005815462641654001,69.852,46.55,45.85,63.357000000000006
Еврейская автономная область,2019,27951.23037622141,13263.7376605199,14687.49271570151,5973.821466378361,5810.879722617622,11072.48172761366,20661.31418207987,11.9555900140675,70.79,13.08211842557881,13.09448088716316,-1.228636027876795,92.7393675532346,0,39.6,45.0,67.48,0.0,0.0,0.0,9.936018350625424,8.695142113223755,9.594751574934154,9.492789098871272,8.667487253636427,9.312218185546604,-0.01236246158434895,1.0376556103915533,0.0,1.3609917500399296,0.2,0.2,11.992814610304743,13.05142859923661,0.005815462641654001,69.852,46.55,45.85,63.357000000000006
Еврейская автономная область,2020,43953.46834764158,13939.48174022559,30013.98660741599,13475.74857100061,7409.57034783824,24455.55026277956,43489.7351784166,11.94237399116035,70.75,13.11022306097971,13.08211842557881,2.850329664607743,92.7393675532346,0,39.6,45.0,67.48,0.6777171751487207,1.0,1.0,10.680280216320824,9.508646946813105,10.3094187722446,9.542480505734275,8.910527733861192,10.104612473754031,0.028104635400898914,0.7442618656953996,6.777171751487207,1.3609917500399296,0.2,0.2,11.992814610304743,13.05142859923661,0.005815462641654001,69.852,46.55,45.85,63.357000000000006
Еврейская автономная область,2021,48081.7995273808,13071.85863787705,35009.94088950375,18078.56020830989,6326.160307996796,27769.48130797694,53088.50109781364,11.92551844268441,70.73,13.16917978547428,13.11022306097971,6.072933614874931,92.7393675532346,0,39.6,45.0,67.48,0.6832745748912088,1.0,0.0,10.879715631949045,9.802481996279038,10.463387325558362,9.478217002925419,8.752448744675844,10.231692901983697,0.05895672449456946,0.19943541562822098,6.832745748912088,1.3609917500399296,0.2,0.2,11.992814610304743,13.05142859923661,0.005815462641654001,69.852,46.55,45.85,63.357000000000006
Забайкальский край,2012,14227.2465606899,14073.21417756323,154.0323831266702,7464.285883584873,4550.374173165394,2435.697444843567,7618.318266711543,13.90301672918971,66.62,12.9821424781841,12.95182725893316,3.077940425984171,89.90678173459195,0,53.6,43.3,65.69,0.0,0.0,0.0,8.938310924416262,8.917885043452971,5.037162860351192,9.552028565921706,8.42296474442434,7.7979884194919755,0.030315219250940828,,0.0,2.1115633114582004,0.3,0.3,13.866564971078045,12.974359006659611,0.019566395341172084,67.95700000000001,41.6,46.25,67.592
Забайкальский край,2013,19541.40034702102,15906.39482686988,3635.005520151149,7923.028129876781,3994.745830401654,518.7480084376813,11558.03365002793,13.89531846884443,67.01,12.97065791911261,12.9821424781841,-1.141886325928243,89.90678173459195,0,53.6,43.3,65.69,0.0,0.0,0.0,9.355136028279258,8.977528751366206,8.198365908577511,9.674476497720631,8.292735234249418,6.251418232381261,-0.011484559071490708,0.41682510386299576,0.0,2.1115633114582004,0.3,0.3,13.866564971078045,12.974359006659611,0.019566395341172084,67.95700000000001,41.6,46.25,67.592
Забайкальский край,2014,16175.97327623879,13190.4221351309,2985.551141107895,4287.064258532166,4735.738371326225,630.4408490242588,7272.615399640061,13.88824508737716,67.33,12.9179812961741,12.97065791911261,-5.131325358340022,89.90678173459195,0,53.6,43.3,65.69,0.0,0.0,1.0,8.891871258189845,8.363357455646398,8.001539645670478,9.487246249378988,8.462892932497,6.446419335023423,-0.05267662293850961,-0.46326477008941325,0.0,2.1115633114582004,0.3,0.3,13.866564971078045,12.974359006659611,0.019566395341172084,67.95700000000001,41.6,46.25,67.592
Забайкальский край,2015,14139.97327616386,11541.62098721006,2598.352288953801,2989.183519856078,4542.603573669663,2731.683318262232,5587.535808809878,13.88132826060023,67.62,12.91585737829889,12.9179812961741,-0.2121663957634023,89.90678173459195,0,53.6,43.3,65.69,0.0,0.0,0.0,8.628293647636838,8.002755558812005,7.862632788096888,9.353714997026843,8.42125560103838,7.912673298255329,-0.002123917875209713,-0.263577610553007,0.0,2.1115633114582004,0.3,0.3,13.866564971078045,12.974359006659611,0.019566395341172084,67.95700000000001,41.6,46.25,67.592
Забайкальский край,2016,12718.92447567288,9970.863534714763,2748.060940958113,2535.813102512711,4126.497036984461,919.6853131983634,5283.874043470823,13.87375588090446,67.93,12.92442925832774,12.91585737829889,0.8608723790655359,89.90678173459195,0,53.6,43.3,65.69,0.0,0.0,0.0,8.572414828013443,7.83826961509395,7.918650829573097,9.207422472516578,8.325184150986791,6.824031560658999,0.008571880028849677,-0.055878819623394804,0.0,2.1115633114582004,0.3,0.3,13.866564971078045,12.974359006659611,0.019566395341172084,67.95700000000001,41.6,46.25,67.592
Забайкальский край,2017,14515.82421341786,13766.28946698542,749.5347464324433,2046.216766201505,3937.629859260474,952.7135739943387,2795.751512633948,13.8652574072217,68.17,12.97406967534167,12.92442925832774,5.089314513251564,89.90678173459195,0,38.9,39.9,65.69,0.0,0.0,1.0,7.935856226955795,7.6237478872347015,6.619452675950998,9.529978090413056,8.2783342627197,6.8593143065322355,0.04964041701393107,-0.636558601057648,0.0,2.1115633114582004,0.3,0.3,13.866564971078045,12.974359006659611,0.019566395341172084,67.95700000000001,41.6,46.25,67.592
Забайкальский край,2018,22673.43731788041,13943.66614313187,8729.771174748548,2396.703570911237,4375.732009226809,1258.137377462277,11126.47474565979,13.85524844505237,68.36,12.99501857754934,12.97406967534167,2.116987077838606,89.90678173459195,0,38.9,39.9,65.69,0.0,0.0,0.0,9.317082659656576,7.781849560083329,9.074494437121114,9.542780644223313,8.383829101190587,7.137387634368337,0.020948902207669207,1.3812264327007808,0.0,2.1115633114582004,0.3,0.3,13.866564971078045,12.974359006659611,0.019566395341172084,67.95700000000001,41.6,46.25,67.592
Забайкальский край,2019,25705.43499447896,13388.77061222957,12316.66438224939,4780.458625569817,5036.073766511113,9609.372616612987,17097.12300781921,13.8451567350293,68.61,13.02882681418972,12.99501857754934,3.438623032938892,89.90678173459195,0,38.9,39.9,72.03,0.6941168332666741,1.0,1.0,9.746665483179175,8.472291767654832,9.418708452234558,9.502171620596249,8.52438204289475,9.170494215401686,0.033808236640380684,0.42958282352259936,6.941168332666741,2.1115633114582004,0.3,0.3,13.866564971078045,12.974359006659611,0.019566395341172084,67.95700000000001,41.6,46.25,67.592
Забайкальский край,2020,19523.09093528227,13246.63256124584,6276.458374036431,13175.7770529167,7145.646605893329,8782.457517299883,19452.23542695313,13.835221024151,68.84,13.08277941048479,13.02882681418972,5.543456946032266,89.90678173459195,0,38.9,39.9,72.03,0.7063347909899357,1.0,0.0,9.875717274419443,9.486135351018866,8.744561147201926,9.49149865279265,8.874258583945064,9.080511546929294,0.0539525962950691,0.12905179124026844,7.063347909899357,2.1115633114582004,0.3,0.3,13.866564971078045,12.974359006659611,0.019566395341172084,67.95700000000001,41.6,46.25,67.592
Забайкальский край,2021,16058.51809213791,12259.4403644231,3799.077727714813,16224.8726273496,6000.903708570691,13941.58215627915,20023.95035506441,13.82310167241009,69.08,13.14749121234488,13.08277941048479,6.685151545225398,89.90678173459195,0,38.9,39.9,72.03,0.7111116872015905,1.0,0.0,9.904684353836883,9.694300691147,8.242513613024338,9.414051561174524,8.69966535496354,9.542631175455153,0.06471180186009029,0.02896707941743948,7.111116872015905,2.1115633114582004,0.3,0.3,13.866564971078045,12.974359006659611,0.019566395341172084,67.95700000000001,41.6,46.25,67.592
Ивановская область,2012,14940.92898246658,14559.12935206022,381.7996304063542,4017.604020095295,3986.931405246473,2243.514737568832,4399.403650501649,13.85869264527328,81.06,12.61011670581729,12.63680028115729,-2.633071424193234,95.57495314218058,0,53.2,40.1,61.85,0.575963346844531,1.0,0.0,8.389224276743896,8.298440989023911,5.944895943261724,9.58597352271414,8.290777142630011,7.715798994402188,-0.026683575339999877,,5.75963346844531,6.5690167994383755,0.9,0.2,13.805708923317388,12.617724326485558,0.0073315337883800066,81.444,41.25,45.85,64.706
Ивановская область,2013,16318.63678609096,14784.8060537183,1533.830732372659,3824.039617197702,3469.993498989885,322.5756368744056,5357.870349570361,13.84879445226224,81.12,12.66975699072315,12.61011670581729,6.145465660196336,95.57495314218058,0,53.2,40.1,61.85,0.5635491606714624,1.0,0.0,8.586321852269863,8.249062634263469,7.335523631883618,9.601355314427005,8.151907999449204,5.776337641681169,0.05964028490585882,0.19709757552596763,5.635491606714624,6.5690167994383755,0.9,0.2,13.805708923317388,12.617724326485558,0.0073315337883800066,81.444,41.25,45.85,64.706
Ивановская область,2014,15433.90168850324,12447.37768912247,2986.52399938078,2819.017081790681,2880.181029468496,652.021626295925,5805.541081171461,13.8381962800476,81.2,12.57388291842727,12.66975699072315,-9.142157594005552,95.57495314218058,0,53.2,40.1,61.85,0.4784944131183718,1.0,1.0,8.666568099292384,7.944143550617102,8.001865448095465,9.42926525232807,7.965608428608883,6.480077730542098,-0.09587407229587974,0.08024624702252048,4.784944131183718,6.5690167994383755,0.9,0.2,13.805708923317388,12.617724326485558,0.0073315337883800066,81.444,41.25,45.85,64.706
Ивановская область,2015,11778.6721322916,10595.60172576044,1183.070406531168,1865.749807871755,2792.679947010182,1228.884871242756,3048.820214402923,13.82676103336212,81.29,12.59823439037929,12.57388291842727,2.465039048208562,95.57495314218058,0,53.2,40.1,61.85,0.4728257938045294,1.0,0.0,8.022509979819395,7.5314182930350775,7.075868377449325,9.268194262460216,7.9347569682621,7.113862428402466,0.02435147195201992,-0.6440581194729891,4.728257938045294,6.5690167994383755,0.9,0.2,13.805708923317388,12.617724326485558,0.0073315337883800066,81.444,41.25,45.85,64.706
Ивановская область,2016,10127.81975415312,8946.188309503455,1181.63144464966,975.7949572913666,2781.914019050353,881.2338450531627,2157.426401941027,13.81506145713359,81.36,12.57326998223623,12.59823439037929,-2.465537426304376,95.57495314218058,0,53.2,40.1,61.85,0.4781823389744629,1.0,0.0,7.67667130971804,6.88325247959975,7.0746513427873,9.09898283334687,7.93089446584128,6.781323022103881,-0.024964408143059558,-0.3458386701013545,4.781823389744629,6.5690167994383755,0.9,0.2,13.805708923317388,12.617724326485558,0.0073315337883800066,81.444,41.25,45.85,64.706
Ивановская область,2017,12928.11700294286,12351.66754823874,576.4494547041171,1502.170969500075,2441.897460838074,373.0278132553019,2078.620424204192,13.80263097102654,81.45,12.58068792651974,12.57326998223623,0.7445525388395602,95.57495314218058,0,38.5,42.4,61.85,0.0,0.0,0.0,7.6394596950486005,7.314666653742365,6.356887659723301,9.421546357090069,7.800530663960254,5.921652983231984,0.0074179442835102805,-0.037211614669439896,0.0,6.5690167994383755,0.9,0.2,13.805708923317388,12.617724326485558,0.0073315337883800066,81.444,41.25,45.85,64.706
Ивановская область,2018,17606.70487932713,14306.85336146669,3299.851517860446,1893.094128439653,2447.435431621301,871.2563446187854,5192.945646300099,13.78807255523678,81.57,12.61013495480325,12.58068792651974,2.988487925709316,95.57495314218058,0,38.5,42.4,61.85,1.000000950414124,1.0,1.0,8.555056377065124,7.545967874452581,8.101632751854542,9.568493957488121,7.802795992696631,6.769936244250554,0.02944702828350998,0.915596682016524,10.000009504141241,6.5690167994383755,0.9,0.2,13.805708923317388,12.617724326485558,0.0073315337883800066,81.444,41.25,45.85,64.706
Ивановская область,2019,15027.28008295423,14235.12741824856,792.1526647056726,3114.362700790739,3003.314371135491,4939.189402929858,3906.515365496412,13.77412486292807,81.69,12.64877525970233,12.61013495480325,3.939655055609448,95.57495314218058,0,38.5,42.4,71.37,0.9999988275875807,1.0,0.0,8.270401044744412,8.043779819853714,6.674754131705658,9.563467950725718,8.00747174819697,8.504956508242245,0.038640304899079325,-0.28465533232071216,9.999988275875808,6.5690167994383755,0.9,0.2,13.805708923317388,12.617724326485558,0.0073315337883800066,81.444,41.25,45.85,64.706
Ивановская область,2020,18291.60445308342,15008.69074128482,3282.913711798601,10444.62804357264,4413.093475620254,7737.010560443145,13727.54175537124,13.76023249280722,81.8,12.67558385508973,12.64877525970233,2.717117864518048,95.57495314218058,0,38.5,42.4,71.37,1.000001157896076,1.0,0.0,9.527159440880054,9.253843062401353,8.096486633817344,9.616384695059283,8.392331190921547,8.953770659475904,0.026808595387400658,1.2567583961356412,10.000011578960759,6.5690167994383755,0.9,0.2,13.805708923317388,12.617724326485558,0.0073315337883800066,81.444,41.25,45.85,64.706
Ивановская область,2021,16488.81062575083,13867.87271343345,2620.937912317373,8852.829030471092,3236.480827452862,5851.546257755191,11473.76694278846,13.74452248309645,81.9,12.71011561904109,12.67558385508973,3.513490782878348,95.57495314218058,0,38.5,42.4,71.37,1.000000810127238,1.0,0.0,9.347818573188793,9.088492351380188,7.87128751449547,9.53733012832563,8.082241854115976,8.674461222865158,0.03453176395136026,-0.1793408676912609,10.00000810127238,6.5690167994383755,0.9,0.2,13.805708923317388,12.617724326485558,0.0073315337883800066,81.444,41.25,45.85,64.706
Иркутская область,2012,1950.493073419162,1950.493073419162,0.0,5544.983280311073,3977.655971116951,1652.828792618231,5544.983280311073,14.70096799177201,79.3,13.4132077833418,13.32238945958047,9.50700389795276,91.40701771588505,0,47.1,34.9,55.45,0.9270067005782439,1.0,0.0,8.620648884506895,8.620648884506895,,7.575837477758228,8.288447972797474,7.410243518723217,0.09081832376132937,,9.270067005782439,2.3390715803622264,0.3,0.4,14.693891829081224,13.49487285365654,0.030863608300009913,78.506,37.35,40.9,60.733000000000004
Иркутская область,2013,3385.914015364141,989.2663544897267,2396.647660874414,4299.141219238097,3478.899854356751,784.6645835961955,6695.788880112511,14.69996257456922,79.12,13.43401582784077,13.4132077833418,2.102604126017882,91.40701771588505,0,47.1,34.9,55.45,0.0,0.0,1.0,8.80923408241785,8.36617056527941,7.781826231921414,6.896963612339873,8.154471388982163,6.665256344428362,0.020808044498970446,0.18858519791095496,0.0,2.3390715803622264,0.3,0.4,14.693891829081224,13.49487285365654,0.030863608300009913,78.506,37.35,40.9,60.733000000000004
Иркутская область,2014,3634.317694772968,1519.631284802329,2114.686409970639,3180.050477500285,4085.718177757947,694.3242538906998,5294.736887470925,14.69872794682739,78.97,13.48213404148145,13.43401582784077,4.929468893842048,91.40701771588505,0,47.1,34.9,55.45,0.0,0.0,1.0,8.574468566049402,8.064652349076004,7.656661810969938,7.3262230086261155,8.315252800350276,6.542939076017734,0.04811821364067903,-0.2347655163684479,0.0,2.3390715803622264,0.3,0.4,14.693891829081224,13.49487285365654,0.030863608300009913,78.506,37.35,40.9,60.733000000000004
Иркутская область,2015,3979.380925415784,1583.287751143901,2396.093174271882,2949.918469431643,3402.906527092168,1616.765956373053,5346.011643703525,14.69781545874927,78.84,13.4870385508291,13.48213404148145,0.4916556140110773,91.40701771588505,0,47.1,34.9,55.45,0.0,0.0,0.0,8.584106074718102,7.989532811471144,7.781594845904904,7.367258819194952,8.132385206328234,7.388183109690743,0.004904509347650077,0.009637508668699724,0.0,2.3390715803622264,0.3,0.4,14.693891829081224,13.49487285365654,0.030863608300009913,78.506,37.35,40.9,60.733000000000004
Иркутская область,2016,3254.499682117239,2667.746050731721,586.7536313855184,3054.786230538227,3205.23518484213,937.2788763930996,3641.539861923745,14.69680603684117,78.67,13.51566313977018,13.4870385508291,2.903820962914616,91.40701771588505,0,47.1,34.9,55.45,0.0,0.0,1.0,8.200161910165061,8.024464895520184,6.374605023694543,7.888989219121376,8.072540747268514,6.842980864843306,0.028624588941079665,-0.38394416455304103,0.0,2.3390715803622264,0.3,0.4,14.693891829081224,13.49487285365654,0.030863608300009913,78.506,37.35,40.9,60.733000000000004
Иркутская область,2017,4570.62642422489,3701.260217441205,869.3662067836841,3373.431692123311,2991.756136409489,528.4452516342759,4242.797898906995,14.69525763017774,78.43,13.54677034867515,13.51566313977018,3.159609424592058,91.40701771588505,0,34.7,39.8,55.45,0.0,0.0,0.0,8.352978212417417,8.123685811492333,6.7677644482152655,8.216428639949973,8.003615830561905,6.2699392079561465,0.031107208904970207,0.1528163022523561,0.0,2.3390715803622264,0.3,0.4,14.693891829081224,13.49487285365654,0.030863608300009913,78.506,37.35,40.9,60.733000000000004
Иркутская область,2018,5909.209448956729,2896.352723731485,3012.856725225243,2669.721723952448,3160.981170319355,891.5832870234276,5682.57844917769,14.69318103637314,78.21,13.57353955507012,13.54677034867515,2.713072020421659,91.40701771588505,0,34.7,39.8,55.45,0.0,0.0,0.0,8.64516036103003,7.889729522723893,8.010643985800934,7.971207542957577,8.058637755323264,6.792998856409407,0.02676920639497027,0.2921821486126124,0.0,2.3390715803622264,0.3,0.4,14.693891829081224,13.49487285365654,0.030863608300009913,78.506,37.35,40.9,60.733000000000004
Иркутская область,2019,3712.848457618806,2650.209247525443,1062.639210093362,5158.015159397442,3908.449696070962,11224.7355541338,6220.654369490804,14.69071175953367,78.01,13.59483058615018,13.57353955507012,2.151930224668441,91.40701771588505,0,34.7,39.8,73.06,0.0,0.0,0.0,8.735630384297862,8.548307125443843,6.968510913480376,7.882393877193342,8.270896077185073,9.325875153681169,0.021291031080060918,0.09047002326783193,0.0,2.3390715803622264,0.3,0.4,14.693891829081224,13.49487285365654,0.030863608300009913,78.506,37.35,40.9,60.733000000000004
Иркутская область,2020,6789.242004287599,878.4128445363269,5910.829159751273,9601.357821557445,5547.789853150428,8434.449350453951,15512.18698130872,14.68620039454014,77.83,13.57913924382619,13.59483058615018,-1.556887460970158,91.40701771588505,0,34.7,39.8,73.06,0.7009531925823922,1.0,1.0,9.649381250827966,9.169659807199837,8.684541398317586,6.778116693299002,8.621154902770403,9.040079711338048,-0.015691342323989943,0.9137508665301048,7.0095319258239215,2.3390715803622264,0.3,0.4,14.693891829081224,13.49487285365654,0.030863608300009913,78.506,37.35,40.9,60.733000000000004
Иркутская область,2021,3503.777997835676,812.4426300207032,2691.335367814972,11105.73992351091,4777.049752097611,6843.0895016869,13797.07529132588,14.67928746142849,77.68,13.63102554258057,13.57913924382619,5.325597918808733,91.40701771588505,0,34.7,39.8,73.06,0.7111116872015905,1.0,0.0,9.532211913272645,9.315217363871215,7.8977927686826765,6.700045302505657,8.471578428260912,8.830994590172372,0.05188629875437911,-0.11716933755532111,7.111116872015905,2.3390715803622264,0.3,0.4,14.693891829081224,13.49487285365654,0.030863608300009913,78.506,37.35,40.9,60.733000000000004
Кабардино-Балкарская Республика,2012,13398.63000823316,13398.63000823316,0.0,10863.27309682794,2054.759106243087,1146.409013332599,10863.27309682794,13.66854996738235,53.93,12.30218052340143,12.24879890862261,5.48321078431373,22.52089964671727,1,98.4,81.9,77.64,0.0,0.0,0.0,9.293142938210531,9.293142938210531,,9.502907742520767,7.627913896819781,7.044389738775971,0.05338161477881975,,0.0,5.4403455889367445,0.8,0.2,13.690886525080558,12.308210319625527,0.012181354804779864,52.86,79.8,94.25,82.362
Кабардино-Балкарская Республика,2013,17281.85823779483,15551.09567307422,1730.762564720609,9123.820595146477,1829.527836872363,419.5187307398793,10854.58315986709,13.67186418093193,53.62,12.28679372861758,12.30218052340143,-1.526902287478316,22.52089964671727,1,98.4,81.9,77.64,0.0,0.0,0.0,9.292342680825833,9.11864392025025,7.456317379228798,9.651886376416046,7.511813199906427,6.039108175065131,-0.015386794783850632,-0.0008002573846983552,0.0,5.4403455889367445,0.8,0.2,13.690886525080558,12.308210319625527,0.012181354804779864,52.86,79.8,94.25,82.362
Кабардино-Балкарская Республика,2014,16091.25309555637,13630.33520165365,2460.917893902713,4990.248866365155,2990.566864966831,2742.042016387826,7451.166760267868,13.67637032228945,53.38,12.29816093641635,12.28679372861758,1.143206000188468,22.52089964671727,1,98.4,81.9,77.64,0.6971276306006564,1.0,1.0,8.9161259112277,8.515241060521015,7.808289686934344,9.52005311731948,8.003218235360826,7.916458183268108,0.011367207798770096,-0.3762167695981322,6.971276306006564,5.4403455889367445,0.8,0.2,13.690886525080558,12.308210319625527,0.012181354804779864,52.86,79.8,94.25,82.362
Кабардино-Балкарская Республика,2015,12856.26212218143,12095.95357065429,760.308551527139,5652.56623761397,2733.753119179519,1131.61022570893,6412.874789141109,13.68270119033125,53.16,12.31065182261514,12.29816093641635,1.256922314396935,22.52089964671727,1,98.4,81.9,77.64,0.6832456496861242,1.0,0.0,8.766062934420772,8.639864922369883,6.6337243397407,9.400626260007044,7.913430712979634,7.03139687589147,0.012490886198790463,-0.15006297680692882,6.8324564968612425,5.4403455889367445,0.8,0.2,13.690886525080558,12.308210319625527,0.012181354804779864,52.86,79.8,94.25,82.362
Кабардино-Балкарская Республика,2016,11832.59627222657,10881.27159636584,951.3246758607364,5505.590030820638,2579.520075757288,650.1350632006645,6456.914706681375,13.68906145518491,52.93,12.32898417035184,12.31065182261514,1.850141678742667,22.52089964671727,1,98.4,81.9,77.64,0.6957679535342733,1.0,0.0,8.772906883104712,8.613519224307167,6.857855408970645,9.2947983882466,7.8553586434639895,6.4771801308439105,0.018332347736699006,0.006843948683940226,6.957679535342733,5.4403455889367445,0.8,0.2,13.690886525080558,12.308210319625527,0.012181354804779864,52.86,79.8,94.25,82.362
Кабардино-Балкарская Республика,2017,14126.88359254835,12749.25853201218,1377.625060536164,4689.55997490647,2474.447863362318,366.9360144131303,6067.185035442634,13.6947351746981,52.71,12.3273024721082,12.32898417035184,-0.1680284981488755,22.52089964671727,1,90.1,77.7,77.64,0.6923074945055504,1.0,0.0,8.710650026149159,8.453094035057205,7.228116324954116,9.453228394543556,7.813772564605342,5.905187485206106,-0.0016816982436402839,-0.062256856955553275,6.923074945055504,5.4403455889367445,0.8,0.2,13.690886525080558,12.308210319625527,0.012181354804779864,52.86,79.8,94.25,82.362
Кабардино-Балкарская Республика,2018,17023.42606966868,14196.02228852005,2827.403781148618,6165.533028554367,2600.370966277031,602.3104889368328,8992.936809702984,13.69936093755857,52.49,12.33361664928607,12.3273024721082,0.6334153617374216,22.52089964671727,1,90.1,77.7,77.64,0.6551730364782186,1.0,0.0,9.104194749280575,8.72672987229151,7.9471141777555925,9.560717083821512,7.863409393169165,6.400773074702676,0.006314177177870306,0.3935447231314164,6.551730364782186,5.4403455889367445,0.8,0.2,13.690886525080558,12.308210319625527,0.012181354804779864,52.86,79.8,94.25,82.362
Кабардино-Балкарская Республика,2019,18350.72440761735,16242.54381124839,2108.180596368958,7434.609889504106,3182.60271245576,2031.872297305518,9542.790485873064,13.70431080487205,52.29,12.32465876057505,12.33361664928607,-0.8917886360588323,22.52089964671727,1,90.1,77.7,93.38,0.669186360994336,1.0,1.0,9.163541225431727,8.913901388049508,7.653580577893408,9.69538924007279,8.0654546040524,7.616712960909278,-0.00895788871101999,0.05934647615115196,6.69186360994336,5.4403455889367445,0.8,0.2,13.690886525080558,12.308210319625527,0.012181354804779864,52.86,79.8,94.25,82.362
Кабардино-Балкарская Республика,2020,19692.13192608718,16873.48628341294,2818.645642674237,15722.86580306003,5894.810366619959,5159.267389716269,18541.51144573427,13.70901384151917,52.12,12.32095522426101,12.32465876057505,-0.3696686681987416,22.52089964671727,1,90.1,77.7,93.38,0.6690916838286474,1.0,0.0,9.827767359299374,9.662871352361666,7.944011780011042,9.733498809993613,8.681827643941748,8.548549869658515,-0.003703536314040079,0.664226133867647,6.690916838286474,5.4403455889367445,0.8,0.2,13.690886525080558,12.308210319625527,0.012181354804779864,52.86,79.8,94.25,82.362
Кабардино-Балкарская Республика,2021,17598.65492267938,15538.58241105581,2060.072511623578,15657.86067525341,3961.706075906728,5044.906087519224,17717.93318687699,13.71289737603779,51.97,12.37061245667041,12.32095522426101,5.091081646492501,22.52089964671727,1,90.1,77.7,93.38,0.678445779308938,1.0,0.0,9.782332580046987,9.658728349437048,7.630496460981399,9.651081397820883,8.284430038718288,8.526134317652946,0.04965723240940001,-0.04543477925238726,6.784457793089381,5.4403455889367445,0.8,0.2,13.690886525080558,12.308210319625527,0.012181354804779864,52.86,79.8,94.25,82.362
Калининградская область,2012,3123.854700827465,937.0007283746388,2186.853972452826,22512.11054171406,3103.346991152766,1548.436645973238,24698.96451416689,13.76544598207709,77.23,13.26663199790753,13.22780902169236,3.958643583467913,86.42750701458407,0,54.6,37.1,52.55,0.0,0.0,0.0,10.114516599233932,10.021808689688333,7.690219247735491,6.842684059585653,8.040236482609247,7.345001085417259,0.038822976215168836,,0.0,3.517805176669593,0.5,0.1,13.803348201913462,13.295133041532399,0.01816559597245391,76.973,40.25,49.35,59.69
Калининградская область,2013,1347.677925863044,584.5833281072444,763.0945977558,16496.06231380408,2713.328286527892,1599.21621374437,17259.15691155988,13.77430828281317,77.15,13.26772002802461,13.26663199790753,0.1088622236579351,86.42750701458407,0,54.6,37.1,52.55,0.0,0.0,0.0,9.756098117068955,9.710876983759553,6.637382004930731,6.370899333808708,7.905931310324741,7.3772689217943554,0.0010880301170814732,-0.35841848216497674,0.0,3.517805176669593,0.5,0.1,13.803348201913462,13.295133041532399,0.01816559597245391,76.973,40.25,49.35,59.69
Калининградская область,2014,3066.892192431962,1275.544237164353,1791.347955267607,27269.97201671881,2722.401637872665,652.0739429350318,29061.31997198642,13.78201064975699,77.08,13.30499102672352,13.26772002802461,3.79742724043617,86.42750701458407,0,54.6,37.1,52.55,0.0,0.0,0.0,10.277163358390938,10.213541449682848,7.490723663072231,7.151128219194763,7.909269724814735,6.48015796490585,0.03727099869890971,0.521065241321983,0.0,3.517805176669593,0.5,0.1,13.803348201913462,13.295133041532399,0.01816559597245391,76.973,40.25,49.35,59.69
Калининградская область,2015,3558.41369324478,1767.603246558277,1790.810446686503,19286.2644848794,2307.922310408877,1355.447716608438,21077.0749315659,13.78914502181729,76.98,13.28274301685317,13.30499102672352,-2.200234809990753,86.42750701458407,0,54.6,37.1,52.55,0.0,0.0,0.0,9.95594123266504,9.867148436803912,7.490423559880342,7.477379809959061,7.744102966060093,7.211887096898951,-0.022248009870351027,-0.3212221257258978,0.0,3.517805176669593,0.5,0.1,13.803348201913462,13.295133041532399,0.01816559597245391,76.973,40.25,49.35,59.69
Калининградская область,2016,2419.490175818448,1926.417451890112,493.0727239283351,16807.08994803521,2213.87422988479,35332.53801917731,17300.16267196355,13.79823010730483,76.89,13.29541942314715,13.28274301685317,1.275709250886181,86.42750701458407,0,54.6,37.1,52.55,0.0,0.0,0.0,9.758471183445335,9.729556097082035,6.2006566762029305,7.563417314401805,7.7024993049182475,10.472559575281558,0.012676406293980591,-0.1974700492197048,0.0,3.517805176669593,0.5,0.1,13.803348201913462,13.295133041532399,0.01816559597245391,76.973,40.25,49.35,59.69
Калининградская область,2017,2731.293183217034,2332.89510134597,398.3980818710641,14153.3298145797,2091.01696238772,64406.15608972494,14551.72789645076,13.807694088808,76.86,13.30673798082651,13.29541942314715,1.138285490831614,86.42750701458407,0,44.1,43.4,52.55,0.7403596856408975,1.0,1.0,9.585465021318543,9.557705197972505,5.987451711118191,7.754865308021268,7.645405811489332,11.072964498979228,0.011318557679359742,-0.17300616212679287,7.403596856408975,3.517805176669593,0.5,0.1,13.803348201913462,13.295133041532399,0.01816559597245391,76.973,40.25,49.35,59.69
Калининградская область,2018,4647.776951988394,2562.157266714179,2085.619685274215,9442.373968913553,2034.48505958986,74015.6124195572,11527.99365418777,13.81600843400343,76.87,13.33089082576858,13.30673798082651,2.444688745004986,86.42750701458407,0,44.1,43.4,52.55,0.6934313159805964,1.0,0.0,9.35253358720972,9.152962707281604,7.642821301237107,7.848604864926437,7.6179980238855896,11.212031328576108,0.024152844942070928,-0.23293143410882244,6.9343131598059635,3.517805176669593,0.5,0.1,13.803348201913462,13.295133041532399,0.01816559597245391,76.973,40.25,49.35,59.69
Калининградская область,2019,4494.292253067947,2840.692701150982,1653.599551916965,11269.19886068611,2437.118225615496,68100.07826670732,12922.79841260308,13.82534603073636,76.92,13.33742657819194,13.33089082576858,0.6557157059622787,86.42750701458407,0,44.1,43.4,76.35,0.6927584832994201,1.0,0.0,9.46674834928591,9.329828518498761,7.410709737393263,7.9518032102703025,7.7985715652164505,11.1287336414278,0.006535752423358687,0.1142147620761893,6.927584832994201,3.517805176669593,0.5,0.1,13.803348201913462,13.295133041532399,0.01816559597245391,76.973,40.25,49.35,59.69
Калининградская область,2020,5251.156818103269,2946.952137583115,2304.204680520154,16293.8728885766,4290.624642472183,59586.00914228688,18598.07756909675,13.83381009540235,76.92,13.33096051618862,13.33742657819194,-0.6445202009292439,86.42750701458407,0,44.1,43.4,76.35,0.6943404266146334,1.0,0.0,9.830813497859467,9.698544419721747,7.742490854901323,7.988526741541374,8.364187605628654,10.995176079561517,-0.0064660620033194505,0.3640651485735571,6.9434042661463335,3.517805176669593,0.5,0.1,13.803348201913462,13.295133041532399,0.01816559597245391,76.973,40.25,49.35,59.69
Калининградская область,2021,6162.962760873145,2670.952623614823,3492.010137258322,13173.90484654292,3108.13760967658,43763.76981144154,16665.91498380124,13.84148332641512,76.83,13.4094649814169,13.33096051618862,8.166818504686212,86.42750701458407,0,44.1,43.4,76.35,0.6969152651340453,1.0,0.0,9.721120893753168,9.48599324635255,8.158232819950216,7.890190475631359,8.041778986465102,10.68656158081321,0.07850446522827959,-0.10969260410629822,6.969152651340453,3.517805176669593,0.5,0.1,13.803348201913462,13.295133041532399,0.01816559597245391,76.973,40.25,49.35,59.69
Калужская область,2012,3107.297922907321,746.9610150097058,2360.336907897614,5195.694957854799,3435.154207051442,2464.949349159929,7556.031865752413,13.830607030627,76.2,13.26719130095058,13.17920894622751,9.196885376537534,93.0800802880774,0,57.6,40.4,59.02,0.6334160497716674,1.0,0.0,8.930101445890488,8.555585668956844,7.766559645414496,6.61601299502891,8.14181709653131,7.809926538257535,0.0879823547230707,,6.334160497716674,6.4246208961410645,1.0,0.1,13.85554041843769,13.249145898689758,0.01749197480236795,75.735,43.05,50.35,64.162
Калужская область,2013,2607.991516659503,381.459376267245,2226.532140392258,4970.210467065705,3498.506317153508,1699.141327202059,7196.742607457963,13.83412424345506,76.12,13.23527461360083,13.26719130095058,-3.141272570937248,93.0800802880774,0,57.6,40.4,59.02,0.6300268096514724,1.0,0.0,8.881383787002479,8.511217465692175,7.708200560045961,5.944004360827259,8.160091389859184,7.4378783007916525,-0.03191668734975117,-0.04871765888800894,6.300268096514724,6.4246208961410645,1.0,0.1,13.85554041843769,13.249145898689758,0.01749197480236795,75.735,43.05,50.35,64.162
Калужская область,2014,1595.085449068295,52.71494497267325,1542.370504095622,4857.512624542889,2876.588250610153,2843.642035494805,6399.883128638511,13.84166551544113,76.16,13.25826254664958,13.23527461360083,2.325419191427169,93.0800802880774,0,57.6,40.4,59.02,0.6282350176942371,1.0,0.0,8.764035008030794,8.48828178022771,7.341075800291439,3.9648990011636855,7.96436023569025,7.952840916438263,0.02298793304874991,-0.11734877897168516,6.282350176942371,6.4246208961410645,1.0,0.1,13.85554041843769,13.249145898689758,0.01749197480236795,75.735,43.05,50.35,64.162
Калужская область,2015,513.6889711026464,0.0,513.6889711026464,2704.16480029432,3476.567328814544,5819.39838255975,3217.853771396966,13.84944714235964,76.15,13.19496820980081,13.25826254664958,-6.133285130577604,93.0800802880774,0,57.6,40.4,59.02,0.6289152727231314,1.0,0.0,8.076469885686103,7.902548382160079,6.241617967713152,,8.15380068619018,8.668952164688164,-0.0632943368487684,-0.6875651223446901,6.289152727231314,6.4246208961410645,1.0,0.1,13.85554041843769,13.249145898689758,0.01749197480236795,75.735,43.05,50.35,64.162
Калужская область,2016,800.2394110754136,0.0,800.2394110754136,5688.312424034193,3083.049354125713,5170.236877772177,6488.551835109607,13.85681755485187,75.93,13.214239728255,13.19496820980081,1.945841281477523,93.0800802880774,0,57.6,40.4,59.02,0.6322122270095071,1.0,0.0,8.777794646911593,8.646168896844236,6.684910946741702,,8.033674436232136,8.550673784203779,0.019271518454189618,0.7013247612254894,6.322122270095071,6.4246208961410645,1.0,0.1,13.85554041843769,13.249145898689758,0.01749197480236795,75.735,43.05,50.35,64.162
Калужская область,2017,351.9449961314834,0.0,351.9449961314834,7689.289671048341,2815.729082460714,5065.268088410656,8041.234667179824,13.86330689511786,75.74,13.26034283810818,13.214239728255,4.718238021196308,93.0800802880774,0,43.1,45.7,59.02,0.6414252064906645,1.0,0.0,8.992337915952657,8.947583687758417,5.863474902397972,,7.942976506137259,8.530162344879427,0.04610310985317945,0.21454326904106402,6.414252064906645,6.4246208961410645,1.0,0.1,13.85554041843769,13.249145898689758,0.01749197480236795,75.735,43.05,50.35,64.162
Калужская область,2018,2533.349069966672,306.2474944529596,2227.101575513713,3591.187178521071,2646.897594058203,15730.46805431645,5818.288754034784,13.86615899447567,75.55,13.28413266969679,13.26034283810818,2.407506704196871,93.0800802880774,0,43.1,45.7,59.02,0.5925161556507804,1.0,0.0,8.668761468974264,8.186238117212149,7.708456277134919,5.724393580447378,7.881143513929872,9.6633547511288,0.023789831588610255,-0.32357644697839305,5.925161556507804,6.4246208961410645,1.0,0.1,13.85554041843769,13.249145898689758,0.01749197480236795,75.735,43.05,50.35,64.162
Калужская область,2019,,0.0,0.0,4863.566132140547,2865.069278061989,8509.57826118584,4863.566132140547,13.86694579227788,75.33,13.30608535886407,13.28413266969679,2.219542240978889,93.0800802880774,0,43.1,45.7,76.16,0.5959588972491644,1.0,0.0,8.489527219860832,8.489527219860832,,,7.9603478096809175,9.048947662311864,0.021952689167280326,-0.17923424911343133,5.959588972491644,6.4246208961410645,1.0,0.1,13.85554041843769,13.249145898689758,0.01749197480236795,75.735,43.05,50.35,64.162
Калужская область,2020,3330.411482714843,0.0,3330.411482714843,8790.219584962913,3699.309285944792,12594.76709756654,12120.63106767776,13.86819313684905,75.13,13.29175277474424,13.30608535886407,-1.42303615897994,93.0800802880774,0,43.1,45.7,76.16,0.7187508322378058,1.0,0.0,9.402664326558043,9.081394971591648,8.110851143723382,,8.215901401731154,9.441036696957662,-0.014332584119831182,0.91313710669721,7.187508322378058,6.4246208961410645,1.0,0.1,13.85554041843769,13.249145898689758,0.01749197480236795,75.735,43.05,50.35,64.162
Калужская область,2021,680.4193945314335,0.0,680.4193945314335,7779.341808825601,3092.784185294422,9275.533726186562,8459.761203357035,13.87813787892173,75.04,13.35412869425119,13.29175277474424,6.436238411466899,93.0800802880774,0,43.1,45.7,76.16,0.7231644276626339,1.0,1.0,9.04307622564835,8.9592270131856,6.5227093647178,,8.036826995046795,9.135135430422334,0.062375919506949984,-0.35958810090969173,7.231644276626339,6.4246208961410645,1.0,0.1,13.85554041843769,13.249145898689758,0.01749197480236795,75.735,43.05,50.35,64.162
Камчатский край,2012,155531.1418482512,153350.435190837,2180.706657414265,12091.62845622112,5278.840101629071,8055.573716259591,14272.33511363538,12.66827719083094,77.39,13.71893987644258,13.68951368474522,2.98634201956447,85.9228898450654,0,53.6,45.3,59.84,0.6271600887862697,1.0,1.0,9.566078335039881,9.400268629014871,7.687404258033512,11.940481007431014,8.571461674845855,8.99411951793623,0.029426191697359272,,6.271600887862697,1.9764007725271735,0.3,0.2,12.62727145068204,13.801110656901812,0.030757298557166024,77.689,46.0,46.55,62.720000000000006
Камчатский край,2013,159097.7074680655,153704.7403121047,5392.96715596084,16969.83865510653,5111.314356566917,2802.464628042089,22362.80581106737,12.66199002780084,77.52,13.72021449764914,13.71893987644258,0.1275433881416488,85.9228898450654,0,53.6,45.3,59.84,0.6233421750663124,1.0,0.0,10.01515440289697,9.739192850528774,8.592851005194603,11.942788770379046,8.539211862759656,7.938254533293812,0.0012746212065604112,0.44907606785708865,6.233421750663124,1.9764007725271735,0.3,0.2,12.62727145068204,13.801110656901812,0.030757298557166024,77.689,46.0,46.55,62.720000000000006
Камчатский край,2014,160990.8565948481,153988.4476100136,7002.408984834466,10638.87006179331,5020.19122116798,2215.356532592479,17641.27904662778,12.6508578208302,77.58,13.74030644599124,13.72021449764914,2.029515016136219,85.9228898450654,0,53.6,45.3,59.84,0.0,0.0,0.0,9.777996835244414,9.272269560056436,8.854009509525262,11.94463286306257,8.52122330382643,7.703168632321817,0.020091948342100707,-0.2371575676525559,0.0,1.9764007725271735,0.3,0.2,12.62727145068204,13.801110656901812,0.030757298557166024,77.689,46.0,46.55,62.720000000000006
Камчатский край,2015,143606.1652811224,139821.2695802471,3784.895700875325,10134.26652108424,4401.702472757579,2884.912362231377,13919.16222195957,12.63879617740917,77.65,13.77118984365287,13.74030644599124,3.136523727659024,85.9228898450654,0,53.6,45.3,59.84,0.0,0.0,0.0,9.541021746873154,9.223677685382569,8.238773609580472,11.848120240129509,8.389746670696658,7.967249801437958,0.030883397661629175,-0.2369750883712598,0.0,1.9764007725271735,0.3,0.2,12.62727145068204,13.801110656901812,0.030757298557166024,77.689,46.0,46.55,62.720000000000006
Камчатский край,2016,152457.1782855389,146612.7811609264,5844.397124612395,12565.32114198737,4351.830623876385,3197.272434841746,18409.71826659976,12.62861116982763,77.76,13.81287351829378,13.77118984365287,4.25646369516921,85.9228898450654,0,53.6,45.3,59.84,0.0,0.0,0.0,9.820633970829189,9.438696008106104,8.673238724807595,11.895550248542484,8.378351868632357,8.070053361207021,0.041683674640909274,0.27961222395603436,0.0,1.9764007725271735,0.3,0.2,12.62727145068204,13.801110656901812,0.030757298557166024,77.689,46.0,46.55,62.720000000000006
Камчатский край,2017,149091.5461328993,143343.6158282885,5747.93030461078,7728.463263361191,4171.110122901813,5171.601598554665,13476.39356797197,12.62160028941742,77.79,13.83082433874232,13.81287351829378,1.811290482256056,85.9228898450654,0,39.5,46.7,59.84,0.0,0.0,0.0,9.508694809203275,8.952665320182769,8.656595121970705,11.87299993476546,8.335937495886732,8.550937706482884,0.017950820448540128,-0.3119391616259133,0.0,1.9764007725271735,0.3,0.2,12.62727145068204,13.801110656901812,0.030757298557166024,77.689,46.0,46.55,62.720000000000006
Камчатский край,2018,158647.6970340737,147692.0336139259,10955.66342014776,6847.651254475866,4094.098048762809,11053.39870008618,17803.31467462362,12.61557293466705,77.82,13.89982649265408,13.83082433874232,7.143851692988035,85.9228898450654,0,39.5,46.7,59.84,0.0,0.0,0.0,9.787139936619301,8.831660989900339,9.301611808858471,11.902884530801662,8.317301715314718,9.31049323432294,0.0690021539117609,0.2784451274160258,0.0,1.9764007725271735,0.3,0.2,12.62727145068204,13.801110656901812,0.030757298557166024,77.689,46.0,46.55,62.720000000000006
Камчатский край,2019,141900.0735704693,138259.4535125635,3640.620057905793,14938.77384894478,4577.850996750661,10458.48661218888,18579.39390685057,12.60529162043295,77.77,13.9091073065546,13.89982649265408,0.9324014195053909,85.9228898450654,0,39.5,46.7,69.44,0.0,0.0,0.0,9.829808391106514,9.6117153836283,8.19990929170214,11.836887296884496,8.428984952309312,9.255169043804125,0.009280813900518936,0.042668454487213126,0.0,1.9764007725271735,0.3,0.2,12.62727145068204,13.801110656901812,0.030757298557166024,77.689,46.0,46.55,62.720000000000006
Камчатский край,2020,160618.8166115464,148842.6779683186,11776.13864322784,21636.58406134653,6533.792429181907,21751.83564082087,33412.72270457437,12.59408636002458,77.75,13.91831056429229,13.9091073065546,0.9245737932906284,85.9228898450654,0,39.5,46.7,69.44,0.0,0.0,0.0,10.416692025732088,9.98214086751264,9.37383061427128,11.910645174560985,8.784742823854435,9.987453430234702,0.009203257737690151,0.5868836346255737,0.0,1.9764007725271735,0.3,0.2,12.62727145068204,13.801110656901812,0.030757298557166024,77.689,46.0,46.55,62.720000000000006
Камчатский край,2021,152438.688279455,140413.001812825,12025.68646663002,29404.04284903709,6001.337064350166,16787.16333242294,41429.72931566711,12.58763091557961,77.86,13.99708667031688,13.91831056429229,8.196205016506596,85.9228898450654,0,39.5,46.7,69.44,0.7258985086745913,1.0,1.0,10.631754001515638,10.288887455744891,9.394800179966621,11.852343371790674,8.699737567442504,9.728369785972045,0.07877610602459129,0.21506197578355035,7.258985086745913,1.9764007725271735,0.3,0.2,12.62727145068204,13.801110656901812,0.030757298557166024,77.689,46.0,46.55,62.720000000000006
Карачаево-Черкесская Республика,2012,29082.37254085899,20977.6972513224,8104.675289536582,15785.86763497345,3171.723144172534,8424.068269101357,23890.54292451003,13.06805501595099,42.82,12.35423074987942,12.30297783956637,5.258907025360561,31.62682350957079,1,93.2,89.8,91.36,0.4096771547716753,1.0,1.0,10.081237966077111,9.666870365270153,9.000196370385936,9.951215116694769,8.062030297789317,9.038848157900318,0.05125291031304968,,4.096771547716753,5.409677154771676,0.6,0.1,13.061394703752617,12.320611363457397,0.004807182182550029,41.968,85.75,93.25,90.244
Карачаево-Черкесская Республика,2013,24313.14683784287,22484.7518887702,1828.394949072678,19403.23370578619,3224.436720316701,2568.522926751321,21231.62865485887,13.06353015008222,42.49,12.34971487109604,12.35423074987942,-0.4505697534321174,31.62682350957079,1,93.2,89.8,91.36,1.0,1.0,0.0,9.963247266538616,9.873195017026141,7.511193783968912,10.02059266462181,8.07851355360806,7.851086275992197,-0.00451587878337989,-0.11799069953849539,10.0,5.409677154771676,0.6,0.1,13.061394703752617,12.320611363457397,0.004807182182550029,41.968,85.75,93.25,90.244
Карачаево-Черкесская Республика,2014,21848.84727734365,20390.03372119137,1458.813556152277,11760.59011930161,3147.823070423442,1128.981250874692,13219.40367545389,13.06101124101333,42.26,12.33203107284741,12.34971487109604,-1.75283574979902,31.62682350957079,1,93.2,89.8,91.36,1.0,1.0,0.0,9.4894410046314,9.372509400406354,7.285378751564969,9.922801517377401,8.054466404153303,7.029070957169155,-0.017683798248629756,-0.47380626190721564,10.0,5.409677154771676,0.6,0.1,13.061394703752617,12.320611363457397,0.004807182182550029,41.968,85.75,93.25,90.244
Карачаево-Черкесская Республика,2015,19058.94589976147,18510.58049091528,548.3654088461856,16051.1458024773,2923.610758791634,2375.88378127962,16599.51121132349,13.06030285016896,42.12,12.28249824725503,12.33203107284741,-4.832608163638796,31.62682350957079,1,93.2,89.8,91.36,1.0,1.0,0.0,9.717128528810125,9.683535515572498,6.306941869196539,9.826097766011255,7.980574692580186,7.773124765683373,-0.04953282559238126,0.22768752417872484,10.0,5.409677154771676,0.6,0.1,13.061394703752617,12.320611363457397,0.004807182182550029,41.968,85.75,93.25,90.244
Карачаево-Черкесская Республика,2016,18264.78580411349,17687.65449052548,577.1313135880098,10466.11334584848,2841.636043260497,1585.96007423084,11043.24465943649,13.05954497601217,41.99,12.32535729743046,12.28249824725503,4.379076235685919,31.62682350957079,1,93.2,89.8,91.36,1.0,1.0,0.0,9.309574176962126,9.255898016784506,6.358069820490962,9.78062218879412,7.952135236860319,7.368945228000776,0.042859050175430013,-0.40755435184799893,10.0,5.409677154771676,0.6,0.1,13.061394703752617,12.320611363457397,0.004807182182550029,41.968,85.75,93.25,90.244
Карачаево-Черкесская Республика,2017,21210.11294347788,20956.34134095181,253.7716025260831,15569.9267938863,2765.696655492837,725.4998845080919,15823.69839641238,13.0596003458186,41.81,12.3342616689955,12.32535729743046,0.89441334119853,31.62682350957079,1,93.3,81.7,91.36,1.0,1.0,0.0,9.669263993797912,9.653096563075584,5.536434659840096,9.950196568854693,7.925047837191396,6.586860913134832,0.008904371565041203,0.35968981683578605,10.0,5.409677154771676,0.6,0.1,13.061394703752617,12.320611363457397,0.004807182182550029,41.968,85.75,93.25,90.244
Карачаево-Черкесская Республика,2018,23570.56885804958,22635.96296529846,934.6058927511202,16748.082881551,2904.032498885952,973.573153330466,17682.68877430212,13.06023687833465,41.69,12.31342242916192,12.3342616689955,-2.062360337276192,31.62682350957079,1,93.3,81.7,91.36,0.0,0.0,0.0,9.780341404623108,9.726039075869982,6.840124935351435,10.027295202163641,7.9738555669584965,6.880972966653099,-0.020839239833581047,0.11107741082519595,0.0,5.409677154771676,0.6,0.1,13.061394703752617,12.320611363457397,0.004807182182550029,41.968,85.75,93.25,90.244
Карачаево-Черкесская Республика,2019,25048.87562970083,22006.27595107314,3042.599678627669,20796.88469330864,3464.607472249397,2899.821664267934,23839.48437193631,13.06071135299055,41.61,12.32487652537131,12.31342242916192,1.151994554408065,31.62682350957079,1,93.3,81.7,87.64,0.0,0.0,0.0,10.079098492251436,9.942558480111948,8.020467586404777,9.999082962161884,8.150354621584821,7.972404519003643,0.011454096209391196,0.29875708762832787,0.0,5.409677154771676,0.6,0.1,13.061394703752617,12.320611363457397,0.004807182182550029,41.968,85.75,93.25,90.244
Карачаево-Черкесская Республика,2020,26007.37593366475,23004.80597718942,3002.569956475331,21480.74436615275,5469.399193693361,5223.670833141202,24483.31432262808,13.06114307820735,41.5,12.2867429329705,12.32487652537131,-3.741566165151333,31.62682350957079,1,93.3,81.7,87.64,0.0,0.0,0.0,10.105747116458245,9.974912201940093,8.007223853091649,10.043458428613095,8.606924052764414,8.560955658469721,-0.03813359240081127,0.02664862420680869,0.0,5.409677154771676,0.6,0.1,13.061394703752617,12.320611363457397,0.004807182182550029,41.968,85.75,93.25,90.244
Карачаево-Черкесская Республика,2021,24117.1654438535,21422.36321596314,2694.80222789036,25960.69812632803,3907.25169580695,5827.917982720223,28655.50035421839,13.05981114894736,41.39,12.35104966139187,12.2867429329705,6.641944975536651,31.62682350957079,1,93.3,81.7,87.64,0.0,0.0,0.0,10.263100688156664,10.16433906284195,7.899080095822975,9.972190665458735,8.27058951473768,8.670415094244248,0.06430672842137142,0.1573535716984189,0.0,5.409677154771676,0.6,0.1,13.061394703752617,12.320611363457397,0.004807182182550029,41.968,85.75,93.25,90.244
Кемеровская область - Кузбасс,2012,582.9773035929887,370.8974893556942,212.0798142372944,3338.39730872488,2999.436571405615,2064.521469038156,3550.477122962175,14.82526649599782,85.53,13.3938893719246,13.43296877607121,-3.832565481609573,93.69873923071353,0,69.4,64.2,77.19,0.0,0.0,0.0,8.174837274272894,8.113246123119842,5.356962686071741,5.915925715412765,8.006179740480366,7.632653744418675,-0.039079404146610486,,0.0,5.203967124119177,0.8,0.1,14.804856835034371,13.38397253710104,0.0025126278093269504,86.069,70.75,78.1,79.659
Кемеровская область - Кузбасс,2013,1706.410535168531,156.6064935249672,1549.804041643564,2608.437420103206,2721.240388944968,1225.391073468623,4158.24146174677,14.8218156533472,85.64,13.35651822005496,13.3938893719246,-3.668146848353604,93.69873923071353,0,69.4,64.2,77.19,0.0,0.0,0.0,8.332847538340037,7.86650663141492,7.345883777174922,5.053736248373699,7.9088430806895,7.111015315679272,-0.03737115186963891,0.15801026406714236,0.0,5.203967124119177,0.8,0.1,14.804856835034371,13.38397253710104,0.0025126278093269504,86.069,70.75,78.1,79.659
Кемеровская область - Кузбасс,2014,2764.918017817959,961.1433522203458,1803.774665597613,2494.636701199523,3165.499029049661,1785.750965336845,4298.411366797136,14.81816795904865,85.78,13.38094845353604,13.35651822005496,2.473109669181794,93.69873923071353,0,69.4,64.2,77.19,0.5907077046903789,1.0,0.0,8.366000783836283,7.821898386841672,7.497636784615575,6.86812356768985,8.060065993255233,7.487594314612758,0.02443023348108042,0.03315324549624599,5.907077046903789,5.203967124119177,0.8,0.1,14.804856835034371,13.38397253710104,0.0025126278093269504,86.069,70.75,78.1,79.659
Кемеровская область - Кузбасс,2015,2577.527609560337,1821.417828224989,756.1097813353481,2512.593880439319,2998.722718352732,1690.912512084607,3268.703661774667,14.81470758583418,85.92,13.37435849089701,13.38094845353604,-0.6568296454475209,93.69873923071353,0,69.4,64.2,77.19,0.5799996404002223,1.0,0.0,8.092148751582629,7.829070917018247,6.628186579043632,7.507370503284447,8.0059417164394,7.433023610176718,-0.006589962639031555,-0.27385203225365373,5.799996404002224,5.203967124119177,0.8,0.1,14.804856835034371,13.38397253710104,0.0025126278093269504,86.069,70.75,78.1,79.659
Кемеровская область - Кузбасс,2016,3315.664164552196,2739.339275351628,576.3248892005678,1933.424262059042,2847.620663712832,1145.898249862718,2509.74915125961,14.81133679198191,86.03,13.34727007726457,13.37435849089701,-2.672481307444519,93.69873923071353,0,69.4,64.2,77.19,0.5780226075515481,1.0,0.0,7.827938087394314,7.567047938859931,6.356671545433991,7.9154720299204815,7.954239069739712,7.043944106127561,-0.027088413632439412,-0.2642106641883153,5.780226075515481,5.203967124119177,0.8,0.1,14.804856835034371,13.38397253710104,0.0025126278093269504,86.069,70.75,78.1,79.659
Кемеровская область - Кузбасс,2017,4092.61327347025,3656.779651252315,435.8336222179358,2147.257528674415,2689.042772299116,1258.904916442339,2583.091150892351,14.80671802057303,86.16,13.37267138785598,13.34727007726457,2.572667291646713,93.69873923071353,0,86.8,77.3,77.19,0.3555554539682815,1.0,0.0,7.85674208124299,7.671946738833884,6.077260570103489,8.204338162369673,7.89694056253846,7.137997508112383,0.02540131059141082,0.028803993848676157,3.5555545396828148,5.203967124119177,0.8,0.1,14.804856835034371,13.38397253710104,0.0025126278093269504,86.069,70.75,78.1,79.659
Кемеровская область - Кузбасс,2018,6574.980546809322,3200.053173591412,3374.927373217911,2057.234490606766,2558.771774264497,2556.852316292324,5432.161863824676,14.79988564208006,86.3,13.39832552058954,13.37267138785598,2.59860321156713,93.69873923071353,0,86.8,77.3,77.19,0.3555554539682815,1.0,0.0,8.600092466994994,7.629117879561678,8.124129084028548,8.070922705397077,7.847282646666501,7.846532216991344,0.025654132733558654,0.7433503857520041,3.5555545396828148,5.203967124119177,0.8,0.1,14.804856835034371,13.38397253710104,0.0025126278093269504,86.069,70.75,78.1,79.659
Кемеровская область - Кузбасс,2019,3879.183517701642,2947.856874979563,931.326642722081,3146.695255417918,2973.216571996928,2866.349451463116,4078.021898139999,14.79251889556702,86.39,13.40669176743566,13.39832552058954,0.8401341691709252,93.69873923071353,0,86.8,77.3,85.42,0.9123700643453694,1.0,1.0,8.313367320943426,8.054108055838402,6.836610067216853,7.988833702259397,7.9973996666271185,7.9607945309842565,0.008366246846120973,-0.28672514605156785,9.123700643453693,5.203967124119177,0.8,0.1,14.804856835034371,13.38397253710104,0.0025126278093269504,86.069,70.75,78.1,79.659
Кемеровская область - Кузбасс,2020,9010.052615498935,1440.390381289277,7569.662234209659,7003.144863684851,4759.464737350687,4322.983400856246,14572.80709789451,14.78438652930542,86.44,13.37608330538083,13.40669176743566,-3.014476612924344,93.69873923071353,0,86.8,77.3,85.42,0.9108921438261295,1.0,0.0,9.586912543493813,8.854114593388282,8.931903726441277,7.272669453947145,8.467890490766065,8.371701044932351,-0.03060846205483081,1.2735452225503874,9.108921438261294,5.203967124119177,0.8,0.1,14.804856835034371,13.38397253710104,0.0025126278093269504,86.069,70.75,78.1,79.659
Кемеровская область - Кузбасс,2021,2550.909329414865,1333.612489696568,1217.296839718297,6821.640673461849,3349.202396924447,5534.047335146047,8038.937513180145,14.77376477660844,86.5,13.45809505416448,13.37608330538083,8.546856268993519,93.69873923071353,0,86.8,77.3,85.42,0.920864055368966,1.0,0.0,8.992052203338446,8.82785528986196,7.104387974271786,7.195646696792076,8.116477506000763,8.618674713824213,0.08201174878364981,-0.5948603401553676,9.20864055368966,5.203967124119177,0.8,0.1,14.804856835034371,13.38397253710104,0.0025126278093269504,86.069,70.75,78.1,79.659
Кировская область,2012,9678.5152858224,9425.42096453863,253.0943212837678,4500.693129410464,4336.658954300809,1717.879546218714,4753.787450694232,14.08638237650154,74.59,12.69886453230057,12.66729284392982,3.207536074477479,91.87916003881362,0,54.0,34.9,57.93,0.0,0.0,0.0,8.466696937348535,8.41198669265508,5.53376223064891,9.151165675991308,8.37485950442813,7.448845987291489,0.031571688370750195,,0.0,0.0,0.0,0.1,14.029697272316138,12.76742057799933,0.028272655468727058,76.095,36.45,47.95,61.674
Кировская область,2013,10684.11419959219,9244.343362839778,1439.770836752408,5792.380233284167,3419.767456095043,254.357209634878,7232.151070036575,14.07343034497321,74.88,12.71779863550644,12.69886453230057,1.911449002692711,91.87916003881362,0,54.0,34.9,57.93,0.0,0.0,0.0,8.886291790962877,8.664298579922585,7.27223923876159,9.131767115105104,8.13732783245102,5.53873961619781,0.0189341032058703,0.4195948536143419,0.0,0.0,0.0,0.1,14.029697272316138,12.76742057799933,0.028272655468727058,76.095,36.45,47.95,61.674
Кировская область,2014,10315.56232262155,7279.398271941887,3036.164050679661,5023.669065215623,3210.9895286693,407.6000526972056,8059.833115895284,14.06118868767011,75.22,12.75180178459105,12.71779863550644,3.458786472770958,91.87916003881362,0,54.0,34.9,57.93,0.0,0.0,0.0,8.994648130062409,8.521915835201314,8.018350172193903,8.892803482821586,8.074334433003319,6.010286430635131,0.034003149084609774,0.10835633909953124,0.0,0.0,0.0,0.1,14.029697272316138,12.76742057799933,0.028272655468727058,76.095,36.45,47.95,61.674
Кировская область,2015,7751.626450455746,6649.719910431731,1101.906540024013,3635.44544130966,2942.618699627453,1688.651200628491,4737.351981333673,14.04979501824089,75.55,12.75516328232301,12.75180178459105,0.3367153901411735,91.87916003881362,0,54.0,34.9,57.93,0.0,0.0,0.0,8.463233604856914,8.198486924773448,7.004797176700742,8.80233001403081,7.987055178041267,7.431685383123869,0.0033614977319604833,-0.5314145252054949,0.0,0.0,0.0,0.1,14.029697272316138,12.76742057799933,0.028272655468727058,76.095,36.45,47.95,61.674
Кировская область,2016,7013.411670653653,5786.619512808305,1226.792157845349,3197.800099418368,3045.17804803101,1571.380738177991,4424.592257263717,14.03887008595384,75.83,12.76208019321252,12.75516328232301,0.6940887968198695,91.87916003881362,0,54.0,34.9,57.93,0.0,0.0,0.0,8.394933407945258,8.070218383440933,7.112158039853631,8.663303550804788,8.021314650694334,7.35970996292063,0.006916910889509964,-0.06830019691165568,0.0,0.0,0.0,0.1,14.029697272316138,12.76742057799933,0.028272655468727058,76.095,36.45,47.95,61.674
Кировская область,2017,9603.636971707174,9105.134890389621,498.5020813175503,3504.28200612714,2874.431239440188,1522.083699526684,4002.78408744469,14.02717972965275,76.17,12.78569912037888,12.76208019321252,2.390006303920189,91.87916003881362,0,41.9,38.0,57.93,0.0,0.0,1.0,8.29474541985232,8.161740930018512,6.21160776455376,9.116593807031608,7.963610103900628,7.32783553002828,0.023618927166358716,-0.10018798809293727,0.0,0.0,0.0,0.1,14.029697272316138,12.76742057799933,0.028272655468727058,76.095,36.45,47.95,61.674
Кировская область,2018,11323.68211868663,9694.4795023797,1629.202616306928,2632.017310942842,2845.313445097833,2839.183886039038,4261.21992724977,14.01334696790397,76.58,12.81933450942384,12.78569912037888,3.420745460766361,91.87916003881362,0,41.9,38.0,57.93,0.0,0.0,0.0,8.357310766166963,7.875505869529522,7.395845981657407,9.17931187901323,7.953428514515562,7.951271925787524,0.03363538904496011,0.06256534631464206,0.0,0.0,0.0,0.1,14.029697272316138,12.76742057799933,0.028272655468727058,76.095,36.45,47.95,61.674
Кировская область,2019,12131.87435564021,11018.74792682937,1113.126428810845,4823.729550647919,3538.810131479527,3842.284249738841,5936.855979458764,13.99871755597277,77.0,12.84292366272652,12.81933450942384,2.38695780321263,91.87916003881362,0,41.9,38.0,70.41,0.0,0.0,0.0,8.688934975842496,8.481302673536891,7.014927937646332,9.307353457996815,8.171545828575498,8.25382232542748,0.023589153302680188,0.3316242096755335,0.0,0.0,0.0,0.1,14.029697272316138,12.76742057799933,0.028272655468727058,76.095,36.45,47.95,61.674
Кировская область,2020,16113.46496584414,11692.93731067156,4420.527655172589,6788.236672190146,5182.324840384785,5295.054634662712,11208.76432736274,13.98328261559239,77.38,12.87324721560065,12.84292366272652,3.078799442277491,91.87916003881362,0,41.9,38.0,70.41,0.0,0.0,0.0,9.324451280495639,8.822946492008846,8.394014346944962,9.36674028985609,8.553009045453141,8.574528576143315,0.03032355287412969,0.6355163046531427,0.0,0.0,0.0,0.1,14.029697272316138,12.76742057799933,0.028272655468727058,76.095,36.45,47.95,61.674
Кировская область,2021,13982.06066400513,10903.79806801983,3078.262595985306,8298.138082964035,4016.272302484529,5606.361988630344,11376.40067894934,13.96477934069993,77.75,12.95001939861709,12.87324721560065,7.979605248991173,91.87916003881362,0,41.9,38.0,70.41,0.0,0.0,0.0,9.339296372849391,9.023786441265814,8.032120624595189,9.296866454131138,8.298109463476468,8.631657301283019,0.07677218301644118,0.01484509235375242,0.0,0.0,0.0,0.1,14.029697272316138,12.76742057799933,0.028272655468727058,76.095,36.45,47.95,61.674
Костромская область,2012,9554.706469385053,7979.472957519753,1575.233511865302,5310.857384076291,4816.548517800221,2428.921316844082,6886.090895941593,13.39148170482828,70.38,12.8104536733775,12.75863003989581,5.318997868292552,96.59759640453902,0,57.3,30.7,52.78,0.85,1.0,0.0,8.837258843919043,8.577508567129502,7.362158801771862,8.98462764283917,8.479812875395199,7.795202535247398,0.051823633481690834,,8.5,8.072859485517743,1.0,0.1,13.339556055879871,12.851212249900556,0.019911432202010103,71.98400000000001,33.65,48.35,57.559000000000005
Костромская область,2013,9129.904587020974,7994.811126484708,1135.093460536265,4643.903891715876,4004.788913385082,329.5812655518625,5778.997352252141,13.38140829276916,70.71,12.84326657240611,12.8104536733775,3.335717902094038,96.59759640453902,0,57.3,30.7,52.78,0.8274647887323924,1.0,1.0,8.661985478150541,8.443310647452014,7.03447027061023,8.986548001034622,8.295246152341946,5.797822956467992,0.03281289902860962,-0.1752733657685024,8.274647887323924,8.072859485517743,1.0,0.1,13.339556055879871,12.851212249900556,0.019911432202010103,71.98400000000001,33.65,48.35,57.559000000000005
Костромская область,2014,8126.501438060819,6139.037133114104,1987.464304946716,2916.271711621453,3636.004032975986,386.994664505512,4903.736016568169,13.37183566554203,71.12,12.85683122090278,12.84326657240611,1.365706573743086,96.59759640453902,0,57.3,30.7,52.78,0.8090905530910657,1.0,0.0,8.49775264594043,7.978061268356002,7.594614886591971,8.72242319013279,8.198640564476069,5.9584109061272805,0.013564648496670273,-0.16423283221011076,8.090905530910657,8.072859485517743,1.0,0.1,13.339556055879871,12.851212249900556,0.019911432202010103,71.98400000000001,33.65,48.35,57.559000000000005
Костромская область,2015,8017.488090830064,5816.334877695493,2201.153213134574,2228.39747680545,3074.359215487974,1099.226878691161,4429.550689940024,13.36177547536456,71.49,12.85279248670075,12.85683122090278,-0.4030589483527192,96.59759640453902,0,57.3,30.7,52.78,0.8156244943128136,1.0,0.0,8.396053433502608,7.709037985856238,7.696736689796423,8.668425596251689,8.030851773318242,7.002362374126868,-0.00403873420203027,-0.10169921243782198,8.156244943128137,8.072859485517743,1.0,0.1,13.339556055879871,12.851212249900556,0.019911432202010103,71.98400000000001,33.65,48.35,57.559000000000005
Костромская область,2016,6668.822427017147,5162.483856529971,1506.338570487176,1681.492690802547,2674.080021026694,1811.871698548546,3187.831261289723,13.35049128614491,71.82,12.83155348421484,12.85279248670075,-2.101504323197845,96.59759640453902,0,57.3,30.7,52.78,0.821875895112361,1.0,0.0,8.067096109177342,7.427437184339207,7.317437197493383,8.549173110199986,7.891360682803765,7.502115677555485,-0.021239002485909708,-0.32895732432526614,8.218758951123611,8.072859485517743,1.0,0.1,13.339556055879871,12.851212249900556,0.019911432202010103,71.98400000000001,33.65,48.35,57.559000000000005
Костромская область,2017,7701.386967529183,6753.05396712634,948.3330004028427,2424.692237291878,2595.920133136236,1176.003282041932,3373.025237694721,13.33762313310977,72.2,12.86716112421947,12.83155348421484,3.62491839920529,96.59759640453902,0,39.4,36.6,52.78,0.8347823701864028,1.0,0.0,8.123565317303068,7.793459882860558,6.854705706823201,8.817750121120925,7.861696311994876,7.069876919306661,0.03560764000462946,0.05646920812572631,8.347823701864028,8.072859485517743,1.0,0.1,13.339556055879871,12.851212249900556,0.019911432202010103,71.98400000000001,33.65,48.35,57.559000000000005
Костромская область,2018,15515.39033282169,7180.608594215014,8334.78173860668,3809.824368969225,2658.008337925226,1369.071638953445,12144.6061075759,13.32234474442512,72.51,12.88543502188392,12.86716112421947,1.844188704580074,96.59759640453902,0,39.4,36.6,52.78,0.774457257793549,1.0,0.0,9.404640408434075,8.245338369674824,9.02819260871206,8.879139420875628,7.88533237618521,7.221888153322853,0.01827389766445009,1.2810750911310063,7.74457257793549,8.072859485517743,1.0,0.1,13.339556055879871,12.851212249900556,0.019911432202010103,71.98400000000001,33.65,48.35,57.559000000000005
Костромская область,2019,14295.5522439763,6672.620335242418,7622.931908733881,6618.772021029785,3234.293215767432,5080.457476939579,14241.70392976367,13.30770536809178,72.82,12.91496301071101,12.88543502188392,2.996826267208363,96.59759640453902,0,39.4,36.6,68.71,0.7712409258518598,1.0,0.0,9.563929835796543,8.797665136411949,8.938916339603356,8.80576791562223,8.081565702621837,8.533156591033528,0.029527988827089402,0.15928942736246832,7.712409258518598,8.072859485517743,1.0,0.1,13.339556055879871,12.851212249900556,0.019911432202010103,71.98400000000001,33.65,48.35,57.559000000000005
Костромская область,2020,15445.43556566742,6642.299528051727,8803.136037615695,10788.63362835317,5101.824012579339,4143.011436712412,19591.76966596887,13.29393064692541,73.2,12.89103586469337,12.91496301071101,-2.364316134923239,96.59759640453902,0,39.4,36.6,68.71,0.7846490961743209,1.0,0.0,9.882864842028027,9.28624841708739,9.08286330489321,8.801213496983088,8.537353404296432,8.329178202564156,-0.023927146017639345,0.3189350062314844,7.846490961743209,8.072859485517743,1.0,0.1,13.339556055879871,12.851212249900556,0.019911432202010103,71.98400000000001,33.65,48.35,57.559000000000005
Костромская область,2021,12105.9565178651,6227.262352723459,5878.694165141639,10390.22531799395,3663.568747575378,5458.899378234258,16268.91948313559,13.27696424159768,73.59,12.95774436191591,12.89103586469337,6.898382099945843,96.59759640453902,0,39.4,36.6,68.71,0.783674104262977,1.0,0.0,9.697011786399596,9.248620769901825,8.679089935470865,8.736692085464545,8.206193018969294,8.605002469341184,0.06670849722254069,-0.18585305562843146,7.83674104262977,8.072859485517743,1.0,0.1,13.339556055879871,12.851212249900556,0.019911432202010103,71.98400000000001,33.65,48.35,57.559000000000005
Краснодарский край,2012,3889.842691809657,1662.869016812279,2226.973674997378,14562.3811371524,2531.67683277007,3572.413938981489,16789.35481214978,15.48822876279806,53.54,13.19569720333061,13.17127093540327,2.472703307365043,88.25308927432054,0,72.6,56.2,63.72,0.7405243030858282,1.0,0.0,9.728500322421388,9.586196848019116,7.70839884635112,7.41629971289929,7.8366371419310825,8.18099681965563,0.024426267927340817,,7.405243030858282,8.459223335820525,1.0,0.1,15.54067998324553,13.190794219767906,0.0070424677028171345,55.198,57.75,61.9,69.00899999999999
Краснодарский край,2013,1999.423300214197,887.3736299544188,1112.049670259778,7086.767222630884,2305.875144643071,632.7686547977679,8198.816892890662,15.50186358455395,53.97,13.22032109369181,13.19569720333061,2.492956213544639,88.25308927432054,0,72.6,56.2,63.72,0.7253086419753075,1.0,0.0,9.01174514148799,8.865984552585893,7.013960141312765,6.788266122427572,7.743215555669804,6.450104881089053,0.02462389036119994,-0.7167551809333972,7.2530864197530756,8.459223335820525,1.0,0.1,15.54067998324553,13.190794219767906,0.0070424677028171345,55.198,57.75,61.9,69.00899999999999
Краснодарский край,2014,3350.835563682374,1357.263307017628,1993.572256664746,2582.90574261522,2468.300825213614,914.1856810379525,4576.477999279966,15.51563360752647,54.35,13.21352668445571,13.22032109369181,-0.6771379425169366,88.25308927432054,0,72.6,56.2,63.72,0.5009378658912778,1.0,0.0,8.428684985488896,7.856670300991847,7.5976834122968375,7.21322567713435,7.811285267878305,6.81803370294185,-0.006794409236100307,-0.5830601559990942,5.009378658912778,8.459223335820525,1.0,0.1,15.54067998324553,13.190794219767906,0.0070424677028171345,55.198,57.75,61.9,69.00899999999999
Краснодарский край,2015,2539.652051879975,1162.786937658683,1376.865114221292,2411.303396791734,2386.420832837871,1418.696849347317,3788.168511013026,15.52800204711763,54.66,13.18502886293467,13.21352668445571,-2.809558858285954,88.25308927432054,0,72.6,56.2,63.72,0.4924525248681116,1.0,0.0,8.239637938800422,7.78792270883394,7.227564537664317,7.05857493509796,7.777549962980516,7.257494017512849,-0.028497821521039413,-0.18904704668847394,4.924525248681116,8.459223335820525,1.0,0.1,15.54067998324553,13.190794219767906,0.0070424677028171345,55.198,57.75,61.9,69.00899999999999
Краснодарский край,2016,2614.302427392205,1438.017518994862,1176.284908397342,1522.619910152461,2429.172193467331,887.2281435099169,2698.904818549803,15.54094520044935,55.03,13.17308520993604,13.18502886293467,-1.187261069132994,88.25308927432054,0,72.6,56.2,63.72,1.0,1.0,1.0,7.900601346945924,7.328187755203575,7.070116368161525,7.271020721096115,7.795305817171857,6.7881021572529585,-0.011943652998629872,-0.33903659185449797,10.0,8.459223335820525,1.0,0.1,15.54067998324553,13.190794219767906,0.0070424677028171345,55.198,57.75,61.9,69.00899999999999
Краснодарский край,2017,4601.070621294946,1918.948580829104,2682.122040465844,2013.841022007676,2299.82616534654,667.9008648121828,4695.96306247352,15.55124238555316,55.4,13.19525521496973,13.17308520993604,2.24175858325939,88.25308927432054,0,51.2,59.3,63.72,1.0,1.0,0.0,8.454458495734562,7.607799133721788,7.894363566335767,7.559532700874927,7.740588818776795,6.504139756553604,0.022170005033689932,0.5538571487886372,10.0,8.459223335820525,1.0,0.1,15.54067998324553,13.190794219767906,0.0070424677028171345,55.198,57.75,61.9,69.00899999999999
Краснодарский край,2018,3357.517612537669,1796.880295789871,1560.637316747798,1461.709152644956,2349.626431395134,1167.385552915137,3022.346469392754,15.56033406792202,55.78,13.19611386345404,13.19525521496973,0.08590172284501651,88.25308927432054,0,51.2,59.3,63.72,1.0,1.0,0.0,8.013788785298958,7.287361682519589,7.3528495531921125,7.493807271203561,7.762011629138099,7.062521957256363,0.0008586484843089437,-0.44066971043560343,10.0,8.459223335820525,1.0,0.1,15.54067998324553,13.190794219767906,0.0070424677028171345,55.198,57.75,61.9,69.00899999999999
Краснодарский край,2019,2837.665212564018,1935.722570784622,901.9426417793951,2272.721448405825,2706.351866999558,1745.447826825404,3174.66409018522,15.56887200220499,56.1,13.19057143815087,13.19611386345404,-0.5527094400585851,88.25308927432054,0,51.2,59.3,81.35,1.0,1.0,0.0,8.062957107362891,7.728733268347247,6.804550927995675,7.568235957353511,7.903356832427899,7.4647664359954815,-0.005542425303168841,0.049168322063932735,10.0,8.459223335820525,1.0,0.1,15.54067998324553,13.190794219767906,0.0070424677028171345,55.198,57.75,61.9,69.00899999999999
Краснодарский край,2020,6032.958271933739,2015.76438425839,4017.193887675348,5140.234920316591,3981.073938769959,2602.614775652823,9157.428807991939,15.57420777837586,56.39,13.16707169135232,13.19057143815087,-2.322577801053272,88.25308927432054,0,51.2,59.3,81.35,1.0,1.0,0.0,9.122320720447696,8.544854061746548,8.298338899979479,7.6087537494733875,8.289306895741673,7.8642719015926685,-0.023499746798551158,1.0593636130848054,10.0,8.459223335820525,1.0,0.1,15.54067998324553,13.190794219767906,0.0070424677028171345,55.198,57.75,61.9,69.00899999999999
Краснодарский край,2021,2766.774825544658,1839.083233742685,927.6915918019725,5595.251776223247,3163.578700793635,3539.476775646309,6522.94336802522,15.57747039595381,56.76,13.24169561243144,13.16707169135232,7.747885759224116,88.25308927432054,0,51.2,59.3,81.35,1.0,1.0,0.0,8.783080989867441,8.629673619952179,6.832699341129926,7.5170224839078275,8.059459166037453,8.171734191714064,0.0746239210791213,-0.33923973058025503,10.0,8.459223335820525,1.0,0.1,15.54067998324553,13.190794219767906,0.0070424677028171345,55.198,57.75,61.9,69.00899999999999
Красноярский край,2012,1186.339028771536,250.4209760057091,935.9180527658266,6979.634055134607,4052.387161304363,2029.371707182373,7915.552107900433,14.86049384414505,76.87,13.87486917089049,13.82176710387593,5.453727309783329,91.31694705096045,0,49.7,36.7,60.16,0.482889421974219,1.0,0.0,8.976584724512875,8.850751766750896,6.841527922180966,5.523143405708285,8.307061409003634,7.615481520278584,0.053102067014560106,,4.828894219742191,5.471818442093575,0.7,0.2,14.868241774506672,13.90333664054648,0.008165780660617017,78.179,38.55,43.2,64.396
Красноярский край,2013,4127.223132349598,156.250166159868,3970.972966189731,4660.929565773694,3836.28779361565,652.5353680420748,8631.902531963424,14.86325437427588,77.2,13.90069609761157,13.87486917089049,2.616333165100726,91.31694705096045,0,49.7,36.7,60.16,1.0,1.0,0.0,9.063220215396397,8.446970184860513,8.286766423298895,5.0514583520391,8.252260457593636,6.480865341623771,0.025826926721080667,0.08663549088352163,10.0,5.471818442093575,0.7,0.2,14.868241774506672,13.90333664054648,0.008165780660617017,78.179,38.55,43.2,64.396
Красноярский край,2014,5279.10748644791,154.9119078143769,5124.195578633529,4906.950089261745,3899.626985752046,1992.897982608416,10031.14566789527,14.86563718609701,77.54,13.9082636166436,13.90069609761157,0.759622506965507,91.31694705096045,0,49.7,36.7,60.16,1.0,1.0,0.0,9.213450098550078,8.498407864703703,8.541728831420428,5.042856618673297,8.268636182864531,7.597345131049373,0.007567519032029679,0.15022988315368124,10.0,5.471818442093575,0.7,0.2,14.868241774506672,13.90333664054648,0.008165780660617017,78.179,38.55,43.2,64.396
Красноярский край,2015,3091.773429613649,1327.936127452393,1763.837302161256,3157.336563450013,3304.173469704771,2386.896649897453,4921.173865611268,14.86825550684715,77.85,13.88339968694615,13.9082636166436,-2.455736822746168,91.31694705096045,0,49.7,36.7,60.16,0.0,0.0,1.0,8.501302371599547,8.057484091507312,7.475246999978184,7.1913812320817945,8.102941636199917,7.777749328332969,-0.02486392969744955,-0.7121477269505316,0.0,5.471818442093575,0.7,0.2,14.868241774506672,13.90333664054648,0.008165780660617017,78.179,38.55,43.2,64.396
Красноярский край,2016,2123.731528500683,822.6867361045803,1301.044792396103,3682.851779757085,3178.167404791348,823.7154865678613,4983.896572153188,14.87136286431519,78.15,13.89518094197185,13.88339968694615,1.18509273510099,91.31694705096045,0,49.7,36.7,60.16,0.0,0.0,0.0,8.513967308276278,8.211442671203274,7.1709229071251395,6.7125754916486375,8.06406002185512,6.713825186994041,0.011781255025699267,0.012664936676731742,0.0,5.471818442093575,0.7,0.2,14.868241774506672,13.90333664054648,0.008165780660617017,78.179,38.55,43.2,64.396
Красноярский край,2017,4121.856871595593,2393.869595529526,1727.987276066068,6007.277932395656,3303.710414901149,737.934217250544,7735.265208461724,14.87332897671663,78.42,13.92568201970792,13.89518094197185,3.097100116281526,91.31694705096045,0,36.7,40.4,60.16,0.0,0.0,0.0,8.953545049227627,8.700727001866335,7.454712585949199,7.780666413259833,8.102801483977975,6.603854684110699,0.030501077736071025,0.43957774095134816,0.0,5.471818442093575,0.7,0.2,14.868241774506672,13.90333664054648,0.008165780660617017,78.179,38.55,43.2,64.396
Красноярский край,2018,5566.433879330454,1314.657821145815,4251.77605818464,4261.352066319979,3231.597424545995,2698.437087110142,8513.12812450462,14.87333557373155,78.65,13.9581426128305,13.92568201970792,3.299318530606565,91.31694705096045,0,36.7,40.4,60.16,0.7307699253026302,1.0,1.0,9.049364736223593,8.357341775367077,8.355092070667675,7.181331698694419,8.080731852645833,7.900428027764369,0.032460593122578985,0.09581968699596644,7.307699253026302,5.471818442093575,0.7,0.2,14.868241774506672,13.90333664054648,0.008165780660617017,78.179,38.55,43.2,64.396
Красноярский край,2019,3448.140952963218,699.9007209666647,2748.240231996553,3963.782085076056,3935.963199077477,2069.068978786557,6712.022317072609,14.87178442513993,78.84,13.96268927040192,13.9581426128305,0.455700930159364,91.31694705096045,0,36.7,40.4,74.28,0.7436966070714347,1.0,0.0,8.811655573092738,8.284953920446362,7.9187160701896,6.550938497794498,8.277910908300557,7.634854016380987,0.004546657571420809,-0.23770916313085522,7.436966070714347,5.471818442093575,0.7,0.2,14.868241774506672,13.90333664054648,0.008165780660617017,78.179,38.55,43.2,64.396
Красноярский край,2020,4630.601893707878,344.8226334448578,4285.77926026302,6530.056406446236,5804.054660480309,4374.799025273021,10815.83566670926,14.86885801118312,79.01,13.90267588458485,13.96268927040192,-5.8248072619141,91.31694705096045,0,36.7,40.4,74.28,0.7525571086007292,1.0,0.0,9.288766604630826,8.784170860280065,8.363057672202094,5.843030178876647,8.666312031685491,8.383615860656123,-0.060013385817070386,0.4771110315380884,7.525571086007292,5.471818442093575,0.7,0.2,14.868241774506672,13.90333664054648,0.008165780660617017,78.179,38.55,43.2,64.396
Красноярский край,2021,1750.632659941609,317.106159568798,1433.526500372811,8017.279935961104,4615.845102641993,4954.70331993288,9450.806436333914,14.8661069826152,79.26,13.9034249104821,13.90267588458485,0.07493064871948452,91.31694705096045,0,36.7,40.4,74.28,0.7619053791445616,1.0,0.0,9.153855354024971,8.989354483228164,7.267892771635155,5.7592366060443805,8.437250251004881,8.508092570084106,0.0007490258972495667,-0.13491125060585496,7.619053791445616,5.471818442093575,0.7,0.2,14.868241774506672,13.90333664054648,0.008165780660617017,78.179,38.55,43.2,64.396
Курганская область,2012,15219.37017447414,14479.1743709071,740.1958035670299,7408.498658930817,5057.639650287305,1612.583944459314,8148.694462497847,13.69493036390532,60.7,12.61880098532625,12.643306125785,-2.420732711646811,92.47095274980636,0,56.5,44.4,63.39,0.0,0.0,0.0,9.005613004752766,8.910383087631134,6.606914750612869,9.580466645730322,8.528655181174237,7.385593105894346,-0.024505140458749963,,0.0,2.1201965542942296,0.3,0.2,13.633687543490748,12.673840486292647,0.01188896439970204,62.435,42.95,49.15,66.363
Курганская область,2013,17225.99604404665,15640.5712216572,1585.424822389446,5936.745041043968,3440.53070636409,575.4364304357347,7522.169863433413,13.68065257151742,61.2,12.66069394474712,12.61880098532625,4.278285269614647,92.47095274980636,0,56.5,44.4,63.39,0.0,0.0,0.0,8.925609920991928,8.688916289276456,7.36860767714276,9.65762353655621,8.143381013574103,6.355128762348798,0.04189295942087057,-0.08000308376083787,0.0,2.1201965542942296,0.3,0.2,13.633687543490748,12.673840486292647,0.01188896439970204,62.435,42.95,49.15,66.363
Курганская область,2014,16309.24018395209,13134.43476776681,3174.80541618527,3813.755434390031,3137.871632836938,569.6544483018994,6988.560850575301,13.66800773210848,61.75,12.64390997346525,12.66069394474712,-1.664390515263214,92.47095274980636,0,56.5,44.4,63.39,0.0,0.0,0.0,8.85202992713114,8.246369660976447,8.063001623207853,9.482992668667396,8.051300025138513,6.345029945946954,-0.01678397128186937,-0.07357999386078795,0.0,2.1201965542942296,0.3,0.2,13.633687543490748,12.673840486292647,0.01188896439970204,62.435,42.95,49.15,66.363
Курганская область,2015,13184.5418691456,11525.90162966768,1658.640239477912,3570.172988345899,3213.180511631155,2722.498560495207,5228.813227823811,13.65560585545432,62.2,12.62996787477981,12.64390997346525,-1.384535774003326,92.47095274980636,0,56.5,44.4,63.39,0.0,0.0,1.0,8.561939615023494,8.180369329719024,7.413753412833329,9.352352097313972,8.075016539184524,7.90930532606325,-0.013942098685440385,-0.2900903121076457,0.0,2.1201965542942296,0.3,0.2,13.633687543490748,12.673840486292647,0.01188896439970204,62.435,42.95,49.15,66.363
Курганская область,2016,15276.79465070273,12322.47195738846,2954.322693314271,3033.464401480544,3122.131408931513,1116.117798799487,5987.787094794815,13.64278085193559,62.45,12.66063279642687,12.62996787477981,3.113993332263609,92.47095274980636,0,56.5,44.4,63.39,0.0,0.0,0.0,8.697477189595928,8.017460612182639,7.9910246965680125,9.419179862852737,8.046271191455265,7.017611691850601,0.030664921647060694,0.13553757457243343,0.0,2.1201965542942296,0.3,0.2,13.633687543490748,12.673840486292647,0.01188896439970204,62.435,42.95,49.15,66.363
Курганская область,2017,17745.63343914726,16515.91781744016,1229.715621707093,3471.470344111422,3002.706720146069,380.9017649854078,4701.185965818515,13.62939421004964,62.6,12.68693566357937,12.66063279642687,2.66518405111198,92.47095274980636,0,41.8,41.5,63.39,0.0,0.0,0.0,8.45557008902037,8.152333513484052,7.11453821977104,9.712079911057549,8.007269400925036,5.942541507197655,0.02630286715249852,-0.24190710057555798,0.0,2.1201965542942296,0.3,0.2,13.633687543490748,12.673840486292647,0.01188896439970204,62.435,42.95,49.15,66.363
Курганская область,2018,23811.25354928397,18708.31657798024,5102.936971303738,3265.68516591144,2999.068067144477,712.0103683546276,8368.622137215178,13.61396336738137,62.91,12.71429507711291,12.68693566357937,2.773711902038589,92.47095274980636,0,41.8,41.5,63.39,0.0,0.0,0.0,9.032244530722636,8.091224871428714,8.537571529685271,9.83672344076697,8.006056875105141,6.568092473601772,0.027359413533540433,0.5766744417022664,0.0,2.1201965542942296,0.3,0.2,13.633687543490748,12.673840486292647,0.01188896439970204,62.435,42.95,49.15,66.363
Курганская область,2019,24657.91452686726,17702.14940211836,6955.765124748895,6793.691973069522,3691.376837342794,5473.272454769825,13749.45709781842,13.5989353875281,63.24,12.74618017403261,12.71429507711291,3.239887267904519,92.47095274980636,0,41.8,41.5,73.3,0.7094180059438947,1.0,1.0,9.528754618520187,8.823749809610526,8.84732610905431,9.7814413463372,8.2137547940913,8.607631971518197,0.03188509691969976,0.49651008779755124,7.094180059438947,2.1201965542942296,0.3,0.2,13.633687543490748,12.673840486292647,0.01188896439970204,62.435,42.95,49.15,66.363
Курганская область,2020,22266.09333823797,18186.20141524983,4079.89192298814,11119.21407068422,5275.647358591265,5813.894500473999,15199.10599367236,13.58508933854981,63.49,12.73368224767129,12.74618017403261,-1.242015162446664,92.47095274980636,0,41.8,41.5,73.3,0.7022908895148012,1.0,0.0,9.628991888898861,9.316429888210086,8.313825777583665,9.80841842151595,8.57085667282236,8.66800593518088,-0.012497926361319855,0.10023727037867403,7.022908895148012,2.1201965542942296,0.3,0.2,13.633687543490748,12.673840486292647,0.01188896439970204,62.435,42.95,49.15,66.363
Курганская область,2021,20843.33734001056,16978.8302638256,3864.50707618496,12283.42986552429,4250.26579908863,6842.079951958317,16147.93694170925,13.56751575647742,63.81,12.76219576978202,12.73368224767129,2.89239239636887,92.47095274980636,0,41.8,41.5,73.3,0.7084876588355337,1.0,0.0,9.689547576943486,9.416006467712872,8.259589417619116,9.739722568436171,8.354736800924888,8.830847050935267,0.028513522110729994,0.060555688044624745,7.084876588355336,2.1201965542942296,0.3,0.2,13.633687543490748,12.673840486292647,0.01188896439970204,62.435,42.95,49.15,66.363
Курская область,2012,4885.162240342997,4435.136543411468,450.0256969315295,8716.220985809508,4229.505532026717,1362.961753722718,9166.246682741037,13.92847935709144,66.15,13.01724458804568,12.96798607674178,5.049187966741586,96.48180915317877,0,54.7,45.7,60.45,0.8246747920728531,1.0,0.0,9.123283177508698,9.072941049782743,6.109304685426265,8.397313681961172,8.349840369705554,7.21741537093799,0.0492585113038988,,8.24674792072853,8.290882112478176,1.0,0.1,13.919282964584486,13.145400230172722,0.039278141499276845,67.375,48.7,50.85,66.61800000000001
Курская область,2013,3584.666599148953,2175.040882072465,1409.625717076488,10800.95964365823,3503.477621199085,698.1982248870655,12210.58536073472,13.92682292615518,66.43,13.06004296231312,13.01724458804568,4.372743132595658,96.48180915317877,0,54.7,45.7,60.45,0.8333333333333324,1.0,0.0,9.410058507047728,9.287390265059141,7.2510794992525,7.684802739701292,8.161511360234625,6.548503052254449,0.0427983742674396,0.2867753295390294,8.333333333333323,8.290882112478176,1.0,0.1,13.919282964584486,13.145400230172722,0.039278141499276845,67.375,48.7,50.85,66.61800000000001
Курская область,2014,4330.530559161911,2578.133134798661,1752.397424363249,8242.748525137311,3010.880190640634,730.3943207867757,9995.14594950056,13.92550511982521,66.61,13.10537765405986,13.06004296231312,4.637801539409758,96.48180915317877,0,54.7,45.7,60.45,0.8140240320733263,1.0,0.0,9.20985484907907,9.01708912616101,7.468740086161928,7.854820824833912,8.009987737135646,6.5935845537669255,0.04533469174674032,-0.20020365796865747,8.140240320733263,8.290882112478176,1.0,0.1,13.919282964584486,13.145400230172722,0.039278141499276845,67.375,48.7,50.85,66.61800000000001
Курская область,2015,3163.983840734797,2431.184379121842,732.7994616129538,6619.87219300272,4032.162680260655,1692.654821262322,7352.671654615674,13.92559290819439,66.99,13.1338773225426,13.10537765405986,2.890966973315301,96.48180915317877,0,54.7,45.7,60.45,0.8207542081135218,1.0,0.0,8.902819016584143,8.797831342551744,6.59687207866117,7.796133816409945,8.302058156224144,7.434053475499354,0.028499668482741214,-0.30703583249492716,8.207542081135218,8.290882112478176,1.0,0.1,13.919282964584486,13.145400230172722,0.039278141499276845,67.375,48.7,50.85,66.61800000000001
Курская область,2016,3141.110689758953,2595.121286972339,545.9894027866136,7091.997300802281,3919.325240848051,978.9999207513845,7637.986703588895,13.92773059323158,67.35,13.16999834962249,13.1338773225426,3.678131751342373,96.48180915317877,0,54.7,45.7,60.45,0.832279387455553,1.0,0.0,8.940889326960287,8.866722286596492,6.302599566740826,7.861388533225433,8.273674785531298,6.886531561581973,0.036121027079889956,0.03807031037614372,8.32279387455553,8.290882112478176,1.0,0.1,13.919282964584486,13.145400230172722,0.039278141499276845,67.375,48.7,50.85,66.61800000000001
Курская область,2017,4547.284471937237,4140.948333040664,406.3361388965735,8484.244311168251,3869.0514472886,643.8502183098137,8890.580450064825,13.92519511148118,67.58,13.20014899840587,13.16999834962249,3.060978236908185,96.48180915317877,0,47.0,51.7,60.45,0.8445745387516387,1.0,0.0,9.092747618847223,9.045966111965884,6.007180745374822,8.328680106539611,8.260764651921125,6.467466118789105,0.030150648783379808,0.15185829188693667,8.445745387516387,8.290882112478176,1.0,0.1,13.919282964584486,13.145400230172722,0.039278141499276845,67.375,48.7,50.85,66.61800000000001
Курская область,2018,6192.580072075674,4084.910307340419,2107.669764735255,5251.800324096852,3057.200948070377,2253.367787824597,7359.470088832107,13.91762300435164,67.81,13.23630856238732,13.20014899840587,3.682127262286139,96.48180915317877,0,47.0,51.7,60.45,0.7829677771099607,1.0,0.0,8.903743210330898,8.566326215678021,7.653338239293862,8.315055050465642,8.025255053479363,7.720181170706705,0.036159563981449594,-0.18900440851632538,7.829677771099607,8.290882112478176,1.0,0.1,13.919282964584486,13.145400230172722,0.039278141499276845,67.375,48.7,50.85,66.61800000000001
Курская область,2019,6277.052742772026,4293.526805814655,1983.525936957371,4979.857285542961,3268.625582356285,5922.351008463414,6963.383222500332,13.91209537961287,68.11,13.26847811807251,13.23630856238732,3.269258936102415,96.48180915317877,0,47.0,51.7,81.01,0.8408541210593914,1.0,1.0,8.848420730409302,8.51315651208657,7.592631316227535,8.364863773441053,8.092124864329756,8.68648877885089,0.03216955568518998,-0.05532247992159611,8.408541210593913,8.290882112478176,1.0,0.1,13.919282964584486,13.145400230172722,0.039278141499276845,67.375,48.7,50.85,66.61800000000001
Курская область,2020,7234.052984107396,3672.711605288041,3561.341378819354,7002.044379909656,4347.173502587248,6817.138299624444,10563.38575872901,13.9068163673319,68.31,13.29453966953601,13.26847811807251,2.640412320509977,96.48180915317877,0,47.0,51.7,81.01,0.8459779910477142,1.0,0.0,9.265149126964056,8.853957439670712,8.177892544681061,8.208685525254852,8.377281143370853,8.82719505861841,0.0260615514634992,0.41672839655475435,8.459779910477142,8.290882112478176,1.0,0.1,13.919282964584486,13.145400230172722,0.039278141499276845,67.375,48.7,50.85,66.61800000000001
Курская область,2021,5669.130437988769,3378.012071514691,2291.118366474078,8337.851171598757,3655.06381613247,8074.963496849386,10628.96953807284,13.89696887856947,68.41,13.36076749173455,13.29453966953601,6.847011064940611,96.48180915317877,0,47.0,51.7,81.01,0.8514419314608854,1.0,0.0,9.271338527603502,9.028560808868962,7.73679534697398,8.125042670929949,8.20386883198562,8.996523627566631,0.06622782219853995,0.006189400639446063,8.514419314608855,8.290882112478176,1.0,0.1,13.919282964584486,13.145400230172722,0.039278141499276845,67.375,48.7,50.85,66.61800000000001
Ленинградская область,2012,1201.360001054777,0.0,1201.360001054777,3650.143685001141,3641.656873898143,1672.552775852517,4851.503686055918,14.37829902192199,64.89,13.44216196231639,13.39634104669876,4.688691307223158,92.7461159300702,0,51.5,33.0,61.9,0.7627622701454626,1.0,0.0,8.487043974241612,8.202521811555464,7.091209528250011,,8.20019404220231,7.422106346573302,0.045820915617630575,,7.6276227014546265,7.335358655821446,1.0,0.1,14.436191328474141,13.442904586800628,0.011770313701108037,65.303,41.5,47.8,67.033
Ленинградская область,2013,687.386906106802,0.0,687.386906106802,4581.016677196125,3083.33853387215,633.8602699498924,5268.403583302927,14.39157882991219,65.18,13.41478322994669,13.44216196231639,-2.700733208546235,92.7461159300702,0,51.5,33.0,61.9,0.734375,1.0,1.0,8.569482670274787,8.42967623439444,6.5328973158007955,,8.033768228498177,6.45182853574601,-0.027378732369701453,0.08243869603317577,7.34375,7.335358655821446,1.0,0.1,14.436191328474141,13.442904586800628,0.011770313701108037,65.303,41.5,47.8,67.033
Ленинградская область,2014,1307.323506860703,0.0,1307.323506860703,5118.55706897674,2634.523558544036,1849.449563595843,6425.880575837443,14.40283767284501,65.34,13.40552238967654,13.41478322994669,-0.9218090756141661,92.7461159300702,0,51.5,33.0,61.9,0.7437322632870516,1.0,0.0,8.768088954977346,8.54062785584866,7.175737201635178,,7.876457631930116,7.522643340609153,-0.009260840270149728,0.19860628470255826,7.437322632870515,7.335358655821446,1.0,0.1,14.436191328474141,13.442904586800628,0.011770313701108037,65.303,41.5,47.8,67.033
Ленинградская область,2015,645.4593881810058,0.0,645.4593881810058,3501.637588474158,2415.930975159914,1195.209896873501,4147.096976655163,14.41164616216528,65.32,13.441687265999,13.40552238967654,3.682678058565636,92.7461159300702,0,51.5,33.0,61.9,0.7372876784748579,1.0,0.0,8.33016384474633,8.160986020475843,6.469962293018533,,7.789839988762437,7.08607709486092,0.036164876322461126,-0.4379251102310153,7.372876784748579,7.335358655821446,1.0,0.1,14.436191328474141,13.442904586800628,0.011770313701108037,65.303,41.5,47.8,67.033
Ленинградская область,2016,580.0533199805636,0.0,580.0533199805636,2438.70750706157,2267.087204227115,786.4231817093572,3018.760827042134,14.42071083315526,65.12,13.45046251313736,13.441687265999,0.8813862489960966,92.7461159300702,0,51.5,33.0,61.9,0.7471599046476005,1.0,0.0,8.01260170399226,7.799223467720557,6.363120030316042,,7.726251116563958,6.667495046665721,0.008775247138359532,-0.3175621407540703,7.471599046476005,7.335358655821446,1.0,0.1,14.436191328474141,13.442904586800628,0.011770313701108037,65.303,41.5,47.8,67.033
Ленинградская область,2017,741.3136344777571,0.0,741.3136344777571,2006.395309620138,2117.068874090432,302.6755797317909,2747.708944097895,14.43426764965624,64.63,13.45277904579266,13.45046251313736,0.2319217890154102,92.7461159300702,0,44.1,50.0,61.9,0.7403596856408975,1.0,0.0,7.918522732193454,7.604095012726607,6.6084237941520465,,7.657787804422578,5.71266153795264,0.002316532655299852,-0.09407897179880642,7.403596856408975,7.335358655821446,1.0,0.1,14.436191328474141,13.442904586800628,0.011770313701108037,65.303,41.5,47.8,67.033
Ленинградская область,2018,1846.181590588373,0.0,1846.181590588373,1987.966675406943,2020.195544125793,863.7853269827513,3834.148265995316,14.45337016181194,64.04,13.47769341905374,13.45277904579266,2.522732989295218,92.7461159300702,0,44.1,50.0,61.9,0.6985300756569256,1.0,0.0,8.251702594218152,7.59486762420225,7.520874779990992,,7.610949589732713,6.761324273791393,0.024914373261079703,0.3331798620246982,6.985300756569256,7.335358655821446,1.0,0.1,14.436191328474141,13.442904586800628,0.011770313701108037,65.303,41.5,47.8,67.033
Ленинградская область,2019,841.9919064853611,0.0,841.9919064853611,2353.848960000877,2329.518846016636,1679.872187891669,3195.840866486238,14.47418171152436,65.02,13.4844970363743,13.47769341905374,0.6826814503294809,92.7461159300702,0,44.1,50.0,79.01,0.719511351556917,1.0,0.0,8.06960551418415,7.76380712263546,6.735770401945964,,7.753417021379368,7.426472990867267,0.006803617320560562,-0.18209708003400138,7.195113515569171,7.335358655821446,1.0,0.1,14.436191328474141,13.442904586800628,0.011770313701108037,65.303,41.5,47.8,67.033
Ленинградская область,2020,1095.66004399964,0.0,1095.66004399964,3477.123722880991,3170.04289525604,3171.153040846412,4572.783766880631,14.49054824706426,66.51,13.46311795901085,13.4844970363743,-2.115216482605076,92.7461159300702,0,44.1,50.0,79.01,0.722987084687144,1.0,0.0,8.427877437799363,8.153960714601999,6.999112240560112,,8.061500398406286,8.061850536018465,-0.02137907736345035,0.358271923615213,7.2298708468714405,7.335358655821446,1.0,0.1,14.436191328474141,13.442904586800628,0.011770313701108037,65.303,41.5,47.8,67.033
Ленинградская область,2021,364.9771947653401,0.0,364.9771947653401,4125.091023087413,2636.420596661659,4222.654357592305,4490.068217852753,14.50447299468488,66.98,13.51404418370984,13.46311795901085,5.224526070872004,92.7461159300702,0,44.1,50.0,79.01,0.7286533417245892,1.0,0.0,8.409623173906574,8.324843364728336,5.89983487153557,,7.8771774415671265,8.348219203985929,0.05092622469899055,-0.01825426389278917,7.2865334172458915,7.335358655821446,1.0,0.1,14.436191328474141,13.442904586800628,0.011770313701108037,65.303,41.5,47.8,67.033
Липецкая область,2012,313.6575829538278,244.9634425552435,68.69414039858434,6877.102287592197,3202.931117931775,2392.282734317652,6945.796427990782,13.97017225005966,63.76,13.3067184884816,13.28650061684739,2.04236371751696,96.26322297018821,0,56.9,40.1,61.0,0.0,0.0,0.0,8.845891925070157,8.835952663077506,4.229663902993658,5.501108985350971,8.071821643892983,7.780003308051031,0.020217871634210738,,0.0,2.0568206848455426,0.3,0.1,13.96618993541692,13.392307693976097,0.023520154098316048,63.512,48.15,54.75,66.949
Липецкая область,2013,1273.139533953505,440.3819192568102,832.7576146966953,7797.603046702912,2748.795151775902,295.0268503297827,8630.360661399607,13.96934947491282,63.76,13.34097603971467,13.3067184884816,3.485109958561372,96.26322297018821,0,56.9,40.1,61.0,0.0,0.0,0.0,9.06304157479167,8.961571663746083,6.724742621068843,6.087642348730553,7.9189179680281585,5.687066370264986,0.03425755123307006,0.21714964972151307,0.0,2.0568206848455426,0.3,0.1,13.96618993541692,13.392307693976097,0.023520154098316048,63.512,48.15,54.75,66.949
Липецкая область,2014,2379.850871416465,915.541500467807,1464.30937094866,6293.046377800673,2582.902097297911,2297.504577948997,7757.355748749334,13.96922342768096,63.72,13.39084417884135,13.34097603971467,5.113248399013504,96.26322297018821,0,56.9,40.1,61.0,0.0,0.0,0.0,8.95639680108027,8.747200553244044,7.289138991150555,6.81951569401867,7.856668889666679,7.73957884680631,0.04986813912667998,-0.10664477371140002,0.0,2.0568206848455426,0.3,0.1,13.96618993541692,13.392307693976097,0.023520154098316048,63.512,48.15,54.75,66.949
Липецкая область,2015,1439.00507258507,924.9835824077336,514.0214901773364,5508.603919043732,2606.826281070174,1274.140657798303,6022.625409221068,13.96959552134654,63.64,13.40042241602894,13.39084417884135,0.9624255308205765,96.26322297018821,0,56.9,40.1,61.0,0.0,0.0,0.0,8.703278557721132,8.614066497818428,6.242265074264698,6.829775988606518,7.8658887761437,7.150027236472855,0.009578237187589878,-0.2531182433591379,0.0,2.0568206848455426,0.3,0.1,13.96618993541692,13.392307693976097,0.023520154098316048,63.512,48.15,54.75,66.949
Липецкая область,2016,1921.514993162198,1118.428659397376,803.086333764821,6559.007422560263,2311.283254357288,724.7008215798561,7362.093756325084,13.9710345800395,63.48,13.41485670649227,13.40042241602894,1.453896787557629,96.26322297018821,0,56.9,40.1,61.0,0.0,0.0,0.0,8.904099649028357,8.788594562953449,6.688462222195962,7.01967999650653,7.745558170637758,6.585758909797298,0.014434290463329447,0.20082109130722436,0.0,2.0568206848455426,0.3,0.1,13.96618993541692,13.392307693976097,0.023520154098316048,63.512,48.15,54.75,66.949
Липецкая область,2017,2816.73389588753,2093.402506512913,723.3313893746163,5557.057022862628,2333.431970012146,1108.413497346143,6280.388412237245,13.97050288350839,63.41,13.42731697388865,13.41485670649227,1.25382199616495,96.26322297018821,0,52.6,56.2,61.0,0.0,0.0,0.0,8.745187106632033,8.62282393467457,6.583867470362254,7.646546014760715,7.755095411338217,7.01068499023888,0.012460267396381397,-0.15891254239632424,0.0,2.0568206848455426,0.3,0.1,13.96618993541692,13.392307693976097,0.023520154098316048,63.512,48.15,54.75,66.949
Липецкая область,2018,2523.796344789235,813.0201773916597,1710.776167397575,3647.888164645184,2282.676133685728,4545.387266892876,5358.664332042759,13.96727152756432,63.44,13.45133086901525,13.42731697388865,2.430455063314008,96.26322297018821,0,52.6,56.2,61.0,0.0,0.0,0.0,8.586470031228348,8.201903694102912,7.444702445578596,6.700755927679764,7.733103776495509,8.421868210218806,0.024013895126598683,-0.1587170754036844,0.0,2.0568206848455426,0.3,0.1,13.96618993541692,13.392307693976097,0.023520154098316048,63.512,48.15,54.75,66.949
Липецкая область,2019,2665.174483555972,861.4801951762006,1803.694288379771,3951.166539678842,2628.816409958411,5915.101009064422,5754.860828058613,13.96465099316564,63.43,13.43578743278626,13.45133086901525,-1.542326047779352,96.26322297018821,0,52.6,56.2,80.83,0.6820801251753446,1.0,1.0,8.657800138076192,8.281766140795852,7.49759222305794,6.758652066935544,7.874288989639665,8.685263853031588,-0.015543436228989904,0.07133010684784402,6.820801251753446,2.0568206848455426,0.3,0.1,13.96618993541692,13.392307693976097,0.023520154098316048,63.512,48.15,54.75,66.949
Липецкая область,2020,5652.504266330084,897.213757490447,4755.290508839636,7563.410464347748,3270.622992257367,5443.715334590377,12318.70097318738,13.95973037532028,63.33,13.46832321766459,13.43578743278626,3.307086079758427,96.26322297018821,0,52.6,56.2,80.83,0.686567959152529,1.0,0.0,9.418873791040234,8.931077487072432,8.467013068557959,6.7992941363341615,8.09273576325504,8.602217072652248,0.03253578487833053,0.7610736529640416,6.86567959152529,2.0568206848455426,0.3,0.1,13.96618993541692,13.392307693976097,0.023520154098316048,63.512,48.15,54.75,66.949
Липецкая область,2021,2032.099995281263,830.1127079084285,1201.987287372834,6557.828503985585,2879.14016552281,4390.82719689542,7759.815791358418,13.9503683205711,63.15,13.52170215783055,13.46832321766459,5.482928657938757,96.26322297018821,0,52.6,56.2,80.83,0.6881726005176689,1.0,0.0,8.9567138746685,8.788414806404774,7.091731538810301,6.721561484232412,7.965246974916068,8.387272915857798,0.053378940165959676,-0.4621599163717338,6.88172600517669,2.0568206848455426,0.3,0.1,13.96618993541692,13.392307693976097,0.023520154098316048,63.512,48.15,54.75,66.949
Магаданская область,2012,94102.48484378301,90121.58862947523,3980.896214307759,18390.34612308754,7108.853617733117,8761.079594712774,22371.2423373953,11.93931675196057,95.67,14.23079419084799,14.18082521983373,5.123847700624172,84.13189010035116,0,52.6,41.0,56.25,0.0,0.0,0.0,10.015531588811374,9.819581138687564,8.289262252403702,11.40891502232551,8.869096274598213,9.078074417742407,0.04996897101425901,,0.0,2.0568589167803495,0.3,0.2,11.879134134929277,14.37913340631017,0.048625039535500035,96.053,42.85,46.6,61.065
Магаданская область,2013,92277.12841581239,87397.80336465043,4879.325051161994,26816.76448735951,6088.390320251335,5912.033346383128,31696.0895385215,11.92449854802926,95.76,14.28387110689639,14.23079419084799,5.451075080009771,84.13189010035116,0,52.6,41.0,56.25,0.0,0.0,0.0,10.363948593849836,10.196782511503113,8.492762180093479,11.378225428200215,8.71413901053685,8.684745103069357,0.05307691604840059,0.3484170050384616,0.0,2.0568589167803495,0.3,0.2,11.879134134929277,14.37913340631017,0.048625039535500035,96.053,42.85,46.6,61.065
Магаданская область,2014,82313.69237686353,73871.41126015545,8442.281116708096,14884.96300636135,6396.670906504393,6094.975543181004,23327.24412306945,11.90906051648203,95.84,14.32886794068516,14.28387110689639,4.602454796880417,84.13189010035116,0,52.6,41.0,56.25,0.0,0.0,1.0,10.057377232151628,9.608106788150272,9.041007825563913,11.210081174985689,8.76353296315328,8.715220029303712,0.04499683378877073,-0.3065713616982073,0.0,2.0568589167803495,0.3,0.2,11.879134134929277,14.37913340631017,0.048625039535500035,96.053,42.85,46.6,61.065
Магаданская область,2015,53841.96040368282,50247.72838512308,3594.232018559744,14012.26318326721,5705.140605769869,3162.470904919107,17606.49520182695,11.89445983685317,95.88,14.36523011209554,14.32886794068516,3.703136159723597,84.13189010035116,0,52.6,41.0,56.25,0.0,0.0,0.0,9.77602315850403,9.547688166846324,8.187085622455033,10.82472061863328,8.64912290805204,8.059108932967876,0.03636217141037967,-0.28135407364759857,0.0,2.0568589167803495,0.3,0.2,11.879134134929277,14.37913340631017,0.048625039535500035,96.053,42.85,46.6,61.065
Магаданская область,2016,51895.99331675745,47424.72791698636,4471.265399771084,23161.42796774416,5279.420692814638,4353.181401315436,27632.69336751524,11.88472347667455,95.95,14.36086754789466,14.36523011209554,-0.4353062040625244,84.13189010035116,0,52.6,41.0,56.25,0.0,0.0,0.0,10.22675489298982,10.050243586424587,8.405426734743106,10.766899057664698,8.571571653410972,8.378662213396037,-0.004362564200880215,0.4507317344857906,0.0,2.0568589167803495,0.3,0.2,11.879134134929277,14.37913340631017,0.048625039535500035,96.053,42.85,46.6,61.065
Магаданская область,2017,52978.42219802805,44632.2903420258,8346.131856002261,15767.94281663694,4989.478313316845,8374.97338682664,24114.0746726392,11.87576834800394,96.08,14.42903453619711,14.36086754789466,7.054406188909246,84.13189010035116,0,40.6,44.7,56.25,0.0,0.0,0.0,10.090550960323336,9.665734222280886,9.029553459732938,10.706212874747658,8.515086636850716,9.033003178995877,0.06816698830244938,-0.13620393266648456,0.0,2.0568589167803495,0.3,0.2,11.879134134929277,14.37913340631017,0.048625039535500035,96.053,42.85,46.6,61.065
Магаданская область,2018,59038.11553281345,41165.73276712357,17872.38276568988,4118.688205267594,5464.421656887473,5118.522421391289,21991.07097095747,11.85939753616977,96.22,14.47399280488319,14.42903453619711,4.598420870253928,84.13189010035116,0,40.6,44.7,56.25,0.0,0.0,0.0,9.9983917849985,8.323289994864846,9.79101193813928,10.625361460305871,8.606013568274543,8.540621086811555,0.04495826868608077,-0.09215917532483608,0.0,2.0568589167803495,0.3,0.2,11.879134134929277,14.37913340631017,0.048625039535500035,96.053,42.85,46.6,61.065
Магаданская область,2019,57073.66247470685,38713.44246325402,18360.22001145282,11787.27702550018,6733.298596490528,13541.17800633991,30147.497036953,11.84414823292334,96.35,14.53993522244514,14.47399280488319,6.816520783818114,84.13189010035116,0,40.6,44.7,72.3,0.6833968821737503,1.0,1.0,10.313857181692743,9.374776010580419,9.817941647297282,10.563942169177343,8.814820435770828,9.513490544627157,0.06594241756194918,0.31546539669424334,6.8339688217375025,2.0568589167803495,0.3,0.2,11.879134134929277,14.37913340631017,0.048625039535500035,96.053,42.85,46.6,61.065
Магаданская область,2020,44380.55736015594,35349.82405904647,9030.733301109478,36115.94495509931,8439.577175029182,27618.39691279823,45146.67825620879,11.83495823821512,96.4,14.59791538132279,14.53993522244514,5.969396998398468,84.13189010035116,0,40.6,44.7,72.3,0.6852894340889302,1.0,0.0,10.717671984847575,10.494489735312223,9.108388850324255,10.473048694199079,9.040687488589711,10.22623738446778,0.05798015887765118,0.4038148031548321,6.852894340889302,2.0568589167803495,0.3,0.2,11.879134134929277,14.37913340631017,0.048625039535500035,96.053,42.85,46.6,61.065
Магаданская область,2021,40172.059695375,32881.97867185841,7290.081023516582,34835.82880806868,7319.675628316511,24007.60967041654,42125.90983158527,11.82500986398103,96.38,14.66707561518873,14.59791538132279,7.160790326948563,84.13189010035116,0,40.6,44.7,72.3,0.6881726005176689,1.0,0.0,10.648418265797332,10.458401699575864,8.894269939277919,10.40068002594396,8.89832129290199,10.08612612867483,0.06916023386594006,-0.06925371905024313,6.88172600517669,2.0568589167803495,0.3,0.2,11.879134134929277,14.37913340631017,0.048625039535500035,96.053,42.85,46.6,61.065
Московская область,2012,267.9614931872599,0.0,267.9614931872599,8152.282757410961,2877.013133382904,6605.377223931448,8420.24425059822,15.80538536961003,79.96,13.4656564824299,13.43804773399145,2.799340170600839,92.91775841693203,0,51.0,32.8,56.85,0.0,0.0,0.0,9.038394115200225,9.006053259950066,5.5908432880504995,,7.96450792849869,8.795639327200162,0.027608748438449737,,0.0,7.023968238094758,0.9,0.1,15.885742041004724,13.471572415288097,0.015701077232158946,79.455,39.4,44.6,62.141999999999996
Московская область,2013,1118.322740615392,0.0,1118.322740615392,5430.513590863186,2754.866488495369,2554.832131021797,6548.836331478578,15.82407513293536,79.94,13.46872821088608,13.4656564824299,0.3076451048303452,92.91775841693203,0,51.0,32.8,56.85,0.7436708860759474,1.0,1.0,8.787042653529765,8.599788992407905,7.01958528881388,,7.921124258886535,7.845741798335213,0.0030717284561809777,-0.25135146167045974,7.436708860759475,7.023968238094758,0.9,0.1,15.885742041004724,13.471572415288097,0.015701077232158946,79.455,39.4,44.6,62.141999999999996
Московская область,2014,1667.713709896777,0.0,1667.713709896777,4921.743982348708,2623.275006962016,2469.098415541195,6589.457692245485,15.84273811839656,79.88,13.45106472575797,13.46872821088608,-1.750840023042288,92.91775841693203,0,51.0,32.8,56.85,0.7876102729205062,1.0,0.0,8.793226331583096,8.501418214634484,7.419208931434887,,7.872178818809515,7.811608349037282,-0.01766348512811078,0.0061836780533308655,7.876102729205062,7.023968238094758,0.9,0.1,15.885742041004724,13.471572415288097,0.015701077232158946,79.455,39.4,44.6,62.141999999999996
Московская область,2015,498.2191654815825,0.0,498.2191654815825,4765.943792314019,2133.199361481894,1986.442893117883,5264.162957795602,15.86139777216189,79.75,13.45807281874121,13.45106472575797,0.7032707132699656,92.91775841693203,0,51.0,32.8,56.85,0.7744802319884272,1.0,0.0,8.568677429554034,8.469250864117473,6.211040071541346,,7.665378179402333,7.594100827354843,0.007008092983239678,-0.22454890202906164,7.744802319884272,7.023968238094758,0.9,0.1,15.885742041004724,13.471572415288097,0.015701077232158946,79.455,39.4,44.6,62.141999999999996
Московская область,2016,440.4610737686837,0.0,440.4610737686837,1591.442672676569,1938.33110255465,2360.435384351103,2031.903746445253,15.88020628757889,79.64,13.47173149346171,13.45807281874121,1.375238056456141,92.91775841693203,0,51.0,32.8,56.85,0.782738947726058,1.0,0.0,7.616728438701064,7.372396225134998,6.0878220731825,,7.56958262540935,7.7666013658989455,0.013658674720501196,-0.9519489908529701,7.82738947726058,7.023968238094758,0.9,0.1,15.885742041004724,13.471572415288097,0.015701077232158946,79.455,39.4,44.6,62.141999999999996
Московская область,2017,644.0919394405184,0.0,644.0919394405184,1266.350074198537,1859.243177638947,2239.53757522461,1910.442013639055,15.89797029032082,79.52,13.47278924496038,13.47173149346171,0.1058311115077037,92.91775841693203,0,38.2,46.0,56.85,0.7783781559846178,1.0,0.0,7.555089915020456,7.1438940843835965,6.467841479021066,,7.527924790161024,7.714024683905621,0.0010577514986689351,-0.061638523680608515,7.783781559846178,7.023968238094758,0.9,0.1,15.885742041004724,13.471572415288097,0.015701077232158946,79.455,39.4,44.6,62.141999999999996
Московская область,2018,2294.910854800097,0.0,2294.910854800097,939.5900372362665,1795.682424193552,2348.219022071184,3234.500892036363,15.9148474922453,79.32,13.47571467033207,13.47278924496038,0.2929708604238579,92.91775841693203,0,38.2,46.0,56.85,0.7480322070026922,1.0,0.0,8.081629911272026,6.845443649531722,7.738449278515869,,7.493140409281264,7.761412456866471,0.0029254253716910483,0.5265399962515707,7.480322070026922,7.023968238094758,0.9,0.1,15.885742041004724,13.471572415288097,0.015701077232158946,79.455,39.4,44.6,62.141999999999996
Московская область,2019,32.8093549602603,0.0,32.8093549602603,1937.236209964244,2000.521476585686,5573.12151375697,1970.045564924504,15.93213130726541,79.09,13.51858477813171,13.47571467033207,4.380230426668241,92.91775841693203,0,38.2,46.0,74.49,0.7955046853168614,1.0,0.0,7.585811950867855,7.5690176022624165,3.4907136869278874,,7.601163163848605,8.62571059134349,0.04287010779964007,-0.49581796040417103,7.955046853168613,7.023968238094758,0.9,0.1,15.885742041004724,13.471572415288097,0.015701077232158946,79.455,39.4,44.6,62.141999999999996
Московская область,2020,3362.158757313784,0.0,3362.158757313784,2921.525571733355,2955.124739033634,6252.94159305727,6283.684329047139,15.94432114384921,78.85,13.49533399418849,13.51858477813171,-2.298256723725689,92.91775841693203,0,38.2,46.0,74.49,0.7982655663899255,1.0,0.0,8.74571176403467,7.979861214902738,8.120338533946418,,7.991296141820203,8.740807286896338,-0.023250783943220554,1.159899813166815,7.982655663899255,7.023968238094758,0.9,0.1,15.885742041004724,13.471572415288097,0.015701077232158946,79.455,39.4,44.6,62.141999999999996
Московская область,2021,124.6946425243811,0.0,124.6946425243811,3657.590948182461,2256.758995427088,4791.392450106355,3782.285590706842,15.95434749568377,78.6,13.59505850631304,13.49533399418849,10.48664988212575,92.91775841693203,0,38.2,46.0,74.49,0.8152872846897229,1.0,0.0,8.238083759510433,8.20455999880042,4.8258678888471085,,7.721684990179886,8.474576347555978,0.09972451212454914,-0.5076280045242374,8.152872846897228,7.023968238094758,0.9,0.1,15.885742041004724,13.471572415288097,0.015701077232158946,79.455,39.4,44.6,62.141999999999996
Мурманская область,2012,7187.853413362127,2492.980291726256,4694.87312163587,4116.098672594119,3169.17800044824,3791.22682796769,8810.97179422999,13.56152628309839,92.88,13.93741118493976,13.91649987652248,2.113148185390368,88.97184610589743,0,51.9,32.0,60.05,0.0,0.0,0.0,9.083753018661968,8.322661069600054,8.45422636713149,7.8212341780475665,8.061227527393461,8.240444947007243,0.02091130841728095,,0.0,1.4629845967686022,0.2,0.2,13.49139371358441,14.040909289964551,0.03979363204139297,92.986,37.0,45.8,64.946
Мурманская область,2013,6834.003738202937,1269.517736351612,5564.486001851324,3880.743393060647,2627.807743581322,1307.986957817512,9445.22939491197,13.543225343212,92.94,13.96368029447532,13.93741118493976,2.661718377652278,88.97184610589743,0,51.9,32.0,60.05,0.0,0.0,1.0,9.153265067085034,8.263782010414772,8.624159896793696,7.146392372178774,7.873905219995876,7.176244560879903,0.026269109535560276,0.06951204842306602,0.0,1.4629845967686022,0.2,0.2,13.49139371358441,14.040909289964551,0.03979363204139297,92.986,37.0,45.8,64.946
Мурманская область,2014,8383.835538335099,2061.438395636855,6322.397142698243,2284.191485407533,2805.346910690447,1336.542036028497,8606.588628105776,13.52648758690965,92.98,13.99333427604422,13.96368029447532,3.009803937276012,88.97184610589743,0,51.9,32.0,60.05,0.0,0.0,0.0,9.060283308469005,7.733767405005818,8.751853709957576,7.631159268429451,7.939282486135044,7.197840987406468,0.029653981568898757,-0.09298175861602864,0.0,1.4629845967686022,0.2,0.2,13.49139371358441,14.040909289964551,0.03979363204139297,92.986,37.0,45.8,64.946
Мурманская область,2015,6561.034851664556,2787.760825873877,3773.274025790678,1766.231313793552,2529.185301494431,1312.079061799768,5539.50533958423,13.5130545531094,92.99,14.01869588070975,13.99333427604422,2.568594629777232,88.97184610589743,0,51.9,32.0,60.05,0.0,0.0,0.0,8.619660486871126,7.476603354349597,8.235698345418902,7.932993981211217,7.8356525146439395,7.179368228206558,0.02536160466553028,-0.4406228215978789,0.0,1.4629845967686022,0.2,0.2,13.49139371358441,14.040909289964551,0.03979363204139297,92.986,37.0,45.8,64.946
Мурманская область,2016,5457.118433866277,1920.302083501685,3536.816350364592,1542.254969459018,2479.704836276336,1527.236785317979,5079.07131982361,13.49959223498042,93.0,14.03814027051627,14.01869588070975,1.963466320312546,88.97184610589743,0,51.9,32.0,60.05,0.0,0.0,0.0,8.532883712802205,7.341000890298218,8.170982265427323,7.560237787803077,7.815894814445358,7.331215358893313,0.019444389806519524,-0.08677677406892137,0.0,1.4629845967686022,0.2,0.2,13.49139371358441,14.040909289964551,0.03979363204139297,92.986,37.0,45.8,64.946
Мурманская область,2017,6989.084930874496,3162.944495708189,3826.140435166306,1461.883861184916,2450.110111014184,845.9393632862254,5288.024296351222,13.48619783078135,93.0,14.06543757988433,14.03814027051627,2.767329424618259,88.97184610589743,0,39.7,42.0,60.05,0.0,0.0,0.0,8.573199976141092,7.2874811988403225,8.249611854806522,8.059258675161859,7.80388824579995,6.7404476824349056,0.02729730936806085,0.04031626333888738,0.0,1.4629845967686022,0.2,0.2,13.49139371358441,14.040909289964551,0.03979363204139297,92.986,37.0,45.8,64.946
Мурманская область,2018,9652.451667110214,769.5931187367744,8882.85854837344,1080.174713831006,2626.81251267693,691.7462012044856,9963.033262204446,13.47207896107455,92.98,14.08553852126868,14.06543757988433,2.030432576001107,88.97184610589743,0,39.7,42.0,60.05,0.0,0.0,0.0,9.20663684861245,6.984878079100322,9.091878692785372,6.645861957961177,7.873526417773163,6.539219127079114,0.02010094138434937,0.633436872471357,0.0,1.4629845967686022,0.2,0.2,13.49139371358441,14.040909289964551,0.03979363204139297,92.986,37.0,45.8,64.946
Мурманская область,2019,9695.351885144812,50.66562470429181,9644.68626044052,3842.566080719057,3106.065216978161,4192.824013761141,13487.25234115958,13.45611334057066,92.99,14.15124623366738,14.08553852126868,6.791453336713937,88.97184610589743,0,39.7,42.0,76.37,0.0,0.0,0.0,9.509500247296568,8.253895672589291,9.174162396085048,3.925247666919831,8.041112000583547,8.341129774852098,0.06570771239869977,0.30286339868411893,0.0,1.4629845967686022,0.2,0.2,13.49139371358441,14.040909289964551,0.03979363204139297,92.986,37.0,45.8,64.946
Мурманская область,2020,5723.576079536791,23.36586913291695,5700.210210403875,9731.565384741347,4749.271256290807,5715.215836574807,15431.77559514522,13.43777685526933,93.03,14.23910878161733,14.15124623366738,9.183803633721555,88.97184610589743,0,39.7,42.0,76.37,0.7301595756066585,1.0,1.0,9.64418401295218,9.183130044536012,8.64825833216085,3.1512763735310463,8.465746465530426,8.650887342195524,0.08786254794995152,0.13468376565561258,7.301595756066584,1.4629845967686022,0.2,0.2,13.49139371358441,14.040909289964551,0.03979363204139297,92.986,37.0,45.8,64.946
Мурманская область,2021,2937.958932183185,22.24067699240824,2915.718255190776,10243.30720621569,4179.519899228026,9064.614157502534,13159.02546140647,13.41788414683835,93.07,14.31443619693641,14.23910878161733,7.82371244491471,88.97184610589743,0,39.7,42.0,76.37,0.7328250211619437,1.0,0.0,9.484863149052629,9.234379815807124,7.97787146815556,3.1019229092252107,8.33795166227826,9.112133558301009,0.07532741531907838,-0.15932086389955202,7.328250211619437,1.4629845967686022,0.2,0.2,13.49139371358441,14.040909289964551,0.03979363204139297,92.986,37.0,45.8,64.946
Ненецкий автономный округ,2012,,0.0,0.0,1784.007993403555,10721.31826610115,5901.788314426154,1784.007993403555,10.65036505551704,69.46,16.05787091334317,16.11204335848599,-5.273125947687651,66.12571031539244,0,56.1,36.0,57.05,0.0,0.0,0.0,7.486617793737291,7.486617793737291,,,9.279989399648347,8.683010688107057,-0.0541724451428216,,0.0,2.8070767836081694,0.4,0.3,10.645855089516278,16.134450599373572,-0.0007417630986772394,72.111,38.55,50.45,61.279999999999994
Ненецкий автономный округ,2013,,0.0,0.0,1388.904218249262,65755.13787121965,9649.648454444683,1388.904218249262,10.65124128258694,70.33,16.05097661394771,16.05787091334317,-0.6870588235294073,66.12571031539244,0,56.1,36.0,57.05,0.0,0.0,0.0,7.236270383032733,7.236270383032733,,,11.093693089515098,9.174676764078233,-0.006894299395458603,-0.250347410704558,0.0,2.8070767836081694,0.4,0.3,10.645855089516278,16.134450599373572,-0.0007417630986772394,72.111,38.55,50.45,61.279999999999994
Ненецкий автономный округ,2014,,0.0,0.0,2798.906946475464,80030.94199130524,2300.600591339959,2798.906946475464,10.65140696894305,71.21,16.08617807142889,16.05097661394771,3.582836315440674,66.12571031539244,0,56.1,36.0,57.05,0.0,0.0,0.0,7.936984243687885,7.936984243687885,,,11.290168613769207,7.7409254944991535,0.03520145748117898,0.700713860655152,0.0,2.8070767836081694,0.4,0.3,10.645855089516278,16.134450599373572,-0.0007417630986772394,72.111,38.55,50.45,61.279999999999994
Ненецкий автономный округ,2015,919.4510135072675,0.0,919.4510135072675,4919.126669192266,4780.998707470417,12555.38185104907,5838.577682699533,10.65464417359897,71.99,16.17186707596737,16.08617807142889,8.946745617966979,66.12571031539244,0,56.1,36.0,57.05,0.0,0.0,1.0,8.672242498676813,8.500886287468518,6.8237767674835705,,8.472404738278946,9.437904685390357,0.08568900453848016,0.7352582549889277,0.0,2.8070767836081694,0.4,0.3,10.645855089516278,16.134450599373572,-0.0007417630986772394,72.111,38.55,50.45,61.279999999999994
Ненецкий автономный округ,2016,10318.37122198821,0.0,10318.37122198821,7106.340628094229,4593.278554551111,17933.09571715926,17424.71185008244,10.65492722584759,72.27,16.2540852452305,16.17186707596737,8.569264875828342,66.12571031539244,0,56.1,36.0,57.05,0.0,0.0,0.0,9.765644698911359,8.868742710711347,9.241681199252787,,8.432349330113865,9.794403207421453,0.08221816926312897,1.0934022002345465,0.0,2.8070767836081694,0.4,0.3,10.645855089516278,16.134450599373572,-0.0007417630986772394,72.111,38.55,50.45,61.279999999999994
Ненецкий автономный округ,2017,3399.749924858461,0.0,3399.749924858461,10901.5329950242,4721.27138387953,20541.93916865118,14301.28291988266,10.64958290741417,72.4,16.24330018173404,16.2540852452305,-1.07271132187311,66.12571031539244,0,44.8,41.1,57.05,0.0,0.0,0.0,9.568104526900987,9.29665870007345,8.13145715638699,,8.459833403299868,9.930223888405582,-0.010785063496459912,-0.19754017201037222,0.0,2.8070767836081694,0.4,0.3,10.645855089516278,16.134450599373572,-0.0007417630986772394,72.111,38.55,50.45,61.279999999999994
Ненецкий автономный округ,2018,2627.473314914973,0.0,2627.473314914973,4929.591195434574,4988.266807918563,30279.43120357356,7557.064510349546,10.6414885887297,72.73,16.17343295894879,16.24330018173404,-6.748237122027012,66.12571031539244,0,44.8,41.1,57.05,0.7054462150198652,1.0,1.0,8.930238101486804,8.503011341779986,7.8737779466253075,,8.514843795329005,10.318223922816616,-0.06986722278524837,-0.6378664254141828,7.054462150198652,2.8070767836081694,0.4,0.3,10.645855089516278,16.134450599373572,-0.0007417630986772394,72.111,38.55,50.45,61.279999999999994
Ненецкий автономный округ,2019,8565.352905504278,0.0,8565.352905504278,15378.42273457374,5846.931734233342,60912.68325674273,23943.77564007802,10.63614386619079,73.14,16.17476966009017,16.17343295894879,0.1337594924540886,66.12571031539244,0,44.8,41.1,71.15,0.7151506766989953,1.0,0.0,10.083463679294766,9.640720684782103,9.055480613120633,,8.673672312758333,11.01719669567164,0.001336701141379848,1.1532255778079623,7.151506766989954,2.8070767836081694,0.4,0.3,10.645855089516278,16.134450599373572,-0.0007417630986772394,72.111,38.55,50.45,61.279999999999994
Ненецкий автономный округ,2020,53360.98788621441,0.0,53360.98788621441,20764.38774750802,7794.79474357295,114846.1483783286,74125.37563372243,10.63544670888146,73.58,16.0199819145591,16.17476966009017,-14.34030252747516,66.12571031539244,0,44.8,41.1,71.15,0.7151506766989953,1.0,0.0,11.213513203858485,9.940994670800311,10.884835194027845,,8.961211449339281,11.65134867144979,-0.15478774553107044,1.1300495245637183,7.151506766989954,2.8070767836081694,0.4,0.3,10.645855089516278,16.134450599373572,-0.0007417630986772394,72.111,38.55,50.45,61.279999999999994
Ненецкий автономный округ,2021,,0.0,0.0,24569.03542488071,7272.70225550682,161019.9320704198,24569.03542488071,10.63330411745308,74.0,16.10462572749922,16.0199819145591,8.832934882151623,66.12571031539244,0,44.8,41.1,71.15,0.6713292151903134,1.0,1.0,10.109242206497987,10.109242206497987,,,8.89188320098392,11.989283437983431,0.08464381294011858,-1.1042709973604978,6.7132921519031346,2.8070767836081694,0.4,0.3,10.645855089516278,16.134450599373572,-0.0007417630986772394,72.111,38.55,50.45,61.279999999999994
Нижегородская область,2012,1672.896290759825,1057.294570989313,615.6017197705122,3264.444015872986,3070.951114691645,2952.323404679913,3880.045735643498,15.00591076996193,79.07,13.1485398437871,13.10753394142775,4.185825494914397,95.14764485436845,0,58.9,44.6,63.9,0.0,0.0,0.0,8.263602220084831,8.090844741106986,6.422600195610127,6.963468632937927,8.02974260194605,7.990347734150579,0.04100590235935009,,0.0,2.7441486780386897,0.4,0.1,14.984951678226073,13.206367438444673,0.02261661197393696,79.491,51.35,51.7,67.911
Нижегородская область,2013,2435.386244293258,558.6929306597957,1876.693313633462,3066.325498903309,2862.518085238579,989.5505903781618,4943.018812536771,15.00255671140637,79.17,13.17169652963884,13.1485398437871,2.342688349800737,95.14764485436845,0,58.9,44.6,63.9,0.0,0.0,0.0,8.505731519194269,8.028235217822626,7.537266631459027,6.325600003189768,7.959456965829813,6.897250890949577,0.023156685851740022,0.24212929910943792,0.0,2.7441486780386897,0.4,0.1,14.984951678226073,13.206367438444673,0.02261661197393696,79.491,51.35,51.7,67.911
Нижегородская область,2014,4279.587274654301,906.1206546730868,3373.466619981212,3005.380130931228,2610.806378184863,1436.358035843748,6378.84675091244,14.9985497757006,79.33,13.20429092219653,13.17169652963884,3.313140845760798,95.14764485436845,0,58.9,44.6,63.9,0.0,0.0,0.0,8.760742599954698,8.00815933844687,8.123696165244912,6.809172470104604,7.867414409758256,7.269866047112961,0.032594392557689034,0.2550110807604291,0.0,2.7441486780386897,0.4,0.1,14.984951678226073,13.206367438444673,0.02261661197393696,79.491,51.35,51.7,67.911
Нижегородская область,2015,2444.423351858322,1007.843916534716,1436.579435323606,2255.335872682849,2411.680146756631,1959.743530271221,3691.915308006455,14.99433877007243,79.47,13.17287475018154,13.20429092219653,-3.092781158217817,95.14764485436845,0,58.9,44.6,63.9,0.0,0.0,0.0,8.213900656033104,7.721054186602822,7.270020174714079,6.9155685919340115,7.788078939914665,7.580568891760268,-0.03141617201498903,-0.5468419439215939,0.0,2.7441486780386897,0.4,0.1,14.984951678226073,13.206367438444673,0.02261661197393696,79.491,51.35,51.7,67.911
Нижегородская область,2016,1895.902760623263,1146.834966847585,749.0677937756781,1325.72095582954,2284.969903283738,2814.584763886444,2074.788749605218,14.9899465128077,79.51,13.20682580968781,13.17287475018154,3.453397488564924,95.14764485436845,0,58.9,44.6,63.9,0.0,0.0,0.0,7.6376146200629,7.189711708049213,6.618829491805304,7.044761224342762,7.734108131812125,7.942570021304884,0.0339510595062702,-0.5762860359702042,0.0,2.7441486780386897,0.4,0.1,14.984951678226073,13.206367438444673,0.02261661197393696,79.491,51.35,51.7,67.911
Нижегородская область,2017,2206.073273664876,1733.790293326749,472.2829803381275,2613.90578224792,2094.239494432623,1886.597582286754,3086.188762586047,14.98504128524666,79.53,13.23055279148944,13.20682580968781,2.401070616470036,95.14764485436845,0,44.5,58.1,63.9,0.0,0.0,0.0,8.034692198449102,7.868600850018104,6.157578340551155,7.458065211922357,7.646945756634861,7.542530264696197,0.02372698180163013,0.3970775783862024,0.0,2.7441486780386897,0.4,0.1,14.984951678226073,13.206367438444673,0.02261661197393696,79.491,51.35,51.7,67.911
Нижегородская область,2018,3285.713367062173,1445.365152107334,1840.34821495484,1711.964026265012,2083.756935421439,2558.505962460152,3552.312241219852,14.97890540049155,79.56,13.25747121542708,13.23055279148944,2.728399756184485,95.14764485436845,0,44.5,58.1,63.9,0.6834538869736835,1.0,1.0,8.17535400599741,7.445396543785247,7.517710079956093,7.27611726904346,7.641927762396088,7.847178758693927,0.02691842393763899,0.14066180754830704,6.834538869736835,2.7441486780386897,0.4,0.1,14.984951678226073,13.206367438444673,0.02261661197393696,79.491,51.35,51.7,67.911
Нижегородская область,2019,2750.94877861257,1530.329813699507,1220.618964913063,3537.720588504247,2547.694987743687,2846.223162458079,4758.339553417311,14.97290577356945,79.63,13.29883798618648,13.25747121542708,4.223429651735655,95.14764485436845,0,44.5,58.1,77.27,0.6847187330096777,1.0,0.0,8.46765405305328,8.17123789718171,7.1071133573590695,7.333238555665273,7.84294430298964,7.953748188245425,0.041366770759401206,0.2923000470558712,6.8471873300967765,2.7441486780386897,0.4,0.1,14.984951678226073,13.206367438444673,0.02261661197393696,79.491,51.35,51.7,67.911
Нижегородская область,2020,5641.049428379164,1294.340911819334,4346.70851655983,7823.92433959124,3716.843682123003,5588.647097269312,12170.63285615107,14.96587117081151,79.76,13.26505059442416,13.29883798618648,-3.322297245113848,95.14764485436845,0,44.5,58.1,77.27,0.686567959152529,1.0,0.0,9.406781185956673,8.964941541370253,8.37717417480909,7.165756896173381,8.220630114563043,8.628492514901705,-0.033787391762320595,0.9391271329033923,6.86567959152529,2.7441486780386897,0.4,0.1,14.984951678226073,13.206367438444673,0.02261661197393696,79.491,51.35,51.7,67.911
Нижегородская область,2021,2795.59229425472,1210.296938695227,1585.295355559493,8641.14964936262,2933.296856599245,5800.346377001867,10226.44500492211,14.95549061219253,79.88,13.33370006116712,13.26505059442416,7.106070094214179,95.14764485436845,0,44.5,58.1,77.27,0.6894080989027993,1.0,0.0,9.232732291700941,9.064290914215057,7.36852601315303,7.098621012364533,7.983882276470612,8.665672914924068,0.06864946674295958,-0.17404889425573167,6.894080989027993,2.7441486780386897,0.4,0.1,14.984951678226073,13.206367438444673,0.02261661197393696,79.491,51.35,51.7,67.911
Новгородская область,2012,2062.996613164134,1317.579612427016,745.4170007371174,21803.17127719542,5934.84577098884,3361.114987439207,22548.58827793254,13.34882142968637,70.7,13.05212347652804,12.9651957511919,9.081783837659007,95.06018883770646,0,56.6,34.6,57.91,0.7277932262419455,1.0,0.0,10.023427738888293,9.98981070962822,6.613943794320779,7.183551705479462,8.688596320352088,8.120028039409801,0.08692772533614068,,7.277932262419455,7.851502783919419,1.0,0.1,13.316641027128764,13.146522818285362,0.03242789246234708,71.64500000000001,37.35,48.25,62.331999999999994
Новгородская область,2013,2730.477277679165,944.1025187746934,1786.374758904472,7235.478424517069,5550.217135494722,375.9749284446692,9021.853183421541,13.34226969452556,70.75,13.07749696592944,13.05212347652804,2.56981363767701,95.06018883770646,0,56.6,34.6,57.91,0.716463414634145,1.0,0.0,9.10740504466164,8.886751763281136,7.48794357083839,6.850234760645826,8.621592329487738,5.929522461498274,0.025373489401399496,-0.916022694226653,7.16463414634145,7.851502783919419,1.0,0.1,13.316641027128764,13.146522818285362,0.03242789246234708,71.64500000000001,37.35,48.25,62.331999999999994
Новгородская область,2014,3093.134310266122,1333.563663803861,1759.570646462261,3726.428004678201,5028.851350957143,576.6370221405965,5485.998651140462,13.33580885404611,71.02,13.13465092072441,13.07749696592944,5.881880808054651,95.06018883770646,0,56.6,34.6,57.91,0.7295078757378463,1.0,0.0,8.60995442562447,8.223205414311746,7.472825107397628,7.195610084367622,8.522946877365083,6.357212990809739,0.057153954794969763,-0.4974506190371688,7.295078757378462,7.851502783919419,1.0,0.1,13.316641027128764,13.146522818285362,0.03242789246234708,71.64500000000001,37.35,48.25,62.331999999999994
Новгородская область,2015,1948.743363274616,1279.454573092544,669.2887901820727,3244.439626990295,4088.454339305883,1586.604589780393,3913.728417172368,13.32977584144255,71.3,13.16244542510948,13.13465092072441,2.818437533015294,95.06018883770646,0,56.6,34.6,57.91,0.7249995505002768,1.0,0.0,8.272245758009598,8.084697926087292,6.506215641396299,7.154189151329515,8.315922265459903,7.369351533704001,0.027794504385070695,-0.33770866761487284,7.249995505002768,7.851502783919419,1.0,0.1,13.316641027128764,13.146522818285362,0.03242789246234708,71.64500000000001,37.35,48.25,62.331999999999994
Новгородская область,2016,2368.988702640345,1790.990259048835,577.9984435915117,3807.078137924325,3418.48702268635,1252.046038015219,4385.076581515837,13.32416234521869,71.37,13.18393227048962,13.16244542510948,2.171934991933644,95.06018883770646,0,56.6,34.6,57.91,0.724518695415853,1.0,0.0,8.385962369081566,8.244617280974683,6.359571175920502,7.490523963212216,8.136953341145487,7.132534322561637,0.02148684538014045,0.11371661107196829,7.24518695415853,7.851502783919419,1.0,0.1,13.316641027128764,13.146522818285362,0.03242789246234708,71.64500000000001,37.35,48.25,62.331999999999994
Новгородская область,2017,5719.085075644743,2489.671752110868,3229.413323533878,4163.650784576133,3166.773965423975,3670.000457928619,7393.064108110011,13.316003964918,71.56,13.2109124050309,13.18393227048962,2.734739383352847,95.06018883770646,0,39.9,40.1,57.91,0.724518695415853,1.0,0.0,8.908297556980346,8.334147560842394,8.080055766138482,7.8199061543073825,8.060468672164577,8.207947065824799,0.026980134541279455,0.5223351878987792,7.24518695415853,7.851502783919419,1.0,0.1,13.316641027128764,13.146522818285362,0.03242789246234708,71.64500000000001,37.35,48.25,62.331999999999994
Новгородская область,2018,5585.730907092812,2531.74148961668,3053.989417476133,2643.230362869121,3031.807360940202,6423.036590258243,5697.219780345255,13.30527476021671,71.94,13.20347763910452,13.2109124050309,-0.7407196420778361,95.06018883770646,0,39.9,40.1,57.91,0.8689032648415422,1.0,1.0,8.647733576995929,7.879757070423636,8.024204020637058,7.836662680743994,8.01691420943385,8.767646273996704,-0.007434765926380038,-0.2605639799844166,8.689032648415422,7.851502783919419,1.0,0.1,13.316641027128764,13.146522818285362,0.03242789246234708,71.64500000000001,37.35,48.25,62.331999999999994
Новгородская область,2019,7063.129268132108,2865.245012877904,4197.884255254205,4745.023057102564,3811.869739955157,7271.948492502988,8942.907312356769,13.29620743486276,72.32,13.23430645623998,13.20347763910452,3.130894635548453,95.06018883770646,0,39.9,40.1,72.65,0.8655246576185911,1.0,0.0,9.098616018025085,8.46485157027407,8.342335928598432,7.960409144821382,8.245875093139661,8.891779552843092,0.030828817135459374,0.4508824410291563,8.655246576185911,7.851502783919419,1.0,0.1,13.316641027128764,13.146522818285362,0.03242789246234708,71.64500000000001,37.35,48.25,62.331999999999994
Новгородская область,2020,8780.115469080196,3007.595566784069,5772.519902296126,11500.90074364211,4856.260585980046,8534.909336806557,17273.42064593824,13.28882651826382,72.6,13.24068687250533,13.23430645623998,0.6400814481170469,95.06018883770646,0,39.9,40.1,72.65,0.8803837945113777,1.0,0.0,9.75692422019814,9.350180636818154,8.660863989000294,8.008896223498287,8.488023993980773,9.05192001265385,0.00638041626535113,0.6583082021730551,8.803837945113777,7.851502783919419,1.0,0.1,13.316641027128764,13.146522818285362,0.03242789246234708,71.64500000000001,37.35,48.25,62.331999999999994
Новгородская область,2021,8118.711074867892,2826.761856405049,5291.949218462843,10600.52376503794,4032.566363215184,6812.419195332147,15892.47298350078,13.27925942810707,72.89,13.28947467581537,13.24068687250533,4.999752110056277,95.06018883770646,0,39.9,40.1,72.65,0.888889609001988,1.0,0.0,9.67360087885636,9.268658690675467,8.573941929282313,7.946887115165822,8.302158266953887,8.826502577665506,0.048787803310039735,-0.08332334134177977,8.88889609001988,7.851502783919419,1.0,0.1,13.316641027128764,13.146522818285362,0.03242789246234708,71.64500000000001,37.35,48.25,62.331999999999994
Новосибирская область,2012,2215.780588316479,1888.47486629896,327.305722017519,6660.735110745244,3002.980606849415,1449.732433570381,6988.040832762763,14.80892231817592,77.77,13.08447315105985,13.07814900391869,0.6344186781967132,93.10494236245461,0,56.8,33.8,56.34,0.0,0.0,0.0,8.85195551450573,8.803985134432118,5.790894663839863,7.5435248332468765,8.007360610036875,7.279134289814977,0.0063241471411608075,,0.0,2.8851626163274022,0.4,0.2,14.835074168230875,13.140787756219154,0.019580606761437025,78.91,36.05,45.85,60.75600000000001
Новосибирская область,2013,1975.42417273833,932.1859425848622,1043.238230153468,5274.454586858337,2389.492231679505,566.2749989949996,6317.692817011805,14.81766811207509,78.11,13.12451752133011,13.08447315105985,4.085695627228003,93.10494236245461,0,56.8,33.8,56.34,0.0,0.0,0.0,8.751109359890663,8.570630557142309,6.950084837503844,6.8375323039975004,7.778836166989494,6.339079824158275,0.04004437027026064,-0.10084615461506807,0.0,2.8851626163274022,0.4,0.2,14.835074168230875,13.140787756219154,0.019580606761437025,78.91,36.05,45.85,60.75600000000001
Новосибирская область,2014,4254.535839130047,1100.712035947701,3153.823803182346,2649.532019091781,2246.359710492789,1731.471972673951,5803.355822274127,14.82507740232976,78.47,13.14180084366582,13.12451752133011,1.743354314148182,93.10494236245461,0,56.8,33.8,56.34,0.0,0.0,0.0,8.666191619263088,7.882138306816119,8.056370901403955,7.003712554781682,7.717066278526776,7.456727176979706,0.017283322335709173,-0.08491774062757429,0.0,2.8851626163274022,0.4,0.2,14.835074168230875,13.140787756219154,0.019580606761437025,78.91,36.05,45.85,60.75600000000001
Новосибирская область,2015,2328.111789972876,1270.909886700416,1057.20190327246,1936.635928449749,2187.892295625106,1921.002514835269,2993.837831722209,14.83129108649877,78.76,13.11538445217929,13.14180084366582,-2.607053077329213,93.10494236245461,0,56.8,33.8,56.34,0.0,0.0,1.0,8.004311399091188,7.568707689339196,6.963380983024068,7.14748836914836,7.69069393729605,7.560602471895898,-0.026416391486529633,-0.6618802201719003,0.0,2.8851626163274022,0.4,0.2,14.835074168230875,13.140787756219154,0.019580606761437025,78.91,36.05,45.85,60.75600000000001
Новосибирская область,2016,2116.494975908867,1622.680622281712,493.8143536271546,1749.476519130194,2146.789888614367,753.8212474934121,2243.290872757349,14.83775391016768,78.99,13.11986156854871,13.11538445217929,0.4487153628648821,93.10494236245461,0,56.8,33.8,56.34,0.0,0.0,0.0,7.715699206343104,7.467071890243078,6.202159644182333,7.391834765822443,7.671728930311317,6.625155267611974,0.004477116369420386,-0.2886121927480838,0.0,2.8851626163274022,0.4,0.2,14.835074168230875,13.140787756219154,0.019580606761437025,78.91,36.05,45.85,60.75600000000001
Новосибирская область,2017,2784.605309482387,2396.460073263675,388.1452362187126,2225.523299228931,2041.024851911352,604.8424186517892,2613.668535447644,14.84308753363823,79.17,13.15278665719526,13.11986156854871,3.347311747146908,93.10494236245461,0,34.9,38.3,56.34,0.0,0.0,0.0,7.868510082566119,7.70774735761204,5.9613795897342845,7.781747958024294,7.621207339076405,6.4049679590655675,0.032925088646550194,0.1528108762230147,0.0,2.8851626163274022,0.4,0.2,14.835074168230875,13.140787756219154,0.019580606761437025,78.91,36.05,45.85,60.75600000000001
Новосибирская область,2018,4429.394191348948,2328.666799186624,2100.727392162324,2056.461301820787,2051.316646767015,1605.748796349786,4157.188693983111,14.8461187718391,79.3,13.18512256283167,13.15278665719526,3.286439201218784,93.10494236245461,0,34.9,38.3,56.34,0.7054462150198652,1.0,1.0,8.332594330087531,7.628741969998065,7.650038940956928,7.753051193606749,7.626237132683074,7.3813454665500675,0.03233590563641009,0.464084247521412,7.054462150198652,2.8851626163274022,0.4,0.2,14.835074168230875,13.140787756219154,0.019580606761437025,78.91,36.05,45.85,60.75600000000001
Новосибирская область,2019,3748.854552699601,2362.906335046295,1385.948217653304,4001.280548491751,2655.593240419502,3031.837364785782,5387.228766145055,14.8483341220939,79.41,13.2095491435233,13.18512256283167,2.472735357171607,93.10494236245461,0,34.9,38.3,71.06,0.7224481325836793,1.0,0.0,8.591786388113569,8.294369725992011,7.234139818051407,7.767647638249072,7.884423351435642,8.016924105741083,0.02442658069162995,0.25919205802603784,7.224481325836793,2.8851626163274022,0.4,0.2,14.835074168230875,13.140787756219154,0.019580606761437025,78.91,36.05,45.85,60.75600000000001
Новосибирская область,2020,6381.163518305081,2492.078429532822,3889.085088772259,8671.659579800864,4499.317809453073,6526.435280027957,12560.74466857312,14.84755168329886,79.51,13.19623265793883,13.2095491435233,-1.322821344960357,93.10494236245461,0,34.9,38.3,71.06,0.7258391047450798,1.0,0.0,9.438331727163806,9.067815467812162,8.265929213261284,7.820872351937304,8.41168106636697,8.783616174289667,-0.013316485584470072,0.8465453390502375,7.258391047450798,2.8851626163274022,0.4,0.2,14.835074168230875,13.140787756219154,0.019580606761437025,78.91,36.05,45.85,60.75600000000001
Новосибирская область,2021,4507.566819160416,2287.889017127952,2219.677802032464,9587.700471855456,3570.498923938518,8170.99554433553,11807.37827388792,14.84493674219143,79.61,13.27395507153306,13.19623265793883,8.082259536574753,93.10494236245461,0,34.9,38.3,71.06,0.731429163978778,1.0,0.0,9.376479892497391,9.168236355168036,7.705117330113724,7.735384844823189,8.180460619613546,9.008346034082335,0.07772241359422871,-0.06185183466641497,7.31429163978778,2.8851626163274022,0.4,0.2,14.835074168230875,13.140787756219154,0.019580606761437025,78.91,36.05,45.85,60.75600000000001
Омская область,2012,3829.607505276898,2045.818868081002,1783.788637195896,7665.330775166533,3772.11467291294,921.9952142342383,9449.11941236243,14.49381614492506,71.75,12.84552569983762,12.8257222556047,2.000083327581925,85.83181391841353,0,55.7,39.6,55.55,0.6958899615299681,1.0,0.0,9.153676832268909,8.944462944343046,7.486494829212881,7.623553412817898,8.23539104438163,6.826540032907806,0.019803444232918466,,6.95889961529968,7.238630859576507,1.0,0.2,14.477233397522411,12.891849038465546,0.013851675733471857,72.69800000000001,37.95,47.2,59.077999999999996
Омская область,2013,2867.648252101263,1076.255520587954,1791.392731513309,8616.899955396224,2988.819642499953,351.8915101190184,10408.29268690953,14.49225342042887,71.95,12.89683051622863,12.84552569983762,5.264370744193414,85.83181391841353,0,55.7,39.6,55.55,0.7366771159874599,1.0,1.0,9.250358141137214,9.061480665029189,7.490748658599185,6.981243185194944,8.002633820048512,5.863322918202515,0.05130481639100992,0.0966813088683054,7.366771159874599,7.238630859576507,1.0,0.2,14.477233397522411,12.891849038465546,0.013851675733471857,72.69800000000001,37.95,47.2,59.077999999999996
Омская область,2014,4050.19634812889,1487.272603498624,2562.923744630266,5743.482520698482,3231.127964702739,411.7651970733215,8306.406265328747,14.49199467762768,72.2,12.916891886326,12.89683051622863,2.026395180355345,85.83181391841353,0,55.7,39.6,55.55,0.7416663403334749,1.0,0.0,9.024782335266234,8.65582101626203,7.848903973533737,7.3046992541361675,8.080586570333557,6.020453276872875,0.020061370097371523,-0.2255758058709798,7.4166634033347485,7.238630859576507,1.0,0.2,14.477233397522411,12.891849038465546,0.013851675733471857,72.69800000000001,37.95,47.2,59.077999999999996
Омская область,2015,3520.232162258308,1728.773230549674,1791.458931708634,3705.646580853705,2736.329607305373,1561.384464757052,5497.105512562339,14.49183756927522,72.45,12.88658978719375,12.916891886326,-2.984759292621286,85.83181391841353,0,55.7,39.6,55.55,0.7372876784748579,1.0,0.0,8.611976962248457,8.217613038254074,7.490785612512747,7.455167320661451,7.9143727419928025,7.353328184076717,-0.03030209913225157,-0.4128053730177772,7.372876784748579,7.238630859576507,1.0,0.2,14.477233397522411,12.891849038465546,0.013851675733471857,72.69800000000001,37.95,47.2,59.077999999999996
Омская область,2016,3814.193139852263,2820.27080918996,993.9223306623037,2565.433037262018,2655.183287063188,1535.614692595545,3559.355367924321,14.48912011611114,72.69,12.87419360254778,12.88658978719375,-1.231966844507537,85.83181391841353,0,55.7,39.6,55.55,0.7535824826245138,1.0,0.0,8.177334731024008,7.849882568798741,6.901659065436932,7.944588190949063,7.884268965968656,7.336686031064423,-0.012396184645968589,-0.43464223122444956,7.535824826245138,7.238630859576507,1.0,0.2,14.477233397522411,12.891849038465546,0.013851675733471857,72.69800000000001,37.95,47.2,59.077999999999996
Омская область,2017,5019.22063109483,4041.519533586387,977.7010975084453,2635.389982228724,2471.426656707479,910.7410487033104,3613.091079737169,14.48311580286109,72.88,12.89803783392616,12.87419360254778,2.41307780256399,85.83181391841353,0,38.7,36.3,55.55,0.7461137764619391,1.0,0.0,8.192318939724773,7.876786450870234,6.885203997052107,8.30437602241383,7.8125508566876185,6.814258607351007,0.023844231378379988,0.014984208700765222,7.461137764619391,7.238630859576507,1.0,0.2,14.477233397522411,12.891849038465546,0.013851675733471857,72.69800000000001,37.95,47.2,59.077999999999996
Омская область,2018,10875.94309354316,4041.271237309674,6834.671856233491,2230.705977243488,2445.981844732398,1068.596455009271,9065.37783347698,14.47448028672263,73.05,12.90667335006462,12.89803783392616,0.8672909768212111,85.83181391841353,0,38.7,36.3,55.55,0.6951226118732338,1.0,1.0,9.112217802792157,7.7100733960762815,8.829763738676156,8.304314584159686,7.802201893788008,6.974101342102176,0.00863551613845992,0.9198988630673846,6.951226118732338,7.238630859576507,1.0,0.2,14.477233397522411,12.891849038465546,0.013851675733471857,72.69800000000001,37.95,47.2,59.077999999999996
Омская область,2019,8865.33744645661,4432.912218956108,4432.425227500501,3090.543147576166,3008.460247086041,3498.664058192859,7522.968375076667,14.46449370728203,73.22,12.93154854199897,12.90667335006462,2.518716091292039,85.83181391841353,0,38.7,36.3,67.31,0.7108425400923768,1.0,0.0,8.925716069786487,8.036102130359632,8.396702168657853,8.39681203282468,8.009183681040131,8.160136476953229,0.02487519193434906,-0.1865017330056702,7.1084254009237675,7.238630859576507,1.0,0.2,14.477233397522411,12.891849038465546,0.013851675733471857,72.69800000000001,37.95,47.2,59.077999999999996
Омская область,2020,9194.349207475765,4706.120868537388,4488.228338938375,6984.518090268519,4582.288136509744,6316.166642023632,11472.74642920689,14.4525407234168,73.34,12.93647691092724,12.93154854199897,0.4940533313730455,85.83181391841353,0,38.7,36.3,67.31,0.7076931271264542,1.0,0.0,9.347729626030182,8.851451277223457,8.409213323568373,8.456619252879578,8.429953745477533,8.750867759135083,0.004928368928270643,0.4220135562436944,7.076931271264542,7.238630859576507,1.0,0.2,14.477233397522411,12.891849038465546,0.013851675733471857,72.69800000000001,37.95,47.2,59.077999999999996
Омская область,2021,6529.780216126707,4362.587300089231,2167.192916037477,8543.372595043415,3458.44084184527,6639.855299244114,10710.56551108089,14.43868152657361,73.45,12.96423901293942,12.93647691092724,2.815106025636638,85.83181391841353,0,38.7,36.3,67.31,0.7137552250722285,1.0,0.0,9.278985964202889,9.052911126275633,7.681188022048985,8.380820577792228,8.148573142746237,8.800845449950511,0.027762102012179213,-0.06874366182729297,7.137552250722285,7.238630859576507,1.0,0.2,14.477233397522411,12.891849038465546,0.013851675733471857,72.69800000000001,37.95,47.2,59.077999999999996
Оренбургская область,2012,1842.524300620377,796.0611376026844,1046.463163017693,3996.949450506372,3406.900798211811,2412.932147918491,5043.412613524065,14.51356965528523,59.79,13.41907427044947,13.38723951755741,3.234689886996445,75.8767376585608,0,51.2,34.9,56.89,0.0,0.0,0.0,8.525838237790618,8.2932867117728,6.9531713410923075,6.679675988928474,8.133558300187397,7.788597945842393,0.031834752892059726,,0.0,1.3925682445400103,0.2,0.1,14.479405621805432,13.445290379354741,0.014717893964836115,59.587,37.9,46.45,61.714
Оренбургская область,2013,2060.476664242007,459.3368977268439,1601.139766515163,4183.004721190396,3159.339608701147,533.7933109826408,5784.144487705558,14.50637062507305,59.75,13.44803479244316,13.41907427044947,2.938395564667484,75.8767376585608,0,51.2,34.9,56.89,0.0,0.0,0.0,8.662875744111922,8.338785100102903,7.378471008696118,6.129783922803203,8.05811830015239,6.280008705948937,0.02896052199369059,0.1370375063213043,0.0,1.3925682445400103,0.2,0.1,14.479405621805432,13.445290379354741,0.014717893964836115,59.587,37.9,46.45,61.714
Оренбургская область,2014,2670.528793098975,996.5088573599376,1674.019935739037,3025.078110547386,3883.768742341309,1706.349276638372,4699.098046286423,14.499120402377,59.7,13.44826040020225,13.44803479244316,0.02256332104335623,75.8767376585608,0,51.2,34.9,56.89,0.0,0.0,0.0,8.455125864236578,8.014692191800126,7.422983160022139,6.904258028082928,8.264561286531805,7.442111441351042,0.00022560775908964104,-0.20774987987534388,0.0,1.3925682445400103,0.2,0.1,14.479405621805432,13.445290379354741,0.014717893964836115,59.587,37.9,46.45,61.714
Оренбургская область,2015,1843.251053171515,820.3054940462218,1022.945559125293,2756.267323079961,3647.064086226059,2941.596151155032,3779.212882205254,14.49213803652693,59.58,13.41546189604047,13.44826040020225,-3.226646577526182,75.8767376585608,0,51.2,34.9,56.89,0.0,0.0,0.0,8.237271034709462,7.921632624193078,6.930441547649236,6.7096768245923,8.201677762967439,7.986707621567329,-0.03279850416177865,-0.21785482952711632,0.0,1.3925682445400103,0.2,0.1,14.479405621805432,13.445290379354741,0.014717893964836115,59.587,37.9,46.45,61.714
Оренбургская область,2016,2487.19942857468,1918.585154525305,568.6142740493754,2674.156606305554,2859.471759929185,1743.809987051774,3242.770880354929,14.4857483101155,59.47,13.41281087779975,13.41546189604047,-0.2647507394989201,75.8767376585608,0,51.2,34.9,56.89,0.0,0.0,0.0,8.084183453288766,7.891389322254187,6.34320230275227,7.5593432946937975,7.958392187429418,7.463827646154614,-0.0026510182407211147,-0.15308758142069578,0.0,1.3925682445400103,0.2,0.1,14.479405621805432,13.445290379354741,0.014717893964836115,59.587,37.9,46.45,61.714
Оренбургская область,2017,3208.892420781987,2801.263166180906,407.6292546010807,2519.345758867904,2761.449962945605,1383.986742146169,2926.975013468985,14.47801294680951,59.39,13.43838615923407,13.41281087779975,2.590513497350022,75.8767376585608,0,41.7,40.9,56.89,0.0,0.0,0.0,7.981724750088652,7.83175452730163,6.0103580715921625,7.937825725213295,7.923511169657113,7.232723556757577,0.025575281434321084,-0.10245870320011363,0.0,1.3925682445400103,0.2,0.1,14.479405621805432,13.445290379354741,0.014717893964836115,59.587,37.9,46.45,61.714
Оренбургская область,2018,4102.471699329179,2411.207249302841,1691.264450026338,2176.750345520457,2689.091927697662,1599.419114583058,3868.014795546795,14.46792532332495,59.37,13.47511571366505,13.43838615923407,3.741241930410388,75.8767376585608,0,41.7,40.9,56.89,0.0,0.0,0.0,8.26049668168138,7.685588376440977,7.43323172344042,7.78788283438017,7.896958842258583,7.377395788922448,0.036729554430978695,0.2787719315927273,0.0,1.3925682445400103,0.2,0.1,14.479405621805432,13.445290379354741,0.014717893964836115,59.587,37.9,46.45,61.714
Оренбургская область,2019,4682.850137954702,2730.156226440929,1952.693911513772,3557.48850588096,3289.283269131985,3344.617501070469,5510.182417394732,14.4595441720659,59.49,13.50525835670561,13.47511571366505,3.060153160524459,75.8767376585608,0,41.7,40.9,72.97,0.0,0.0,0.0,8.614353008204164,8.176810099004737,7.576965191258169,7.912114112344209,8.098424968698707,8.115107616568167,0.030142643040560912,0.3538563265227843,0.0,1.3925682445400103,0.2,0.1,14.479405621805432,13.445290379354741,0.014717893964836115,59.587,37.9,46.45,61.714
Оренбургская область,2020,8973.569074929375,2889.069957413737,6084.499117515639,6419.563415117314,5076.43773975073,5499.162771432273,12504.06253263295,14.45149038346783,59.63,13.50326180945019,13.50525835670561,-0.1994555480731131,75.8767376585608,0,41.7,40.9,72.97,0.695652979405965,1.0,1.0,9.433808873099121,8.76710539049583,8.713499687738738,7.968689915269537,8.532365062261603,8.612351136257457,-0.001996547255419756,0.819455864894957,6.956529794059651,1.3925682445400103,0.2,0.1,14.479405621805432,13.445290379354741,0.014717893964836115,59.587,37.9,46.45,61.714
Оренбургская область,2021,4730.808970269557,2691.901837008654,2038.907133260903,7956.876811453742,3781.627452481785,5170.115120428027,9995.783944714645,14.44013636300843,59.7,13.53441845720577,13.50326180945019,3.164709643184338,75.8767376585608,0,41.7,40.9,72.97,0.6969152651340453,1.0,0.0,9.209918677547048,8.981791841474825,7.62016922429982,7.898003225392727,8.237909738941196,8.550650234261925,0.031156647755580025,-0.22389019555207312,6.969152651340453,1.3925682445400103,0.2,0.1,14.479405621805432,13.445290379354741,0.014717893964836115,59.587,37.9,46.45,61.714
Орловская область,2012,9503.956096887781,9503.956096887781,0.0,10550.6140755054,3959.109440127468,1647.004285760461,10550.6140755054,13.56451265101378,65.78,12.90409167599945,12.85911925529157,4.599901159861397,96.04297520231538,0,64.7,39.0,52.84,0.0,0.0,0.0,9.26393934341934,9.26393934341934,,9.159463422156549,8.283774390100536,7.40671333233604,0.04497242070787877,,0.0,3.830051924606397,0.6,0.2,13.52696250430007,12.959555213680265,0.02072357290982385,66.462,43.45,59.15,60.019000000000005
Орловская область,2013,10527.34524737344,8891.193290123636,1636.151957249803,11439.3612487506,3772.640520414478,264.5116877336259,13075.5132060004,13.55674112434286,65.87,12.9297031207987,12.90409167599945,2.594223582611965,96.04297520231538,0,64.7,39.0,52.84,0.0,0.0,0.0,9.478496539099758,9.34481542847554,7.400102396253821,9.092816547860494,8.235530438567105,5.577885438350923,0.02561144479925126,0.21455719568041864,0.0,3.830051924606397,0.6,0.2,13.52696250430007,12.959555213680265,0.02072357290982385,66.462,43.45,59.15,60.019000000000005
Орловская область,2014,9777.257299857289,6869.428569267095,2907.828730590194,10395.03472824282,3102.108675503016,515.5688445107826,13302.86345883301,13.54936686042877,66.12,12.95098028988178,12.9297031207987,2.150514204734533,96.04297520231538,0,64.7,39.0,52.84,0.0,0.0,0.0,9.495734588693248,9.249083541146833,7.975161940973376,8.83483620406656,8.039837377134095,6.245270843542628,0.021277169083079528,0.01723804959348918,0.0,3.830051924606397,0.6,0.2,13.52696250430007,12.959555213680265,0.02072357290982385,66.462,43.45,59.15,60.019000000000005
Орловская область,2015,7382.206725768702,6150.937832595774,1231.268893172929,7526.767720092478,4353.507957629554,1462.749736881573,8758.036613265407,13.54216259290097,66.45,12.9819010840269,12.95098028988178,3.140380743085158,96.04297520231538,0,64.7,39.0,52.84,0.5077817863426066,1.0,1.0,9.077727027903576,8.926220974998445,7.115800537077548,8.724359842279675,8.378737226136428,7.288073324789043,0.0309207941451195,-0.41800756078967183,5.077817863426066,3.830051924606397,0.6,0.2,13.52696250430007,12.959555213680265,0.02072357290982385,66.462,43.45,59.15,60.019000000000005
Орловская область,2016,6832.125798711575,5725.560961298902,1106.564837412674,4700.294348940964,4248.264209136538,1477.518780298954,5806.859186353638,13.53480012704639,66.66,12.96803991342985,12.9819010840269,-1.376554690055043,96.04297520231538,0,64.7,39.0,52.84,0.5136724344452257,1.0,0.0,8.666795116129123,8.455380413171381,7.009015754622704,8.65269580812863,8.354265757112097,7.298119460061707,-0.013861170597049721,-0.410931911774453,5.136724344452257,3.830051924606397,0.6,0.2,13.52696250430007,12.959555213680265,0.02072357290982385,66.462,43.45,59.15,60.019000000000005
Орловская область,2017,8795.874212264278,7869.27776010475,926.5964521595291,4255.184786019248,4213.957119493475,994.4432339901259,5181.781238178777,13.5260094988255,66.75,12.96273161727124,12.96803991342985,-0.5294232051047731,96.04297520231538,0,53.6,47.9,52.84,0.0,0.0,0.0,8.552904144518632,8.355893468036129,6.831518144094934,8.970721565930164,8.346157418587035,6.902183016715307,-0.005308296158609949,-0.11389097161049122,0.0,3.830051924606397,0.6,0.2,13.52696250430007,12.959555213680265,0.02072357290982385,66.462,43.45,59.15,60.019000000000005
Орловская область,2018,12510.89399158821,9126.573559379478,3384.32043220873,4407.205034469133,3451.813333694521,2180.094848517651,7791.525466677864,13.51519974425179,66.78,12.98448131188328,12.96273161727124,2.198794336392162,96.04297520231538,0,53.6,47.9,52.84,0.6951226118732338,1.0,1.0,8.960791943400878,8.39099598848612,8.126908406612275,9.11894560844729,8.146654975913448,7.687123663331003,0.02174969461204057,0.40788779888224624,6.951226118732338,3.830051924606397,0.6,0.2,13.52696250430007,12.959555213680265,0.02072357290982385,66.462,43.45,59.15,60.019000000000005
Орловская область,2019,11347.66594589667,8519.60663009816,2828.059315798511,4636.985200248945,3586.873674853225,3989.114642996115,7465.044516047456,13.5053647205282,66.78,13.02193150263984,12.98448131188328,3.816028581558362,96.04297520231538,0,53.6,47.9,76.77,0.7079991699320076,1.0,0.0,8.917986673257246,8.441819692721271,7.947346001265566,9.050125448581214,8.185036259419304,8.29132459127586,0.037450190756558754,-0.042805270143631446,7.079991699320076,3.830051924606397,0.6,0.2,13.52696250430007,12.959555213680265,0.02072357290982385,66.462,43.45,59.15,60.019000000000005
Орловская область,2020,13283.73100397201,9001.921042258724,4281.809961713282,7470.138485792194,4787.857319841247,6448.727563264271,11751.94844750548,13.49472385758802,66.74,13.03257236558003,13.02193150263984,1.069767826477652,96.04297520231538,0,53.6,47.9,76.77,0.6982930286636742,1.0,0.0,9.371774331144422,8.918668816883024,8.362131087434573,9.105193282681189,8.473838266701945,8.771638113314857,0.010640862940190843,0.453787657887176,6.9829302866367415,3.830051924606397,0.6,0.2,13.52696250430007,12.959555213680265,0.02072357290982385,66.462,43.45,59.15,60.019000000000005
Орловская область,2021,12468.30937589535,8368.76751385385,4099.541862041495,8333.782702021648,3797.686660582386,5289.246835214289,12433.32456406314,13.48074386607442,66.69,13.06635498438981,13.03257236558003,3.435973193758257,96.04297520231538,0,53.6,47.9,76.77,0.7071828933496493,1.0,0.0,9.428135611660316,9.028072737970966,8.318630505483423,9.03226190220549,8.24214738680568,8.573431139520249,0.03378261880977895,0.05636128051589395,7.071828933496493,3.830051924606397,0.6,0.2,13.52696250430007,12.959555213680265,0.02072357290982385,66.462,43.45,59.15,60.019000000000005
Пензенская область,2012,8771.52579438049,7526.230112859947,1245.295681520546,11122.69180742733,3940.376996686067,2673.446335536464,12367.98748894788,14.13071246216547,67.63,12.66598317234948,12.59452962949288,7.406825139945217,86.8020996304275,0,64.9,56.3,64.27,0.7559518927334483,1.0,0.0,9.422866759260382,9.316742607523846,7.127128275898514,8.926149546404789,8.279031682152604,7.89112368144989,0.07145354285659877,,7.559518927334484,3.0619303429635636,0.4,0.1,14.098366359591276,12.77826841145454,0.0366029386578429,68.19500000000001,60.3,62.75,68.98299999999999
Пензенская область,2013,10775.58389373801,8007.109601146307,2768.474292591703,6955.096215921033,3453.285156777652,227.0670392428212,9723.570508512736,14.12391321861012,67.81,12.71775578154755,12.66598317234948,5.313624178970944,86.8020996304275,0,64.9,56.3,64.27,0.7507987220447274,1.0,0.0,9.18230816626978,8.847229938326704,7.9260516505387475,8.988085126145094,8.14708127630799,5.425245300941837,0.05177260919807125,-0.24055859299060245,7.507987220447275,3.0619303429635636,0.4,0.1,14.098366359591276,12.77826841145454,0.0366029386578429,68.19500000000001,60.3,62.75,68.98299999999999
Пензенская область,2014,9209.482475648605,6174.390600465804,3035.091875182799,5182.531453397989,2907.708926109404,2526.054889155814,8217.623328580788,14.11836543897548,67.97,12.75770498789952,12.71775578154755,4.075790895888254,86.8020996304275,0,64.9,56.3,64.27,0.7829908578300626,1.0,0.0,9.014036313467226,8.553048913446942,8.01799697492431,8.728165468442503,7.975120739458441,7.83441403234807,0.03994920635197019,-0.16827185280255286,7.829908578300627,3.0619303429635636,0.4,0.1,14.098366359591276,12.77826841145454,0.0366029386578429,68.19500000000001,60.3,62.75,68.98299999999999
Пензенская область,2015,7994.369119667419,5884.835356336194,2109.533763331224,3685.74326890222,2729.311307654139,1009.820662684453,5795.277032233444,14.11317588151942,68.08,12.80115325747267,12.75770498789952,4.440596534817054,86.8020996304275,0,64.9,56.3,64.27,0.7721888703553251,1.0,0.0,8.664798560020934,8.212227485479119,7.65422223680783,8.680134042469746,7.911804588095459,6.917528032370799,0.04344826957314929,-0.3492377534462925,7.721888703553251,3.0619303429635636,0.4,0.1,14.098366359591276,12.77826841145454,0.0366029386578429,68.19500000000001,60.3,62.75,68.98299999999999
Пензенская область,2016,7231.725017006597,5116.165024414419,2115.559992592178,3620.796217687024,2739.155966713343,1116.820633362955,5736.356210279202,14.10703100442429,68.13,12.7768389270831,12.80115325747267,-2.402111828435793,86.8020996304275,0,64.9,56.3,64.27,0.0,0.0,1.0,8.65457948116704,8.194449230271742,7.657074828345677,8.54016041870986,7.91540511058214,7.0182412072698845,-0.024314330389570316,-0.010219078853893393,0.0,3.0619303429635636,0.4,0.1,14.098366359591276,12.77826841145454,0.0366029386578429,68.19500000000001,60.3,62.75,68.98299999999999
Пензенская область,2017,7543.033490948605,5880.546217887985,1662.487273060618,2999.970808878059,2541.892013867978,1051.726033747987,4662.458081938677,14.09972663077288,68.18,12.80492583991703,12.7768389270831,2.848506908904813,86.8020996304275,0,60.6,64.3,64.27,0.0,0.0,0.0,8.44729807344274,8.006357837228926,7.4160701171988235,8.679404930776911,7.84066397007129,6.958187935187458,0.02808691283392939,-0.2072814077243006,0.0,3.0619303429635636,0.4,0.1,14.098366359591276,12.77826841145454,0.0366029386578429,68.19500000000001,60.3,62.75,68.98299999999999
Пензенская область,2018,12281.52116423445,5976.516713463555,6305.004450770894,2989.416942653974,2452.592144569747,1631.005826336358,9294.42139342487,14.08982011556525,68.3,12.84633102218404,12.80492583991703,4.227433107685941,86.8020996304275,0,60.6,64.3,64.27,0.0,0.0,0.0,9.137169648989888,8.002833644912416,8.749098954310094,8.695593187844462,7.8049007624237285,7.3969521748625535,0.0414051822670114,0.6898715755471478,0.0,3.0619303429635636,0.4,0.1,14.098366359591276,12.77826841145454,0.0366029386578429,68.19500000000001,60.3,62.75,68.98299999999999
Пензенская область,2019,11109.05864822875,6434.476291698557,4674.582356530194,3692.484545081655,2712.384929150474,2848.103861031971,8367.06690161185,14.07887278583905,68.47,12.88780755694506,12.84633102218404,4.234870260309331,86.8020996304275,0,60.6,64.3,79.98,0.0,0.0,0.0,9.032058672153658,8.214054828907718,8.44989510223057,8.769425732366912,7.905583574515853,7.954408739925902,0.04147653476101887,-0.1051109768362295,0.0,3.0619303429635636,0.4,0.1,14.098366359591276,12.77826841145454,0.0366029386578429,68.19500000000001,60.3,62.75,68.98299999999999
Пензенская область,2020,11856.52255932665,6745.647393736001,5110.875165590651,6931.190786047559,3622.923989143033,6578.004782314011,12042.06595163821,14.06755560816486,68.65,12.92965393965407,12.88780755694506,4.273428443077965,86.8020996304275,0,60.6,64.3,79.98,0.0,0.0,0.0,9.396161294810442,8.843786908021256,8.539125933815454,8.816652745316304,8.195036710587505,8.791486753765158,0.041846382709010754,0.36410262265678384,0.0,3.0619303429635636,0.4,0.1,14.098366359591276,12.77826841145454,0.0366029386578429,68.19500000000001,60.3,62.75,68.98299999999999
Пензенская область,2021,9581.95712754724,6311.163169030665,3270.793958516575,6601.934344011156,2780.681172421342,6455.072518557773,9872.728302527732,14.05449044987595,68.73,12.96055901607131,12.92965393965407,3.138759623387632,86.8020996304275,0,60.6,64.3,79.98,0.0,0.0,0.0,9.197531517991193,8.795117967500186,8.092788035189557,8.750075275953018,7.930451202721545,8.77262153769599,0.030905076417239385,-0.19862977681924932,0.0,3.0619303429635636,0.4,0.1,14.098366359591276,12.77826841145454,0.0366029386578429,68.19500000000001,60.3,62.75,68.98299999999999
Пермский край,2012,374.9269096568263,4.010784956835176,370.9161246999911,3420.688565801674,3394.801285342125,1041.035052697273,3791.604690501665,14.78214719559506,75.23,13.37359382692581,13.36684828352901,0.6768345817388166,87.10855422941499,0,48.1,36.3,62.94,0.0,0.0,0.0,8.240544609655256,8.137597144821203,5.915975958071966,1.3889869719961874,8.13000050671632,6.9479707401876265,0.006745543396800002,,0.0,6.647569093528406,0.9,0.3,14.771588788703472,13.398245824194627,0.008567070829177048,75.654,39.5,41.65,66.663
Пермский край,2013,1039.265064535622,6.15192281000838,1033.113141725613,2733.5113175669,2702.748732057811,562.2548955110694,3766.624459292513,14.7820749245497,75.41,13.38163426762034,13.37359382692581,0.80728518462303,87.10855422941499,0,48.1,36.3,62.94,0.7014925373134324,1.0,1.0,8.233934510471977,7.913342258647281,6.940331990445883,1.8167646849868473,7.902024583042371,6.331955297802088,0.008040440694530915,-0.006610099183278706,7.014925373134324,6.647569093528406,0.9,0.3,14.771588788703472,13.398245824194627,0.008567070829177048,75.654,39.5,41.65,66.663
Пермский край,2014,3937.080504215795,686.4807025105445,3250.599801705249,3182.585789566763,2688.653276144199,1152.007754031251,6433.185591272012,14.7814014116179,75.59,13.41477497068964,13.38163426762034,3.369597320571073,87.10855422941499,0,48.1,36.3,62.94,0.7158173794103254,1.0,0.0,8.769225120873914,8.065449286727079,8.086594812666567,6.531578114850143,7.89679570639483,7.049261572163089,0.03314070306930006,0.5352906104019368,7.158173794103254,6.647569093528406,0.9,0.3,14.771588788703472,13.398245824194627,0.008567070829177048,75.654,39.5,41.65,66.663
Пермский край,2015,2376.389665984202,1118.455361406951,1257.934304577251,2118.362816142109,2676.885909914678,1375.89873118415,3376.29712071936,14.77998479383631,75.69,13.41218356707369,13.41477497068964,-0.2588048828089051,87.10855422941499,0,48.1,36.3,62.94,0.7092386907067928,1.0,0.0,8.124534861534976,7.658398812785629,7.137226213780111,7.01970387079713,7.892409423977367,7.226862419261785,-0.0025914036159502274,-0.6446902593389385,7.092386907067928,6.647569093528406,0.9,0.3,14.771588788703472,13.398245824194627,0.008567070829177048,75.654,39.5,41.65,66.663
Пермский край,2016,1981.961229931109,1439.431832597715,542.5293973333942,1824.254351713568,2531.271884486719,1056.092105790139,2366.783749046962,14.77805757979167,75.74,13.38055399758949,13.41218356707369,-3.113458707120509,87.10855422941499,0,48.1,36.3,62.94,0.7185800175845768,1.0,0.0,7.76928724456592,7.508926608123804,6.296242272579448,7.272003754014463,7.836477176540623,6.962330681854819,-0.031629569484200815,-0.3552476169690557,7.185800175845768,6.647569093528406,0.9,0.3,14.771588788703472,13.398245824194627,0.008567070829177048,75.654,39.5,41.65,66.663
Пермский край,2017,2651.711366882701,2235.410199554349,416.3011673283519,2363.036363093772,2463.303730954015,1012.950633915056,2779.337530422124,14.77491403458577,75.78,13.40251929703598,13.38055399758949,2.220831266074308,87.10855422941499,0,35.2,42.7,62.94,0.8112673738431224,1.0,0.0,7.929967879877798,7.7677026655973975,6.031408958252612,7.712180024683496,7.809258707997877,6.920622770499571,0.021965299446490505,0.16068063531187793,8.112673738431225,6.647569093528406,0.9,0.3,14.771588788703472,13.398245824194627,0.008567070829177048,75.654,39.5,41.65,66.663
Пермский край,2018,2687.38654899527,987.0998716472495,1700.286677348021,1384.182078625606,2406.515981204765,1123.672660136401,3084.468755973627,14.76979317136422,75.8,13.41560832990671,13.40251929703598,1.31750692292496,87.10855422941499,0,35.2,42.7,62.94,0.7579794437979396,1.0,1.0,8.03413471923338,7.232864687224978,7.438552149561367,6.894771221393695,7.785935329570798,7.024357760401979,0.013089032870730932,0.10416683935558257,7.579794437979396,6.647569093528406,0.9,0.3,14.771588788703472,13.398245824194627,0.008567070829177048,75.654,39.5,41.65,66.663
Пермский край,2019,2457.168895509313,1067.424695969695,1389.744199539618,1941.152071241291,2974.914066990539,3078.30740681649,3330.896270780909,14.76407020281789,75.82,13.42731337013058,13.41560832990671,1.177381227178453,87.10855422941499,0,35.2,42.7,75.35,0.7814560374525458,1.0,0.0,8.11099669714468,7.571036926952859,7.236874980081115,6.973004200197399,7.997970432517352,8.032135181671991,0.011705040223869645,0.07686197791129956,7.814560374525458,6.647569093528406,0.9,0.3,14.771588788703472,13.398245824194627,0.008567070829177048,75.654,39.5,41.65,66.663
Пермский край,2020,7941.553704263148,1077.188167575918,6864.36553668723,5808.863463434614,4553.629652707686,3207.101824615179,12673.22900012184,14.75658404470733,75.78,13.40742833144501,13.42731337013058,-1.968863528790188,87.10855422941499,0,35.2,42.7,75.35,0.7258391047450798,1.0,0.0,9.447247094840831,8.667140213401378,8.83409889392922,6.982109376450748,8.42367991980065,8.073122949926615,-0.019885038685570677,1.3362503976961513,7.258391047450798,6.647569093528406,0.9,0.3,14.771588788703472,13.398245824194627,0.008567070829177048,75.654,39.5,41.65,66.663
Пермский край,2021,4073.888002559563,999.1854788916808,3074.702523667882,6936.488036413885,3356.776487523508,3884.514393480837,10011.19056008177,14.74686052816885,75.7,13.45251899182078,13.40742833144501,4.612269748649789,87.10855422941499,0,35.2,42.7,75.35,0.7258985086745913,1.0,1.0,9.21145880230792,8.844550878789802,8.030963435290369,6.90694042597126,8.1187364137457,8.264753259746163,0.04509066037577014,-0.23578829253291111,7.258985086745913,6.647569093528406,0.9,0.3,14.771588788703472,13.398245824194627,0.008567070829177048,75.654,39.5,41.65,66.663
Приморский край,2012,7348.478651152488,6138.438926917675,1210.039724234813,6984.391984217586,3003.17149235384,2922.496395728665,8194.4317084524,14.48120586015893,76.67,13.35479655434822,13.42366783682935,-6.655317669513916,92.51599441368536,0,48.7,33.0,57.31,0.815,1.0,0.0,9.01121014264188,8.851433221977876,7.098408467998023,8.72232574238474,8.007424173363724,7.980193460061858,-0.0688712824811315,,8.149999999999999,7.58437064059278,1.0,0.2,14.459640510954193,13.37265391260488,0.007975210240877929,77.601,36.0,43.05,59.69500000000001
Приморский край,2013,7513.927432092819,5569.653354122845,1944.274077969971,5547.421466309066,3167.42697082361,2116.631449140378,7491.695544279037,14.47713920726756,76.93,13.33251923189999,13.35479655434822,-2.203101531208806,92.51599441368536,0,48.7,33.0,57.31,0.734375,1.0,1.0,8.921550425295521,8.621088498115117,7.572643961692774,8.625088096536365,8.060674856151639,7.657581164878815,-0.022277322448228887,-0.08965971734635936,7.34375,7.58437064059278,1.0,0.2,14.459640510954193,13.37265391260488,0.007975210240877929,77.601,36.0,43.05,59.69500000000001
Приморский край,2014,7570.99028033378,4628.202424573266,2942.787855760513,3788.240374092687,3428.117967293997,1860.991376369283,6731.0282298532,14.47239979204004,77.17,13.35017487239405,13.33251923189999,1.7812422652004,92.51599441368536,0,48.7,33.0,57.31,0.733516160769371,1.0,0.0,8.814483194007742,8.23965690902253,7.987112661286142,8.439923826461031,8.139766691988454,7.528864622762241,0.0176556404940591,-0.10706723128777895,7.33516160769371,7.58437064059278,1.0,0.2,14.459640510954193,13.37265391260488,0.007975210240877929,77.601,36.0,43.05,59.69500000000001
Приморский край,2015,6436.413371253262,4243.368766750024,2193.044604503238,4354.887386264995,2989.554271238929,2196.257106656936,6547.931990768233,14.46875251114452,77.38,13.34880961146602,13.35017487239405,-0.1364329383310436,92.51599441368536,0,48.7,33.0,57.31,0.7290498273187148,1.0,0.0,8.78690455217689,8.379054030459729,7.693046087701804,8.353112753221618,8.002879582107985,7.694509875310271,-0.0013652609280292438,-0.02757864183085168,7.290498273187148,7.58437064059278,1.0,0.2,14.459640510954193,13.37265391260488,0.007975210240877929,77.601,36.0,43.05,59.69500000000001
Приморский край,2016,5008.976645797877,4037.479255261082,971.4973905367939,2694.0958773091,2264.520555764696,1743.902988257781,3665.593267845894,14.46496025959176,77.55,13.32933323607943,13.34880961146602,-1.928793614163993,92.51599441368536,0,48.7,33.0,57.31,0.7108115849620394,1.0,0.0,8.206745475121238,7.8988179455386245,6.878838582799265,8.303375829501881,7.725118340351711,7.463880976922763,-0.019476375386590306,-0.5801590770556526,7.108115849620394,7.58437064059278,1.0,0.2,14.459640510954193,13.37265391260488,0.007975210240877929,77.601,36.0,43.05,59.69500000000001
Приморский край,2017,6676.905921646649,5704.772528496332,972.1333931503164,3350.246402609831,2252.466588327088,3199.964291847403,4322.379795760147,14.45970328586017,77.7,13.35341196405161,13.32933323607943,2.437096136467809,92.51599441368536,0,37.4,39.0,57.31,0.7058821512605602,1.0,0.0,8.371561408208397,8.116789175132082,6.879493030795829,8.649058389195616,7.719781156221354,8.07089492992787,0.024078727972179692,0.16481593308715858,7.058821512605602,7.58437064059278,1.0,0.2,14.459640510954193,13.37265391260488,0.007975210240877929,77.601,36.0,43.05,59.69500000000001
Приморский край,2018,10118.94782447718,5233.309914541667,4885.637909935511,3448.517145107094,2297.892581937929,2985.646795737726,8334.155055042605,14.45333528533544,77.89,13.37761988270467,13.35341196405161,2.450330909552112,92.51599441368536,0,37.4,39.0,57.31,0.7054462150198652,1.0,0.0,9.02811741692603,8.14569960461688,8.494055141403855,8.562799227729933,7.739747713163822,8.00157168434374,0.024207918653059934,0.656556008717633,7.054462150198652,7.58437064059278,1.0,0.2,14.459640510954193,13.37265391260488,0.007975210240877929,77.601,36.0,43.05,59.69500000000001
Приморский край,2019,6428.795696354906,5213.143667178995,1215.65202917591,5226.495815286311,2718.616474475196,7427.225966729466,6442.147844462221,14.44782859579481,78.1,13.43191673641473,13.37761988270467,5.579797318551649,92.51599441368536,0,37.4,39.0,65.26,0.8119256535917506,1.0,1.0,8.770617279715069,8.561496316300158,7.103035861357285,8.558938343793493,7.90787838079421,8.912907712240727,0.05429685371005988,-0.2575001372109611,8.119256535917506,7.58437064059278,1.0,0.2,14.459640510954193,13.37265391260488,0.007975210240877929,77.601,36.0,43.05,59.69500000000001
Приморский край,2020,9929.586580924786,5228.565607142015,4701.020973782771,9068.419079068333,3927.561807479047,7170.84603468259,13769.4400528511,14.44034249453874,78.24,13.42428919986075,13.43191673641473,-0.7598520717027936,92.51599441368536,0,37.4,39.0,65.26,0.819600058141995,1.0,0.0,9.53020692661492,9.112553225719251,8.455534992571883,8.561892256945386,8.275774107110735,8.87777892310161,-0.007627536553979297,0.7595896468998511,8.19600058141995,7.58437064059278,1.0,0.2,14.459640510954193,13.37265391260488,0.007975210240877929,77.601,36.0,43.05,59.69500000000001
Приморский край,2021,6476.089751940054,4917.125773684014,1558.96397825604,12230.064975901,3521.069216746114,5105.934277762492,13789.02895415704,14.43073781780997,78.38,13.50341993923813,13.42428919986075,8.234581803892493,92.51599441368536,0,37.4,39.0,65.26,0.8187639895284842,1.0,0.0,9.531628551640614,9.411652541496295,7.351776763117995,8.500479446438874,8.166519977225425,8.538158726148376,0.07913073937737991,0.0014216250256939844,8.187639895284843,7.58437064059278,1.0,0.2,14.459640510954193,13.37265391260488,0.007975210240877929,77.601,36.0,43.05,59.69500000000001
Псковская область,2012,11858.62284241816,11131.42739838537,727.1954440327814,7532.58679505715,5943.605261868624,2828.501612488118,8259.782239089931,13.40280177769523,70.15,12.71990666354748,12.70917309466648,1.07913802872226,95.01212251056963,0,52.9,36.7,59.69,0.9039140069695333,1.0,0.0,9.019153502861203,8.926993793680474,6.58919527776221,9.317527683879907,8.690071174681723,7.947502384869001,0.0107335688809993,,9.039140069695332,8.057939850703216,1.0,0.1,13.355894012261155,12.758881013677406,0.013595769047086925,70.441,40.9,47.5,64.298
Псковская область,2013,11697.89771937944,10559.05461685795,1138.843102521488,9861.615501049024,4483.130468787412,340.4601785160538,11000.45860357051,13.39245310807823,70.12,12.73524287467553,12.71990666354748,1.545441430383776,95.01212251056963,0,52.9,36.7,59.69,0.896946564885495,1.0,0.0,9.305692242145135,9.196405278095511,7.037768203758127,9.264739028333903,8.408076846740524,5.830298168724106,0.015336211128049726,0.28653873928393203,8.96946564885495,8.057939850703216,1.0,0.1,13.355894012261155,12.758881013677406,0.013595769047086925,70.441,40.9,47.5,64.298
Псковская область,2014,11526.44395109499,8443.09669466412,3083.347256430866,8222.022660178529,3354.489837822238,5201.448500651557,11305.36991660939,13.38199622263264,70.16,12.74068721829757,12.73524287467553,0.5459190993278407,95.01212251056963,0,52.9,36.7,59.69,0.9020266301353076,1.0,0.0,9.333033105681324,9.014571523496173,8.033771057427366,9.041104427246832,8.11805497758182,8.5566924235971,0.005444343622039938,0.02734086353618892,9.020266301353075,8.057939850703216,1.0,0.1,13.355894012261155,12.758881013677406,0.013595769047086925,70.441,40.9,47.5,64.298
Псковская область,2015,8475.958517403618,7414.608052723045,1061.350464680575,3991.089581595068,3217.719852444578,3043.007558429822,5052.440046275643,13.37180605505244,70.28,12.73067467856025,12.74068721829757,-0.9962581137838766,95.01212251056963,0,52.9,36.7,59.69,0.8969066604127139,1.0,0.0,8.52762658305708,8.291819550698875,6.967297399510657,8.911207394472743,8.076428267343985,8.020601633768294,-0.010012539737319415,-0.805406522624244,8.96906660412714,8.057939850703216,1.0,0.1,13.355894012261155,12.758881013677406,0.013595769047086925,70.441,40.9,47.5,64.298
Псковская область,2016,7922.827238695148,6409.207725068479,1513.619513626669,7072.569018076493,3162.669082834401,2284.455486904947,8586.188531703163,13.36251506682909,70.37,12.74694128052003,12.73067467856025,1.639962341970769,95.01212251056963,0,52.9,36.7,59.69,0.9131954390137332,1.0,0.0,9.057910206580138,8.863979061781553,7.32225909040972,8.765490942442316,8.059171596534451,7.733882975983093,0.016266601959779692,0.5302836235230579,9.131954390137333,8.057939850703216,1.0,0.1,13.355894012261155,12.758881013677406,0.013595769047086925,70.441,40.9,47.5,64.298
Псковская область,2017,8719.249478908154,7060.066963805198,1659.182515102957,6269.18763818866,2834.630367541007,2105.594788203548,7928.370153291617,13.35236813670531,70.48,12.76406382438022,12.74694128052003,1.726997487696735,95.01212251056963,0,42.1,45.1,59.69,0.9142854530612977,1.0,0.0,8.978202764285653,8.743402061945623,7.414080299270602,8.862209815400549,7.949666825841653,7.652353265920653,0.01712254386018941,-0.07970744229448457,9.142854530612977,8.057939850703216,1.0,0.1,13.355894012261155,12.758881013677406,0.013595769047086925,70.441,40.9,47.5,64.298
Псковская область,2018,12622.89898932455,7949.436389699553,4673.462599624998,4654.97466283413,2920.752565907899,5697.018016773313,9328.437262459127,13.3400858612487,70.62,12.79418601796517,12.76406382438022,3.058045658045638,95.01212251056963,0,42.1,45.1,59.69,0.6477278883364228,1.0,1.0,9.140822783827282,8.445691746696168,8.449655531942708,8.980856310757838,7.9795965901068096,8.647698161977292,0.030122193584951162,0.1626200195416292,6.477278883364228,8.057939850703216,1.0,0.1,13.355894012261155,12.758881013677406,0.013595769047086925,70.441,40.9,47.5,64.298
Псковская область,2019,12870.10614264276,9090.217724805087,3779.888417837672,6067.921030375646,3622.627276544829,9257.22774979369,9847.809448213318,13.32934502593466,70.71,12.83156878422564,12.79418601796517,3.809029074116244,95.01212251056963,0,42.1,45.1,75.05,0.6567710296215281,1.0,0.0,9.195004318389246,8.710771326272935,8.237449769087373,9.114954139008448,8.194954808579642,9.133159903745408,0.037382766260469324,0.054181534561964284,6.567710296215282,8.057939850703216,1.0,0.1,13.355894012261155,12.758881013677406,0.013595769047086925,70.441,40.9,47.5,64.298
Псковская область,2020,12121.87608364775,8315.220470112075,3806.65561353568,15064.21093184032,4715.777182132295,8134.424150388298,18870.866545376,13.31923030224031,70.71,12.81636569993569,12.83156878422564,-1.508810084248968,95.01212251056963,0,42.1,45.1,75.05,0.6594989715156921,1.0,0.0,9.845374559161744,9.620077072618159,8.244506290913074,9.025842906021408,8.458669013325702,9.003860230471343,-0.015203084289950652,0.6503702407724976,6.594989715156921,8.057939850703216,1.0,0.1,13.355894012261155,12.758881013677406,0.013595769047086925,70.441,40.9,47.5,64.298
Псковская область,2021,14492.22753010434,7794.847360950959,6697.380169153384,13006.8046826003,3941.047801438619,8740.985413224447,19704.18485175368,13.30633856619494,70.81,12.84513078513735,12.81636569993569,2.918279580627381,95.01212251056963,0,42.1,45.1,75.05,0.6666672067514912,1.0,0.0,9.888586321189258,9.473227936621349,8.809471709381642,8.961218199638955,8.279201906387778,9.075778209802577,0.028765085201660767,0.04321176202751431,6.666672067514911,8.057939850703216,1.0,0.1,13.355894012261155,12.758881013677406,0.013595769047086925,70.441,40.9,47.5,64.298
Республика Адыгея,2012,14387.20852837623,13059.55038427702,1327.65814409921,9409.987680690192,2894.100314958955,3960.727368336683,10737.6458247894,13.01118374123614,50.73,12.5943106728014,12.54801428278162,4.738479935805318,63.63961202296268,1,65.9,61.0,64.07,0.7114841343373648,1.0,0.0,9.281511147088711,9.149526923406432,7.191171875285708,9.477274975306486,7.9704295696725564,8.284182966254527,0.04629639001977992,,7.114841343373648,3.5630262896737426,0.5,0.1,13.059570643995745,12.64504410493838,0.020816969755541946,50.262,60.2,59.9,69.2
Республика Адыгея,2013,15771.60892652188,14472.08054725184,1299.528379270041,9106.091163473398,2666.168910328885,421.3092377862018,10405.61954274344,13.02162770620291,50.63,12.61050863878105,12.5943106728014,1.63298642293721,63.63961202296268,1,65.9,61.0,64.07,0.705705705705705,1.0,0.0,9.25010127984643,9.116698827207825,7.1697566924502745,9.579976592790146,7.888397855944306,6.04336709560478,0.016197965979650064,-0.031409867242281564,7.05705705705705,3.5630262896737426,0.5,0.1,13.059570643995745,12.64504410493838,0.020816969755541946,50.262,60.2,59.9,69.2
Республика Адыгея,2014,13456.01067617369,11916.64581934499,1539.364856828695,5123.870442893784,2961.898135418104,497.5384097176363,6663.235299722479,13.03281277931975,50.56,12.6366193504079,12.61050863878105,2.645458263975664,63.63961202296268,1,65.9,61.0,64.07,0.7119996867201361,1.0,0.0,8.804360426320281,8.541665378328075,7.339125179704053,9.385691510026918,7.993585603763084,6.2096727590810445,0.02611071162684908,-0.44574085352614823,7.119996867201362,3.5630262896737426,0.5,0.1,13.059570643995745,12.64504410493838,0.020816969755541946,50.262,60.2,59.9,69.2
Республика Адыгея,2015,11894.23674211315,10356.18443931221,1538.052302800947,3443.793412756533,2663.191323683739,2097.227019861512,4981.84571555748,13.04461802877948,50.56,12.63278227059735,12.6366193504079,-0.3829727626459389,63.63961202296268,1,65.9,61.0,64.07,0.7073166346344176,1.0,0.0,8.513555726967942,8.144328879066858,7.338272156510086,9.245339150611656,7.8872804284017,7.648371284394474,-0.003837079810550037,-0.2908046993523392,7.073166346344176,3.5630262896737426,0.5,0.1,13.059570643995745,12.64504410493838,0.020816969755541946,50.262,60.2,59.9,69.2
Республика Адыгея,2016,10054.73225472691,8762.459134723349,1292.273120003557,3364.432453500984,2487.093480181665,1294.512618671091,4656.705573504541,13.05529151673687,50.51,12.64093053688055,12.63278227059735,0.8181553755208348,63.63961202296268,1,65.9,61.0,64.07,0.7265201282761191,1.0,0.0,8.446063518631288,8.121014566189952,7.164158055193762,9.078231867677003,7.818870030624822,7.165889547055315,0.0081482662832002,-0.06749220833665426,7.265201282761192,3.5630262896737426,0.5,0.1,13.059570643995745,12.64504410493838,0.020816969755541946,50.262,60.2,59.9,69.2
Республика Адыгея,2017,9383.288684558049,8753.782281979971,629.5064025780765,4940.989682307772,2108.86127715397,1116.875187777524,5570.496084885848,13.06304215579268,50.31,12.65884764457332,12.64093053688055,1.807858200941426,63.63961202296268,1,53.9,59.4,64.07,0.0,0.0,0.0,8.62523939266919,8.505320930664613,6.444936024327161,9.077241146751586,7.653903401716997,7.018290054041288,0.017917107692770884,0.17917587403790236,0.0,3.5630262896737426,0.5,0.1,13.059570643995745,12.64504410493838,0.020816969755541946,50.262,60.2,59.9,69.2
Республика Адыгея,2018,11715.13927718507,9419.265830246532,2295.873446938537,8269.271231652729,2118.91960912653,2747.539533459745,10565.14467859127,13.07017705280502,50.06,12.68417993769848,12.65884764457332,2.565588230336169,63.63961202296268,1,53.9,59.4,64.07,0.0,0.0,1.0,9.2653156240966,9.020301662206444,7.738868636991144,9.150512427192004,7.658661619429957,7.918461075058605,0.0253322931251585,0.6400762314274093,0.0,3.5630262896737426,0.5,0.1,13.059570643995745,12.64504410493838,0.020816969755541946,50.262,60.2,59.9,69.2
Республика Адыгея,2019,11410.63510572978,10028.19531148072,1382.439794249064,12057.4514028707,2460.259035925811,5336.969723722487,13439.89119711976,13.08586120566651,49.95,12.71155527429744,12.68417993769848,2.775348387605336,63.63961202296268,1,53.9,59.4,81.17,0.0,0.0,0.0,9.505982518591974,9.397438121486793,7.231605183984621,9.213155935702071,7.808021922539675,8.58241330341594,0.027375336598961297,0.2406668944953747,0.0,3.5630262896737426,0.5,0.1,13.059570643995745,12.64504410493838,0.020816969755541946,50.262,60.2,59.9,69.2
Республика Адыгея,2020,13527.31655626837,10031.1438870563,3496.172669212065,18538.27426893971,3804.960898801318,9204.410218818497,22034.44693815177,13.10009118323655,49.78,12.73269244056469,12.71155527429744,2.136213846175838,63.63961202296268,1,53.9,59.4,81.17,0.0,0.0,0.0,10.000362277716793,9.827592753284781,8.159424126062639,9.213449921019098,8.244060993975262,9.127438019785973,0.02113716626725015,0.49437975912481846,0.0,3.5630262896737426,0.5,0.1,13.059570643995745,12.64504410493838,0.020816969755541946,50.262,60.2,59.9,69.2
Республика Адыгея,2021,11835.32469844301,9111.386646330238,2723.93805211277,15016.51405543834,2767.561025748912,13417.83782175013,17740.45210755111,13.11100107018153,49.53,12.75618398033704,12.73269244056469,2.376963938578047,63.63961202296268,1,53.9,59.4,81.17,0.0,0.0,0.0,9.78360274074464,9.616905811526832,7.909833925495675,9.117280190123292,7.925721715197457,9.504340281431078,0.023491539772349412,-0.21675953697215178,0.0,3.5630262896737426,0.5,0.1,13.059570643995745,12.64504410493838,0.020816969755541946,50.262,60.2,59.9,69.2
Республика Алтай,2012,49930.79695415406,49908.03762922496,22.75932492909303,17957.14351342548,6642.008451936879,2225.975814085647,17979.90283835457,12.24475475212252,29.09,12.5474386371605,12.56386436466353,-1.629156084045302,56.62635151132507,1,63.6,53.3,66.87,0.688346438911759,1.0,0.0,9.797009904137516,9.795743282070188,3.1249749484093337,10.817937343502434,8.801169674434659,7.707950666585829,-0.016425727503030174,,6.88346438911759,2.355787000566351,0.3,0.1,12.25551773039436,12.631323468657445,0.02108814976007505,30.145999999999997,51.05,54.35,67.995
Республика Алтай,2013,55882.24610130717,53762.08783737833,2120.158263928809,22441.55326056801,5579.014263083345,401.5505082971479,24561.71152449682,12.24760798555901,29.45,12.54758091270381,12.5474386371605,0.01422856649497817,56.62635151132507,1,63.6,53.3,66.87,0.0,0.0,0.0,10.108944067312532,10.018669575626534,7.659246017676285,10.892323810703681,8.626767384408552,5.995333324471418,0.00014227554330936698,0.31193416317501566,0.0,2.355787000566351,0.3,0.1,12.25551773039436,12.631323468657445,0.02108814976007505,30.145999999999997,51.05,54.35,67.995
Республика Алтай,2014,55172.16579348349,50598.14951977877,4574.016273704724,7126.484542097656,7268.042779746329,33660.68973591815,11700.50081580238,12.25081653933957,29.73,12.62503026194071,12.54758091270381,8.052750152998755,56.62635151132507,1,63.6,53.3,66.87,0.0,0.0,0.0,9.367386924639183,8.871573340219227,8.428146932448003,10.831670283851471,8.891242315539786,10.42408595879802,0.07744934923690039,-0.7415571426733489,0.0,2.355787000566351,0.3,0.1,12.25551773039436,12.631323468657445,0.02108814976007505,30.145999999999997,51.05,54.35,67.995
Республика Алтай,2015,49037.62610453233,47862.38863400419,1175.237470528137,7796.648874511044,6429.403123468801,11287.14524654145,8971.88634503918,12.25443414640805,29.99,12.6234106575349,12.62503026194071,-0.1618293554380368,56.62635151132507,1,63.6,53.3,66.87,0.0,0.0,0.0,9.101851227820136,8.961449288886696,7.069225508735423,10.776085268992645,8.768636986090764,9.33141976835351,-0.0016196044058105485,-0.26553569681904676,0.0,2.355787000566351,0.3,0.1,12.25551773039436,12.631323468657445,0.02108814976007505,30.145999999999997,51.05,54.35,67.995
Республика Алтай,2016,50249.50722210377,49050.74510402405,1198.762118079762,5652.245187682591,5819.130993610332,6175.795218666759,6851.007305762353,12.25759241427047,30.14,12.6507815947073,12.6234106575349,2.774896236002489,56.62635151132507,1,63.6,53.3,66.87,0.0,0.0,0.0,8.832150972381305,8.639808123557522,7.08904473507649,10.800610655581986,8.668906215764409,8.728392933555593,0.027370937172401355,-0.26970025543883125,0.0,2.355787000566351,0.3,0.1,12.25551773039436,12.631323468657445,0.02108814976007505,30.145999999999997,51.05,54.35,67.995
Республика Алтай,2017,54163.06807051888,53436.89890361373,726.169166905167,6693.877903202649,5701.163421262245,1323.377495406826,7420.047070107816,12.25985508941311,30.19,12.62933610014788,12.6507815947073,-2.121717499561704,56.62635151132507,1,45.1,48.8,66.87,0.0,0.0,0.0,8.911940679821603,8.808948641868243,6.587782999947724,10.886256777028505,8.648425541988612,7.187942456300248,-0.021445494559420908,0.07978970744029823,0.0,2.355787000566351,0.3,0.1,12.25551773039436,12.631323468657445,0.02108814976007505,30.145999999999997,51.05,54.35,67.995
Республика Алтай,2018,57852.8598332843,52572.69373304438,5280.166100239935,12995.17837287045,5672.965714189423,1789.844295312448,18275.34447311038,12.25970345579755,30.36,12.67158890978209,12.62933610014788,4.315816585236409,56.62635151132507,1,45.1,48.8,66.87,0.0,0.0,0.0,9.813308133858136,9.472333673250755,8.571712834584279,10.869952133380398,8.643467313625848,7.4898839091923435,0.042252809634209854,0.9013674540365333,0.0,2.355787000566351,0.3,0.1,12.25551773039436,12.631323468657445,0.02108814976007505,30.145999999999997,51.05,54.35,67.995
Республика Алтай,2019,60145.48677400352,52731.58465804715,7413.902115956368,15766.77684856598,6889.892674029981,11515.24450334674,23180.67896452235,12.26021512712621,30.68,12.71891456786758,12.67158890978209,4.846339407086764,56.62635151132507,1,45.1,48.8,70.62,0.0,0.0,0.0,10.051074407427771,9.665660274068637,8.911112181027942,10.872969884378039,8.837810786822518,9.351427045494122,0.04732565808549083,0.2377662735696351,0.0,2.355787000566351,0.3,0.1,12.25551773039436,12.631323468657445,0.02108814976007505,30.145999999999997,51.05,54.35,67.995
Республика Алтай,2020,56219.30412774761,48071.05907848827,8148.245049259334,27408.81212843393,9713.895105945803,12377.68526724239,35557.05717769326,12.26069813199407,30.87,12.73528868006615,12.71891456786758,1.650890266014615,56.62635151132507,1,45.1,48.8,70.62,0.8344680864076089,1.0,1.0,10.47889392967052,10.218619851197367,9.005557851668556,10.78043559265047,9.181312624612449,9.423650555190001,0.016374112198569435,0.4278195222427481,8.34468086407609,2.355787000566351,0.3,0.1,12.25551773039436,12.631323468657445,0.02108814976007505,30.145999999999997,51.05,54.35,67.995
Республика Алтай,2021,50126.16980130442,44436.06808357349,5690.101717730927,21688.12843868497,7044.773694780449,15742.97464441453,27378.2301564159,12.25949966191303,30.96,12.77474586226428,12.73528868006615,4.024595688609112,56.62635151132507,1,45.1,48.8,70.62,0.8329724752469827,1.0,0.0,10.217503456739156,9.984520313269273,8.646483403538962,10.701806762871955,8.860041301003553,9.664149490419069,0.03945718219813088,-0.26139047293136386,8.329724752469827,2.355787000566351,0.3,0.1,12.25551773039436,12.631323468657445,0.02108814976007505,30.145999999999997,51.05,54.35,67.995
Республика Башкортостан,2012,2123.058540197805,1758.351821645824,364.7067185519806,3484.649740232916,3185.184579294036,1021.857565977543,3849.356458784896,15.220449277807,60.83,13.05619486771116,13.01385927199097,4.324452840874349,36.05048909105547,1,79.3,70.5,75.28,0.7514788046107664,1.0,0.0,8.255661259747752,8.156122813188976,5.899093519778156,7.4721321843009685,8.066265519009658,6.929377393122998,0.04233559572018919,,7.514788046107665,7.450630017873901,1.0,0.1,15.22755518188148,13.08045975577841,0.009329076720191943,61.440999999999995,63.45,74.55,76.003
Республика Башкортостан,2013,2054.719309494893,908.5159824951431,1146.203326999751,4048.367608217946,3061.399127950952,441.0490979990782,5194.570935217696,15.22323489799572,61.05,13.07907699427102,13.05619486771116,2.314593070844206,36.05048909105547,1,79.3,70.5,75.28,0.7507987220447274,1.0,0.0,8.555369308249032,8.306069019150918,7.044210304748001,6.811812479861059,8.026627321804542,6.089156202580994,0.02288212655986044,0.2997080485012802,7.507987220447275,7.450630017873901,1.0,0.1,15.22755518188148,13.08045975577841,0.009329076720191943,61.440999999999995,63.45,74.55,76.003
Республика Башкортостан,2014,4303.493800541441,2262.286985050189,2041.206815491251,3005.413450591315,3051.01041993734,958.2281124075572,5046.620266082566,15.22662532838624,61.28,13.09450831812109,13.07907699427102,1.555100153053646,36.05048909105547,1,79.3,70.5,75.28,0.7521123451269051,1.0,0.0,8.52647404397774,8.008170425056194,7.62129648814723,7.724131520887608,8.023228099963982,6.865085862786711,0.015431323850069845,-0.028895264271293186,7.521123451269051,7.450630017873901,1.0,0.1,15.22755518188148,13.08045975577841,0.009329076720191943,61.440999999999995,63.45,74.55,76.003
Республика Башкортостан,2015,3646.66178806977,2781.133017888656,865.5287701811155,2444.000697996987,3073.823779261681,1141.303742926266,3309.529468178102,15.22889660282016,61.39,13.07509088485219,13.09450831812109,-1.923012919212608,36.05048909105547,1,79.3,70.5,75.28,0.7543347924280346,1.0,0.0,8.10456130363721,7.801391605887594,6.763340615174265,7.930613684046109,8.030677596255488,7.039926522083017,-0.019417433268900552,-0.42191274034052917,7.543347924280345,7.450630017873901,1.0,0.1,15.22755518188148,13.08045975577841,0.009329076720191943,61.440999999999995,63.45,74.55,76.003
Республика Башкортостан,2016,3975.876474932903,3339.30774884223,636.568726090674,1937.799203478074,2825.932867414105,1122.720785012462,2574.367929568748,15.23048590897669,61.43,13.0784891202067,13.07509088485219,0.3404015902302993,36.05048909105547,1,79.3,70.5,75.28,0.7667646834867485,1.0,0.0,7.853359318721411,7.569308176906374,6.456092387173567,8.113518803663574,7.94659380762406,7.0235102907096465,0.0033982353545116695,-0.2512019849157987,7.667646834867485,7.450630017873901,1.0,0.1,15.22755518188148,13.08045975577841,0.009329076720191943,61.440999999999995,63.45,74.55,76.003
Республика Башкортостан,2017,5188.736215283378,4693.488603912956,495.2476113704212,2103.409059384779,2551.005001138478,521.4747433064297,2598.6566707552,15.23155350914011,61.48,13.08240906155433,13.0784891202067,0.3927634366486689,36.05048909105547,1,69.8,56.4,75.28,0.7741933271890025,1.0,0.0,7.862749925398019,7.651314669096135,6.205057862488627,8.453931423716776,7.844242678601857,6.256660842407861,0.0039199413476289635,0.009390606676607405,7.741933271890025,7.450630017873901,1.0,0.1,15.22755518188148,13.08045975577841,0.009329076720191943,61.440999999999995,63.45,74.55,76.003
Республика Башкортостан,2018,6339.440673098902,4684.025911828082,1655.414761270821,1766.172130801787,2515.11549391346,795.3570152878214,3421.586892072608,15.23146323093757,61.56,13.11399800681624,13.08240906155433,3.209317131062206,36.05048909105547,1,69.8,56.4,75.28,0.7270415073163926,1.0,0.0,8.137859725970303,7.476569845724266,7.411806867453233,8.451913256689515,7.83007400351264,6.6787910896836955,0.031588945261910695,0.2751098005722845,7.270415073163926,7.450630017873901,1.0,0.1,15.22755518188148,13.08045975577841,0.009329076720191943,61.440999999999995,63.45,74.55,76.003
Республика Башкортостан,2019,5755.569954533005,4330.88787125244,1424.682083280564,2975.916417178935,3040.313613969801,2333.751942185628,4400.598500459499,15.23025947108907,61.68,13.13402352090532,13.11399800681624,2.022736986669504,36.05048909105547,1,69.8,56.4,77.69,0.719511351556917,1.0,1.0,8.389495833487791,7.998307309933216,7.2617039683601305,8.373527851073995,8.01971595156945,7.755232527072245,0.020025514089079266,0.2516361075174878,7.195113515569171,7.450630017873901,1.0,0.1,15.22755518188148,13.08045975577841,0.009329076720191943,61.440999999999995,63.45,74.55,76.003
Республика Башкортостан,2020,10455.50716425267,4548.402750296445,5907.104413956223,6010.652076523626,4529.91061545342,4447.160255900272,11917.75649047985,15.22758547623354,61.78,13.07694751135508,13.13402352090532,-5.547772607525038,36.05048909105547,1,69.8,56.4,77.69,0.7215694629524626,1.0,0.0,9.385784709018965,8.701288520233328,8.683911043459835,8.422531406423774,8.41845748659442,8.400021026717754,-0.05707600955024006,0.9962888755311745,7.215694629524626,7.450630017873901,1.0,0.1,15.22755518188148,13.08045975577841,0.009329076720191943,61.440999999999995,63.45,74.55,76.003
Республика Башкортостан,2021,6120.198116348471,4194.817723237524,1925.380393110946,7133.540155322964,3070.431112706184,4803.786417256392,9058.92054843391,15.2249981154287,61.93,13.10715003919289,13.07694751135508,3.066325081701704,36.05048909105547,1,69.8,56.4,77.69,0.7328250211619437,1.0,0.0,9.111505247174255,8.872562905658388,7.562878834011111,8.341605167000797,8.029573258313803,8.477159722856072,0.030202527837809967,-0.27427946184470997,7.328250211619437,7.450630017873901,1.0,0.1,15.22755518188148,13.08045975577841,0.009329076720191943,61.440999999999995,63.45,74.55,76.003
Республика Бурятия,2012,24136.64184806561,24136.64184806561,0.0,12834.49364017754,4102.77388161305,1870.274816841522,12834.49364017754,13.78637521605075,58.88,12.7825441520113,12.77741454077055,0.5142790221202009,66.05043759070661,1,56.9,49.0,66.2,0.6271600887862697,1.0,0.0,9.459891641041038,9.459891641041038,,10.09148637346118,8.319418580422218,7.533840659928759,0.005129611240748844,,6.271600887862697,6.674006840534031,1.0,0.1,13.79338927924395,12.748006162640538,0.0026454229679838902,59.162,46.15,48.7,68.456
Республика Бурятия,2013,25216.08173944866,23449.18927259961,1766.892466849056,15325.00872731696,3618.15961714122,499.4724332463848,17091.90119416601,13.78716252244879,59.07,12.78972501526244,12.7825441520113,0.7206707473895513,66.05043759070661,1,56.9,49.0,66.2,0.6233421750663124,1.0,0.0,9.74636001592378,9.637241330286596,7.476977614128914,10.062591200679748,8.19372078248934,6.21355240786973,0.007180863251141645,0.2864683748827428,6.233421750663124,6.674006840534031,1.0,0.1,13.79338927924395,12.748006162640538,0.0026454229679838902,59.162,46.15,48.7,68.456
Республика Бурятия,2014,23772.29440046427,21034.94366582955,2737.350734634726,6805.805222394912,4135.636679001959,4211.473419838799,9543.155957029638,13.79008607762402,59.22,12.76965530125223,12.78972501526244,-1.986965789171358,66.05043759070661,1,56.9,49.0,66.2,0.6223773485315888,1.0,0.0,9.163579522841573,8.82553123613751,7.91474584647732,9.953940317905017,8.327396568761602,8.345567846406711,-0.020069714010210404,-0.5827804930822076,6.2237734853158875,6.674006840534031,1.0,0.1,13.79338927924395,12.748006162640538,0.0026454229679838902,59.162,46.15,48.7,68.456
Республика Бурятия,2015,20941.04434448721,19643.0040202601,1298.04032422711,3695.339966583542,4616.249779020264,1863.063648133953,4993.380290810652,13.79383022888898,59.26,12.76190312858974,12.76965530125223,-0.7722202067747208,66.05043759070661,1,56.9,49.0,66.2,0.6229113083057274,1.0,0.0,8.51586837239306,8.214827836344362,7.168610963212231,9.885476524400554,8.437337918296805,7.529977534341111,-0.0077521726624905085,-0.6477111504485134,6.229113083057274,6.674006840534031,1.0,0.1,13.79338927924395,12.748006162640538,0.0026454229679838902,59.162,46.15,48.7,68.456
Республика Бурятия,2016,18686.66565542399,17431.2843781769,1255.381277247085,3064.329307580274,4197.781908346342,831.409252934273,4319.710584827359,13.79618807538017,59.19,12.6923365324051,12.76190312858974,-6.720198947253597,66.05043759070661,1,56.9,49.0,66.2,0.6261911581808453,1.0,0.0,8.370943684741015,8.02758400144963,7.135194611997395,9.766021823589094,8.342311547708132,6.723122156097806,-0.06956659618463945,-0.14492468765204514,6.2619115818084525,6.674006840534031,1.0,0.1,13.79338927924395,12.748006162640538,0.0026454229679838902,59.162,46.15,48.7,68.456
Республика Бурятия,2017,23700.87993435789,23128.5312574247,572.3486769331827,4748.355689341751,3874.683794312486,2585.296352688163,5320.704366274934,13.79676393290142,59.15,12.67359670425618,12.6923365324051,-1.856532929567922,66.05043759070661,1,40.5,43.3,66.2,0.7559052958380799,1.0,0.0,8.579360973247367,8.465553666432896,6.349748380722402,10.048822253746478,8.262219336990121,7.857595423577752,-0.018739828148920168,0.208417288506352,7.559052958380798,6.674006840534031,1.0,0.1,13.79338927924395,12.748006162640538,0.0026454229679838902,59.162,46.15,48.7,68.456
Республика Бурятия,2018,26767.437360555,22537.52663508264,4229.910725472369,5043.10528306067,3882.705129916102,2311.268815847537,9273.016008533039,13.7957291904421,59.18,12.71769093617594,12.67359670425618,4.508083022154974,66.05043759070661,1,40.5,43.3,66.2,0.7002463657691049,1.0,1.0,9.134863957158386,8.52577729892814,8.349936166728334,10.022937049322639,8.264287388119385,7.745551923651448,0.04409423191975925,0.555502983911019,7.002463657691049,6.674006840534031,1.0,0.1,13.79338927924395,12.748006162640538,0.0026454229679838902,59.162,46.15,48.7,68.456
Республика Бурятия,2019,25907.92865123047,23498.30125203451,2409.627399195958,11189.65559330626,4853.212037083219,9093.779549149811,13599.28299250222,13.79614321591772,59.25,12.75745870033315,12.71769093617594,4.05690886901664,66.05043759070661,1,40.5,43.3,73.72,0.6968495767047301,1.0,0.0,9.517772349194793,9.322745022754233,7.787227408389183,10.064683410371941,8.487396040411026,9.115345892739668,0.03976776415720984,0.38290839203640736,6.968495767047301,6.674006840534031,1.0,0.1,13.79338927924395,12.748006162640538,0.0026454229679838902,59.162,46.15,48.7,68.456
Республика Бурятия,2020,30204.34840602449,24372.0385666212,5832.309839403298,16888.64673999343,6714.314647805143,9735.362932928514,22720.95657939673,13.79686480123522,59.25,12.75773661534874,12.75745870033315,0.02779536375461245,66.05043759070661,1,40.5,43.3,73.72,0.6982930286636742,1.0,0.0,10.031042974915188,9.73439688462586,8.671168399746982,10.101191793782249,8.811997040875172,9.183520198357238,0.0002779150155909349,0.513270625720395,6.9829302866367415,6.674006840534031,1.0,0.1,13.79338927924395,12.748006162640538,0.0026454229679838902,59.162,46.15,48.7,68.456
Республика Бурятия,2021,25339.4325199882,22321.00764406255,3018.424875925644,19652.04839137764,5349.669884609062,8629.840927732112,22670.47326730328,13.79474953155034,59.17,12.80386877045039,12.75773661534874,4.721279632611286,66.05043759070661,1,40.5,43.3,73.72,0.7007304946876984,1.0,0.0,10.028818619653462,9.88593685570041,8.012490410043931,10.01328356081953,8.584790134174904,9.062981351431592,0.04613215510164892,-0.002224355261725819,7.007304946876984,6.674006840534031,1.0,0.1,13.79338927924395,12.748006162640538,0.0026454229679838902,59.162,46.15,48.7,68.456
Республика Дагестан,2012,22249.28750375965,22245.54449388517,3.743009874480979,8748.814215739969,2275.990285929603,1301.95594225143,8752.55722561445,14.89532595341609,45.1,12.32368052982778,12.2854304925997,3.899098682941271,3.597043936705582,1,91.1,91.4,92.84,0.7277932262419455,1.0,0.0,9.077101191009612,9.076673451967093,1.3198900670382294,10.00989702007635,7.730170527192124,7.171622983679412,0.03825003722807985,,7.277932262419455,2.734843020855516,0.5,0.3,14.933403593406263,12.396163307482151,0.01545040569252496,45.156,90.15,89.6,92.21600000000001
Республика Дагестан,2013,26469.71368789719,24783.69517507542,1686.018512821771,6027.808298906151,1572.99749424395,614.7709817874367,7713.826811727922,14.90216496867099,45.04,12.37793661393269,12.32368052982778,5.57549295964701,3.597043936705582,1,91.1,91.4,92.84,0.0,0.0,0.0,8.950769687353052,8.70413875746667,7.430125118822852,10.117941263318402,7.360738310077957,6.421249811115634,0.05425608410491023,-0.12633150365656043,0.0,2.734843020855516,0.5,0.3,14.933403593406263,12.396163307482151,0.01545040569252496,45.156,90.15,89.6,92.21600000000001
Республика Дагестан,2014,24299.35361469606,22553.936177455,1745.417437241063,3110.962266972569,3185.419275769658,1866.98345743677,4856.379704213632,14.91077491522576,45.01,12.43042176673774,12.37793661393269,5.388691469789175,3.597043936705582,1,91.1,91.4,92.84,0.0,0.0,1.0,8.488048522477666,8.042687367917804,7.464749025077533,10.023664883022112,8.066339200086388,7.532079282997256,0.05248515280505117,-0.4627211648753864,0.0,2.734843020855516,0.5,0.3,14.933403593406263,12.396163307482151,0.01545040569252496,45.156,90.15,89.6,92.21600000000001
Республика Дагестан,2015,20841.9916821556,19377.52132324734,1464.470358908256,2789.420560693873,2934.803856044347,1066.10976935998,4253.890919602129,14.92033716436722,45.05,12.40676059321677,12.43042176673774,-2.3383442745737,3.597043936705582,1,91.1,91.4,92.84,0.0,0.0,0.0,8.355589353588954,7.933589168906919,7.2892489263280735,9.871868978567774,7.984395900742597,6.971771572557611,-0.023661173520970635,-0.1324591688887118,0.0,2.734843020855516,0.5,0.3,14.933403593406263,12.396163307482151,0.01545040569252496,45.156,90.15,89.6,92.21600000000001
Республика Дагестан,2016,20392.98467757634,19844.73039872749,548.2542788488526,2575.121672515866,3184.936773831877,624.2884005375607,3123.375951364719,14.92963720747557,45.12,12.41136345527742,12.40676059321677,0.4613471501910382,3.597043936705582,1,91.1,91.4,92.84,0.0,0.0,0.0,8.046669731518667,7.8536520634439935,6.306739191825413,9.895693779774795,8.066187716579046,6.436612441945643,0.0046028620606506365,-0.30891962207028634,0.0,2.734843020855516,0.5,0.3,14.933403593406263,12.396163307482151,0.01545040569252496,45.156,90.15,89.6,92.21600000000001
Республика Дагестан,2017,23437.53578604702,21824.45234131465,1613.083444732362,3628.280140250823,3170.895645840004,902.8445897037072,5241.363584983185,14.93847523875271,45.16,12.43402409105965,12.41136345527742,2.29193384156039,3.597043936705582,1,88.1,88.9,92.84,0.0,0.0,0.0,8.564336969603968,8.196514024420171,7.385902809417229,9.990786287211504,8.061769365084823,6.805550434179746,0.022660635782228766,0.5176672380853002,0.0,2.734843020855516,0.5,0.3,14.933403593406263,12.396163307482151,0.01545040569252496,45.156,90.15,89.6,92.21600000000001
Республика Дагестан,2018,25174.08822658987,23724.61001633339,1449.47821025648,3330.178466430187,2996.381763521475,841.1211683196962,4779.656676686667,14.9468420217986,45.23,12.43560763886693,12.43402409105965,0.1584802281193065,3.597043936705582,1,88.1,88.9,92.84,0.381703470031545,1.0,1.0,8.472123997945017,8.110781175060987,7.278958915655743,10.07426818567531,8.005160760925676,6.734735726074948,0.0015835478072805387,-0.0922129716589506,3.8170347003154497,2.734843020855516,0.5,0.3,14.933403593406263,12.396163307482151,0.01545040569252496,45.156,90.15,89.6,92.21600000000001
Республика Дагестан,2019,26703.58391477366,25421.93881165233,1281.645103121333,3648.118546542976,3409.293686064546,1153.602651147816,4929.763649664309,14.95556480893289,45.3,12.43584459310411,12.43560763886693,0.02369823130490278,3.597043936705582,1,88.1,88.9,90.76,0.367088607594936,1.0,0.0,8.503046324642956,8.201966846977351,7.155899768517355,10.143367812946373,8.134260418636792,7.050645064679757,0.00023695423717917663,0.030922326697938374,3.67088607594936,2.734843020855516,0.5,0.3,14.933403593406263,12.396163307482151,0.01545040569252496,45.156,90.15,89.6,92.21600000000001
Республика Дагестан,2020,28416.88550404505,25852.1555180482,2564.729985996854,10439.16989638006,4938.394849463773,3907.509965363887,13003.89988237691,14.9638214869013,45.3,12.42056330019873,12.43584459310411,-1.51651264263627,3.597043936705582,1,88.1,88.9,90.76,0.373464373464373,1.0,0.0,9.473004582407455,9.253320346434405,7.849608483446529,10.160149262071338,8.504795628122674,8.270655612609433,-0.015281292905379829,0.9699582577644996,3.73464373464373,2.734843020855516,0.5,0.3,14.933403593406263,12.396163307482151,0.01545040569252496,45.156,90.15,89.6,92.21600000000001
Республика Дагестан,2021,24400.45864597732,22951.95348046362,1448.505165513702,9673.979167969721,4032.102230560445,2832.243650486324,11122.48433348342,14.9710921685215,45.25,12.43993454952495,12.42056330019873,1.956008936134035,3.597043936705582,1,88.1,88.9,90.76,0.8847933435227168,1.0,1.0,9.316723954136469,9.177194999976612,7.278287383315371,10.041158330840727,8.302043164231474,7.948824485889076,0.019371249326219697,-0.1562806282709861,8.847933435227167,2.734843020855516,0.5,0.3,14.933403593406263,12.396163307482151,0.01545040569252496,45.156,90.15,89.6,92.21600000000001
Республика Ингушетия,2012,32928.16468214201,28737.68008842809,4190.484593713935,29242.64524535088,5153.194943800965,2694.996097598799,33433.12983906482,12.9823354996715,41.64,11.85190527730524,11.73936415905799,11.9118272148564,0.7848507929068043,1,86.4,91.0,91.91,0.688346438911759,1.0,0.0,10.417302598695043,10.283383376439119,8.340571661053009,10.265964435721765,8.54737217874033,7.899152035326761,0.11254111824725044,,6.88346438911759,6.82859333063233,1.0,0.1,13.065479178316718,11.90951439178394,0.012066256805663932,48.587,81.7,83.9,89.288
Республика Ингушетия,2013,31219.13963337362,29143.69166117124,2075.447972202369,21153.47976566138,5879.160838892527,5606.770685941725,23228.92773786375,13.00550366535348,43.48,11.96151822285708,11.85190527730524,11.58460936709718,0.7848507929068043,1,86.4,91.0,91.91,0.6752873563218376,1.0,0.0,10.053153666191315,9.959559698868441,7.637932299581868,10.2799937587934,8.679169316233933,8.631730197470628,0.10961294555183976,-0.3641489325037277,6.752873563218376,6.82859333063233,1.0,0.1,13.065479178316718,11.90951439178394,0.012066256805663932,48.587,81.7,83.9,89.288
Республика Ингушетия,2014,30271.84070177468,27187.37371344351,3084.466988331158,20127.94942444964,12171.31078707965,7579.893319382904,23212.4164127808,13.02692458933032,45.14,11.99363806580828,11.96151822285708,3.264125266509299,0.7848507929068043,1,86.4,91.0,91.91,0.6917095402073868,1.0,0.0,10.05244260469727,9.909864646800749,8.0341341461548,10.210507942797484,9.406836886597402,8.933254404577339,0.032119842951200184,-0.0007110614940462057,6.917095402073868,6.82859333063233,1.0,0.1,13.065479178316718,11.90951439178394,0.012066256805663932,48.587,81.7,83.9,89.288
Республика Ингушетия,2015,25206.23183188681,21787.8524353577,3418.379396529096,21839.13107562716,10089.99978471646,1328.616769846073,25257.51047215626,13.04598328748336,46.8,11.95028667508619,11.99363806580828,-4.242515197568375,0.7848507929068043,1,86.4,91.0,91.91,0.6850389453545918,1.0,0.0,10.13687883491751,9.991458643152853,8.136921857085198,9.989107865732223,9.219300092011327,7.191893657344822,-0.0433513907220906,0.08443623022024127,6.850389453545917,6.82859333063233,1.0,0.1,13.065479178316718,11.90951439178394,0.012066256805663932,48.587,81.7,83.9,89.288
Республика Ингушетия,2016,28186.25160521831,24867.50033867497,3318.751266543329,24782.14719180204,11574.30063108827,1009.362329450332,28100.89845834537,13.06130466138264,48.41,11.90656582666521,11.95028667508619,-4.277887002959291,0.7848507929068043,1,86.4,91.0,91.91,0.6939321541845768,1.0,0.0,10.243556828417288,10.117878801623009,8.107343866622818,10.12131702264575,9.356542456488713,6.917074053465689,-0.04372084842098012,0.10667799349977791,6.939321541845768,6.82859333063233,1.0,0.1,13.065479178316718,11.90951439178394,0.012066256805663932,48.587,81.7,83.9,89.288
Республика Ингушетия,2017,23700.1118380137,21996.46184581503,1703.649992198673,10969.58379486923,10941.90848703268,2075.741609242229,12673.2337870679,13.07492999239364,49.74,11.92540768579171,11.90656582666521,1.902048708468485,0.7848507929068043,1,81.4,72.4,91.91,0.6792450889488415,1.0,0.0,9.447247472561864,9.3028816122459,7.440528282651768,9.99863689421647,9.300355511129894,7.63807377085635,0.018841859126499827,-0.7963093558554242,6.792450889488415,6.82859333063233,1.0,0.1,13.065479178316718,11.90951439178394,0.012066256805663932,48.587,81.7,83.9,89.288
Республика Ингушетия,2018,26145.62629372855,22622.2802899987,3523.346003729841,12525.42379187191,8610.482622070153,1958.99443481954,16048.76979560175,13.09007982640413,50.93,11.94755363652492,11.92540768579171,2.239299258855354,0.7848507929068043,1,81.4,72.4,91.91,0.636161318901842,1.0,0.0,9.683387477371422,9.435515761059047,8.167166386328736,10.026690553165691,9.060735649517513,7.580186577113318,0.02214595073321135,0.23614000480955788,6.361613189018421,6.82859333063233,1.0,0.1,13.065479178316718,11.90951439178394,0.012066256805663932,48.587,81.7,83.9,89.288
Республика Ингушетия,2019,30963.21221414842,23783.23485874997,7179.977355398438,12357.28463505914,9126.94651183697,2710.940847835608,19537.26199045758,13.10712384334481,52.14,11.94834953771257,11.94755363652492,0.07962180010476771,0.7848507929068043,1,81.4,72.4,83.17,0.6424674863266854,1.0,0.0,9.880078792465257,9.422001017156227,8.879051508193069,10.076736193741263,9.118986472067686,7.905051029945095,0.0007959011876490507,0.19669131509383497,6.424674863266854,6.82859333063233,1.0,0.1,13.065479178316718,11.90951439178394,0.012066256805663932,48.587,81.7,83.9,89.288
Республика Ингушетия,2020,29685.9511644082,24332.24535667746,5353.705807730744,21783.6038992639,9140.054909526882,6635.639589507678,27137.30970699465,13.12304314630909,53.28,11.8705548310302,11.94834953771257,-7.484566494783618,0.7848507929068043,1,81.4,72.4,83.17,0.7159541363925208,1.0,1.0,10.208664801983046,9.988912851084347,8.585544274444098,10.099557719093417,9.12042167203703,8.8002103384291,-0.07779470668237032,0.3285860095177888,7.159541363925208,6.82859333063233,1.0,0.1,13.065479178316718,11.90951439178394,0.012066256805663932,48.587,81.7,83.9,89.288
Республика Ингушетия,2021,29017.2574843694,22025.61606435829,6991.641420011109,29508.94971159718,5694.672051302255,3591.215432870161,36500.59113160829,13.1375632714942,54.31,11.86002672711463,11.8705548310302,-1.047287740959413,0.7848507929068043,1,81.4,72.4,83.17,0.720450865082288,1.0,0.0,10.505083734825968,10.29244887637163,8.852470631696931,9.999961421553186,8.647286288850443,8.186245984871654,-0.010528103915570242,0.2964189328429221,7.20450865082288,6.82859333063233,1.0,0.1,13.065479178316718,11.90951439178394,0.012066256805663932,48.587,81.7,83.9,89.288
Республика Калмыкия,2012,17019.15802845309,15861.13599499122,1158.022033461877,11662.44035498583,3627.795132387944,3419.335781115224,12820.46238844771,12.56013568140487,44.68,12.79979402148668,12.7904751554333,0.9362421877466831,30.21315445326077,1,63.2,66.1,70.3,0.0,0.0,0.0,9.458797797565866,9.364128730886215,7.054468685121077,9.671627119041899,8.196380341169824,8.137201595146092,0.009318866053378727,,0.0,1.475885844675597,0.2,0.1,12.528290997617901,12.84492623117244,0.006397844955817966,45.583,68.35,60.35,73.708
Республика Калмыкия,2013,19211.22539182418,17892.11699613951,1319.108395684662,10328.36498968042,3356.710509690642,487.366876284123,11647.47338536508,12.55115414444269,44.94,12.83444330519743,12.79979402148668,3.525656378243847,30.21315445326077,1,63.2,66.1,70.3,0.0,0.0,0.0,9.362844558679978,9.242649271723925,7.1847113295413605,9.792115503551006,8.118716758436053,6.189017178857351,0.03464928371075082,-0.09595323888588858,0.0,1.475885844675597,0.2,0.1,12.528290997617901,12.84492623117244,0.006397844955817966,45.583,68.35,60.35,73.708
Республика Калмыкия,2014,17233.81917669272,15583.74540357075,1650.073773121959,9658.763521503924,3871.952971045423,1001.089783745617,11308.83729462588,12.54432543887614,45.16,12.88720094265238,12.83444330519743,5.41741218328764,30.21315445326077,1,63.2,66.1,70.3,0.0,0.0,0.0,9.333339760521024,9.175620919169571,7.408575276878126,9.653983688709001,8.261514302415016,6.9088444693445155,0.05275763745494899,-0.02950479815895335,0.0,1.475885844675597,0.2,0.1,12.528290997617901,12.84492623117244,0.006397844955817966,45.583,68.35,60.35,73.708
Республика Калмыкия,2015,16884.09649126897,14880.63459751889,2003.461893750077,7991.972652502744,3647.087729749945,1704.663993668896,9995.43454625282,12.53812799921234,45.35,12.85153417821749,12.88720094265238,-3.503820049790851,30.21315445326077,1,63.2,66.1,70.3,0.0,0.0,0.0,9.209883722352895,8.98619289846352,7.602631910055079,9.607815955160417,8.20168424583878,7.441123299134606,-0.035666764434889586,-0.12345603816812911,0.0,1.475885844675597,0.2,0.1,12.528290997617901,12.84492623117244,0.006397844955817966,45.583,68.35,60.35,73.708
Республика Калмыкия,2016,16551.16717351483,13813.81092881637,2737.356244698457,7650.381157260301,3542.198960390015,1883.638405967691,10387.73740195876,12.53301389193407,45.47,12.83746546607898,12.85153417821749,-1.397021028037393,30.21315445326077,1,63.2,66.1,70.3,0.0,0.0,0.0,9.248381293483408,8.942510750057854,7.91474785939372,9.53342416263013,8.172502988529748,7.540960507823717,-0.014068712138509909,0.03849757113051311,0.0,1.475885844675597,0.2,0.1,12.528290997617901,12.84492623117244,0.006397844955817966,45.583,68.35,60.35,73.708
Республика Калмыкия,2017,17208.85707575831,16832.78521795032,376.0718578079892,5777.371785639121,3180.967548830794,1076.413192963209,6153.443643447111,12.52701418856768,45.58,12.85835378193912,12.83746546607898,2.110800369987498,30.21315445326077,1,57.5,70.6,70.3,0.0,0.0,0.0,8.724767146115445,8.66170414988829,5.929780236321938,9.73108376475533,8.064940690134955,6.981389675339521,0.02088831586014095,-0.5236141473679634,0.0,1.475885844675597,0.2,0.1,12.528290997617901,12.84492623117244,0.006397844955817966,45.583,68.35,60.35,73.708
Республика Калмыкия,2018,19653.53471660261,17239.23247463529,2414.302241967319,6855.611853442561,3294.004794282831,1323.69772779994,9269.91409540988,12.51762260033191,45.72,12.86874487050797,12.85835378193912,1.044526341227647,30.21315445326077,1,57.5,70.6,70.3,0.0,0.0,0.0,9.134529391570887,8.832822844532991,7.789165597617699,9.754943023193881,8.099859366195796,7.1881844081661175,0.010391088568848517,0.4097622454554415,0.0,1.475885844675597,0.2,0.1,12.528290997617901,12.84492623117244,0.006397844955817966,45.583,68.35,60.35,73.708
Республика Калмыкия,2019,22800.70454107538,17198.23141681135,5602.473124264033,12948.81452208405,3937.400836641668,4790.553709050193,18551.28764634808,12.50963790960949,45.99,12.87272153983286,12.86874487050797,0.3984586765877873,30.21315445326077,1,57.5,70.6,81.66,0.0,0.0,0.0,9.82829448052395,9.468759520241184,8.630963408566572,9.752561832910741,8.278276098471784,8.47440128060311,0.003976669324890381,0.6937650889530627,0.0,1.475885844675597,0.2,0.1,12.528290997617901,12.84492623117244,0.006397844955817966,45.583,68.35,60.35,73.708
Республика Калмыкия,2020,20557.43877657028,15444.89108826399,5112.547688306291,19310.76092910014,5540.78431303776,11391.95348044995,24423.30861740643,12.50440158837334,46.32,12.84852905037819,12.87272153983286,-2.390219686035622,30.21315445326077,1,57.5,70.6,81.66,0.7360008522115131,1.0,1.0,10.103293226505304,9.868417780606816,8.539453128093625,9.64503355374245,8.619891342471352,9.340662550115502,-0.024192489454669897,0.274998745981355,7.360008522115131,1.475885844675597,0.2,0.1,12.528290997617901,12.84492623117244,0.006397844955817966,45.583,68.35,60.35,73.708
Республика Калмыкия,2021,16406.81832616631,13948.17847949459,2458.639846671723,16377.16927027098,3983.553334703226,8722.375483989075,18835.8091169427,12.49747653342648,46.62,12.85445360499148,12.84852905037819,0.5942139497349341,30.21315445326077,1,57.5,70.6,81.66,0.7398849924640838,1.0,0.0,9.843515077363419,9.703643526249843,7.80736356815947,9.543104203777236,8.28992949763583,9.073646897692665,0.005924554613290667,-0.25977814914188535,7.398849924640838,1.475885844675597,0.2,0.1,12.528290997617901,12.84492623117244,0.006397844955817966,45.583,68.35,60.35,73.708
Республика Карелия,2012,9950.92402100315,8551.425244582773,1399.498776420377,4397.175705609851,7065.128305650333,3088.730919435181,5796.674482030228,13.35407015937903,78.42,13.4095457418571,13.38136650460191,2.858002776125312,82.18881340785018,1,50.3,32.3,55.38,0.0,0.0,0.0,8.665039666930644,8.38871772872125,7.243869434657432,9.053853243311531,8.86292645569687,8.035515579844704,0.02817923725518945,,0.0,6.592661288576157,0.9,0.2,13.27598030606928,13.484420656046058,0.025210717604336,78.965,34.8,44.95,60.678
Республика Карелия,2013,9241.178818782193,5190.641491227378,4050.537327554815,6011.022181347814,6211.324129493229,366.0543301805471,10061.55950890263,13.33878840993038,78.65,13.43180310504218,13.4095457418571,2.250690624421137,82.18881340785018,1,50.3,32.3,55.38,0.734375,1.0,1.0,9.216477452404922,8.701350093158425,8.306604824770563,8.55461256991447,8.734129377559457,5.902781765501026,0.02225736318507998,0.5514377854742776,7.34375,6.592661288576157,0.9,0.2,13.27598030606928,13.484420656046058,0.025210717604336,78.965,34.8,44.95,60.678
Республика Карелия,2014,14010.8904864643,6531.031003534025,7479.859482930276,2792.215919684684,5773.570688731826,5538.597164628774,10272.07540261496,13.32405119178925,78.87,13.44753982351639,13.43180310504218,1.586119270989106,82.18881340785018,1,50.3,32.3,55.38,0.7375687362432343,1.0,0.0,9.23718436650005,7.934590796022674,8.91996928508756,8.784320097025676,8.66104600497017,8.619496528294802,0.01573671847421032,0.020706914095129036,7.375687362432343,6.592661288576157,0.9,0.2,13.27598030606928,13.484420656046058,0.025210717604336,78.965,34.8,44.95,60.678
Республика Карелия,2015,12410.63533357626,8166.849470615502,4243.785862960761,1914.867179172943,5265.710906004834,1718.588085464892,6158.653042133704,13.30784493612893,79.01,13.46773810044624,13.44753982351639,2.040364247157744,82.18881340785018,1,50.3,32.3,55.38,0.7331456128654494,1.0,0.0,8.725613370626265,7.557403541075126,8.353211042042611,9.007838491771187,8.568971440335247,7.449258352156902,0.020198276929850323,-0.511570995873786,7.331456128654494,6.592661288576157,0.9,0.2,13.27598030606928,13.484420656046058,0.025210717604336,78.965,34.8,44.95,60.678
Республика Карелия,2016,12495.14100844088,10844.675905564,1650.465102876881,1929.210528641818,5248.090282314569,3719.155419149196,3579.675631518699,13.28959667677681,79.04,13.48698586013144,13.46773810044624,1.943419202558272,82.18881340785018,1,50.3,32.3,55.38,0.6144866505512955,1.0,0.0,8.183027469568765,7.564866145696936,7.408812407705216,9.291429538587968,8.565619533660893,8.221251883627076,0.019247759685200094,-0.5425859010574996,6.1448665055129545,6.592661288576157,0.9,0.2,13.27598030606928,13.484420656046058,0.025210717604336,78.965,34.8,44.95,60.678
Республика Карелия,2017,18803.44435971922,15456.73289788565,3346.711461833564,3228.219559035459,4952.373438939561,1951.730145415009,6574.931020869023,13.26874509973835,79.01,13.51381950884745,13.48698586013144,2.719691302462435,82.18881340785018,1,39.6,37.3,55.38,0.6144866505512955,1.0,0.0,8.791019365868351,8.079686044126184,8.11573348949806,9.645799973669549,8.507622223261732,7.576471512239555,0.026833648716008796,0.6079918962995858,6.1448665055129545,6.592661288576157,0.9,0.2,13.27598030606928,13.484420656046058,0.025210717604336,78.965,34.8,44.95,60.678
Республика Карелия,2018,28580.0507526905,18004.02284298625,10576.02790970425,7827.41985071062,5067.255393969365,972.206740951943,18403.44776041487,13.24570427283806,79.01,13.54780027578608,13.51381950884745,3.456470869023319,82.18881340785018,1,39.6,37.3,55.38,0.7872935659337715,1.0,1.0,9.820293304327375,8.965388213698839,9.26634520105397,9.79835050318486,8.53055460759417,6.879568478296371,0.03398076693863139,1.0292739384590242,7.872935659337715,6.592661288576157,0.9,0.2,13.27598030606928,13.484420656046058,0.025210717604336,78.965,34.8,44.95,60.678
Республика Карелия,2019,27274.36914328398,16957.99994493628,10316.3691983477,8862.702286297761,5860.803353736249,6973.367955401306,19179.07148464546,13.22684590774582,79.11,13.56965414985811,13.54780027578608,2.209441906216925,82.18881340785018,1,39.6,37.3,73.04,0.7814560374525458,1.0,0.0,9.861574936663171,9.089606995550026,9.241487155266189,9.738494974616884,8.676041964256205,8.84985359442213,0.0218538740720291,0.04128163233579585,7.814560374525458,6.592661288576157,0.9,0.2,13.27598030606928,13.484420656046058,0.025210717604336,78.965,34.8,44.95,60.678
Республика Карелия,2020,28341.01609110536,15439.24979986925,12901.76629123611,16914.20462442927,7890.543312085553,11606.78364051556,29815.97091566538,13.21054456989292,79.2,13.58795349037369,13.56965414985811,1.846779944075472,82.18881340785018,1,39.6,37.3,73.04,0.7948173350016319,1.0,0.0,10.302799465697973,9.735909058201427,9.465119502778078,9.644668234306957,8.973420272316465,9.35934500276373,0.01829934051558091,0.4412245290348018,7.948173350016319,6.592661288576157,0.9,0.2,13.27598030606928,13.484420656046058,0.025210717604336,78.965,34.8,44.95,60.678
Республика Карелия,2021,21762.88152513205,14358.91038582742,7403.971139304632,17446.41796991753,6144.197038538042,12633.04437538646,24850.38910922216,13.19361183647325,79.33,13.63347368064527,13.58795349037369,4.657213497627244,82.18881340785018,1,39.6,37.3,73.04,0.7950316999769332,1.0,0.0,10.120628689720984,9.766889632628768,8.909771775698843,9.572125961299028,8.723263344387826,9.444071229480123,0.04552019027157961,-0.1821707759769886,7.950316999769332,6.592661288576157,0.9,0.2,13.27598030606928,13.484420656046058,0.025210717604336,78.965,34.8,44.95,60.678
Республика Коми,2012,2287.262559965819,1708.815802449127,578.4467575166916,3954.824287460255,4354.838181672267,4122.990078613744,4533.271044976947,13.68212544035532,77.18,14.00346850722662,13.96749159774507,3.663190984633036,65.07796414152824,1,72.6,58.8,65.02,0.0,0.0,0.0,8.419199042883024,8.282691451265437,6.3603465069905925,7.443555896411041,8.379042731689784,8.324333926352741,0.03597690948154941,,0.0,4.22213048271865,0.6,0.2,13.602233948025196,13.96424227136382,0.0006625953060579448,77.464,48.3,56.7,66.946
Республика Коми,2013,3801.474500127782,758.5912366104465,3042.883263517335,3033.149199043525,3978.584199232067,1985.415164289843,6076.03246256086,13.66427362903892,77.25,13.98776353501418,14.00346850722662,-1.558229220467966,65.07796414152824,1,72.6,58.8,65.02,0.0,0.0,0.0,8.712107206453343,8.017356698382269,8.020560786859882,6.631463077132242,8.288681306155809,7.593583322028056,-0.015704972212439827,0.2929081635703188,0.0,4.22213048271865,0.6,0.2,13.602233948025196,13.96424227136382,0.0006625953060579448,77.464,48.3,56.7,66.946
Республика Коми,2014,3906.490462245962,871.33087676599,3035.159585479971,2009.926315178555,4079.437621599614,987.338720317452,5045.085900658526,13.64719485961932,77.37,13.9608904169046,13.98776353501418,-2.65152487258703,65.07796414152824,1,72.6,58.8,65.02,0.0,0.0,0.0,8.526169959532451,7.6058533412660125,8.018019283817974,6.770021786192255,8.313714420054467,6.895013162239401,-0.026873118109579153,-0.18593724692089175,0.0,4.22213048271865,0.6,0.2,13.602233948025196,13.96424227136382,0.0006625953060579448,77.464,48.3,56.7,66.946
Республика Коми,2015,1978.780646342251,369.5381858516605,1609.242460490592,1695.690596544683,3589.260859398026,1619.898700081358,3304.933057035275,13.63047652573275,77.49,13.9604625919562,13.9608904169046,-0.04277334443540948,65.07796414152824,1,72.6,58.8,65.02,0.0,0.0,0.0,8.103171497023245,7.435845368426622,7.383518825814148,5.912254079707998,8.185701571537258,7.39011889545732,-0.000427824948401323,-0.4229984625092058,0.0,4.22213048271865,0.6,0.2,13.602233948025196,13.96424227136382,0.0006625953060579448,77.464,48.3,56.7,66.946
Республика Коми,2016,1726.211914481341,903.9026281697164,822.3092863116245,1406.33127082563,3478.284609504196,2136.986128735091,2228.640557137255,13.61435841329071,77.56,13.96146706658819,13.9604625919562,0.1004979285585295,65.07796414152824,1,72.6,58.8,65.02,0.7305563512109862,1.0,1.0,7.7091470629294845,7.248739656869918,6.712116585007604,6.806721642389159,8.154294522936034,7.667151764299059,0.001004474631990604,-0.39402443409376087,7.305563512109861,4.22213048271865,0.6,0.2,13.602233948025196,13.96424227136382,0.0006625953060579448,77.464,48.3,56.7,66.946
Республика Коми,2017,1383.249229985531,456.2214154243876,927.0278145611439,2135.77238524502,3375.454835452928,2729.955514158389,3062.800199806164,13.59692286295865,77.6,13.94120074973624,13.96146706658819,-2.006233536115787,65.07796414152824,1,40.8,37.8,65.02,0.734693667638542,1.0,0.0,8.027084874475404,7.666583633187157,6.831983570036044,6.122978251809408,8.124285360286628,7.91204059286616,-0.02026631685195035,0.31793781154591993,7.34693667638542,4.22213048271865,0.6,0.2,13.602233948025196,13.96424227136382,0.0006625953060579448,77.464,48.3,56.7,66.946
Республика Коми,2018,5726.717380045145,449.335585327472,5277.381794717672,2128.186545872155,3451.69454111501,974.5531664457784,7405.568340589827,13.57656912464606,77.61,13.94846924850018,13.94120074973624,0.7294978417978992,65.07796414152824,1,40.8,37.8,65.02,0.6867476406458436,1.0,0.0,8.909987474680374,7.663025509153307,8.571185381502461,6.107770014647975,8.146620560777931,6.881979075125669,0.007268498763940201,0.8829026002049698,6.867476406458436,4.22213048271865,0.6,0.2,13.602233948025196,13.96424227136382,0.0006625953060579448,77.464,48.3,56.7,66.946
Республика Коми,2019,2616.329093229762,512.0281531311953,2104.300940098567,3401.837558439748,4247.583084333986,2681.341277275026,5506.138498538316,13.55577433716289,77.56,13.97822377735482,13.94846924850018,3.020161814185984,65.07796414152824,1,40.8,37.8,71.44,0.6982240334635172,1.0,0.0,8.613618839497764,8.132071022973863,7.651738595995686,6.238379610112167,8.354105414116164,7.89407242490342,0.029754528854640583,-0.2963686351826098,6.982240334635172,4.22213048271865,0.6,0.2,13.602233948025196,13.96424227136382,0.0006625953060579448,77.464,48.3,56.7,66.946
Республика Коми,2020,15364.24471002929,441.6208116884833,14922.62389834081,7568.26479941086,5940.607048946786,8194.42409164322,22490.88869775167,13.5370075619297,77.5,13.9329852226121,13.97822377735482,-4.4230548700252,65.07796414152824,1,40.8,37.8,71.44,0.6982240334635172,1.0,0.0,10.020865559412837,8.93171909947093,9.610633722795457,6.090451621770161,8.689566603927343,9.011209213131087,-0.04523855474272054,1.4072467199150722,6.982240334635172,4.22213048271865,0.6,0.2,13.602233948025196,13.96424227136382,0.0006625953060579448,77.464,48.3,56.7,66.946
Республика Коми,2021,3520.92363229817,419.0402683207726,3101.883363977397,8799.053324429717,4836.623026003677,7688.440251442966,11900.93668840711,13.51763672551765,77.52,13.97411755080565,13.9329852226121,4.198998107476459,65.07796414152824,1,40.8,37.8,71.44,0.6736847562962441,1.0,1.0,9.384372389313413,9.082399417910151,8.039764742764392,6.037967021081774,8.483972034289406,8.947473213766413,0.04113232819354984,-0.6364931700994241,6.736847562962441,4.22213048271865,0.6,0.2,13.602233948025196,13.96424227136382,0.0006625953060579448,77.464,48.3,56.7,66.946
Республика Марий Эл,2012,13263.14798482418,12879.20721261359,383.9407722105965,6274.308982292621,3357.867127076802,867.5327673437878,6658.249754503217,13.44750307121454,64.12,12.62290987290366,12.5263928136542,10.13283688189199,47.40038953391814,1,71.3,52.2,59.98,0.7114841343373648,1.0,0.0,8.80361192937242,8.744218635592269,5.950488301656759,9.463369445948238,8.119061267788737,6.765653283261886,0.09651705924946086,,7.114841343373648,5.626577630900743,0.8,0.1,13.439098279595418,12.678866506020535,0.01923977640964498,66.176,49.45,62.35,64.18299999999999
Республика Марий Эл,2013,15727.63569312432,13669.21437495778,2058.421318166538,6518.986071151274,2805.151703347738,275.7938263891029,8577.407389317812,13.44542031567131,64.69,12.64381438268747,12.62290987290366,2.112453957884508,47.40038953391814,1,71.3,52.2,59.98,0.69940476190476,1.0,0.0,9.056886977742556,8.782474132268057,7.629694617582452,9.522901457324556,7.939212899684279,5.619653580732681,0.020904509783809644,0.2532750483701349,6.9940476190476,5.626577630900743,0.8,0.1,13.439098279595418,12.678866506020535,0.01923977640964498,66.176,49.45,62.35,64.18299999999999
Республика Марий Эл,2014,13877.66506297797,11576.51336654379,2301.151696434182,5941.401883328589,2836.349011823825,433.7515884623724,8242.55357976277,13.44393805149174,65.17,12.70356555499102,12.64381438268747,6.157236507266761,47.40038953391814,1,71.3,52.2,59.98,0.7063488955556908,1.0,0.0,9.017065475350936,8.689700391805726,7.741165014170094,9.35673361481796,7.950272944898156,6.072471993415452,0.05975117230354954,-0.039821502391619745,7.063488955556908,5.626577630900743,0.8,0.1,13.439098279595418,12.678866506020535,0.01923977640964498,66.176,49.45,62.35,64.18299999999999
Республика Марий Эл,2015,10772.94665233574,9972.074278203736,800.8723741320031,6165.443696426421,2575.467199968057,878.5738141959914,6966.316070558424,13.44252619266073,65.58,12.7364760808814,12.70356555499102,3.345806736404322,47.40038953391814,1,71.3,52.2,59.98,0.7016124682260754,1.0,0.0,8.848841823218232,8.726715383231976,6.685701601204946,9.207543893292376,7.853786233520955,6.778299927086595,0.03291052589038124,-0.16822365213270452,7.016124682260754,5.626577630900743,0.8,0.1,13.439098279595418,12.678866506020535,0.01923977640964498,66.176,49.45,62.35,64.18299999999999
Республика Марий Эл,2016,10004.69773996372,8380.277316946796,1624.420423016926,3720.646663254608,2413.950626616661,1266.6594490614,5345.067086271534,13.44116468447498,65.95,12.68338140327109,12.7364760808814,-5.170977362051588,47.40038953391814,1,71.3,52.2,59.98,0.0,0.0,0.0,8.583929374600498,8.221652766368004,7.3929063683857335,9.033636285642991,7.789019948514038,7.144138358920712,-0.053094677610310725,-0.2649124486177339,0.0,5.626577630900743,0.8,0.1,13.439098279595418,12.678866506020535,0.01923977640964498,66.176,49.45,62.35,64.18299999999999
Республика Марий Эл,2017,10849.29691421606,10324.31338718187,524.9835270341938,4474.179446423997,2307.907660240351,438.5579400755504,4999.162973458191,13.43922893895804,66.3,12.70020576128178,12.68338140327109,1.696668458601214,47.40038953391814,1,53.4,46.7,59.98,0.0,0.0,0.0,8.517025772094042,8.406078249968138,6.263366885021627,9.242256915587197,7.744096618266253,6.083491935524908,0.016824358010689267,-0.06690360250645533,0.0,5.626577630900743,0.8,0.1,13.439098279595418,12.678866506020535,0.01923977640964498,66.176,49.45,62.35,64.18299999999999
Республика Марий Эл,2018,12383.8698515095,10223.42843094819,2160.441420561305,3200.91793176011,2321.105685131785,1077.144598753122,5361.359352321415,13.43672438109172,66.76,12.72544980611759,12.70020576128178,2.556537391995195,47.40038953391814,1,53.4,46.7,59.98,0.6934313159805964,1.0,1.0,8.586972832418866,8.071192901328203,7.678067841170245,9.232437270413376,7.749798939547039,6.982068928824938,0.025244044835810442,0.06994706032482334,6.9343131598059635,5.626577630900743,0.8,0.1,13.439098279595418,12.678866506020535,0.01923977640964498,66.176,49.45,62.35,64.18299999999999
Республика Марий Эл,2019,13003.52644738294,11482.58470593145,1520.941741451485,4113.807747401682,2814.527723397898,5161.43606799318,5634.749488853167,13.43525402687492,67.25,12.73488832998357,12.72544980611759,0.9483207203306865,47.40038953391814,1,53.4,46.7,73.99,0.6968495767047301,1.0,0.0,8.636707969204064,8.32210433781364,7.3270849887324845,9.348586793131716,7.942549755059121,8.548970127505807,0.00943852386597932,0.049735136785198364,6.968495767047301,5.626577630900743,0.8,0.1,13.439098279595418,12.678866506020535,0.01923977640964498,66.176,49.45,62.35,64.18299999999999
Республика Марий Эл,2020,15549.71143065222,11422.14528625481,4127.566144397407,12189.86518072894,3819.71486995964,7896.412979428611,16317.43132512635,13.43221732708531,67.71,12.71158105443357,12.73488832998357,-2.303775896293037,47.40038953391814,1,53.4,46.7,73.99,0.7063347909899357,1.0,0.0,9.699989221836589,9.408360162588803,8.325443200959013,9.343309319005128,8.247931057442994,8.974163882104843,-0.023307275549999673,1.0632812526325246,7.063347909899357,5.626577630900743,0.8,0.1,13.439098279595418,12.678866506020535,0.01923977640964498,66.176,49.45,62.35,64.18299999999999
Республика Марий Эл,2021,14437.19158788916,10655.98831978999,3781.203268099164,13132.90127246449,3302.527247054139,8019.215985606205,16914.10454056365,13.42700580643091,68.23,12.71879057775065,12.71158105443357,0.7235574498207997,47.40038953391814,1,53.4,46.7,73.99,0.7111116872015905,1.0,0.0,9.73590314103512,9.482875908041065,8.237797562852972,9.273877296663766,8.102443286795191,8.989595938676283,0.007209523317079913,0.035913919198531374,7.111116872015905,5.626577630900743,0.8,0.1,13.439098279595418,12.678866506020535,0.01923977640964498,66.176,49.45,62.35,64.18299999999999
Республика Мордовия,2012,10864.06326758875,9321.413265048697,1542.650002540053,26503.98407474519,4004.098113822791,3639.626650092995,28046.63407728524,13.62111115676431,60.88,12.5989238286368,12.57035222874741,2.898368331493262,53.35929928018452,1,94.2,91.6,87.06,0.0,0.0,0.0,10.241623906505865,10.185050343117236,7.341256997430709,9.140069534064537,8.29507364408664,8.199636386714491,0.028571599889389176,,0.0,0.680851615405779,0.1,0.2,13.602410763003665,12.723619405439708,0.02969477876152098,62.263999999999996,88.0,88.6,86.547
Республика Мордовия,2013,10957.17677022043,9910.54876768513,1046.628002535298,13899.46179102367,3189.039797303983,1425.205733262658,14946.08979355897,13.61422389505534,61.11,12.63050370293614,12.5989238286368,3.208380927455567,53.35929928018452,1,94.2,91.6,87.06,0.0,0.0,1.0,9.61220499233777,9.539605398298903,6.953328849298981,9.201355000935703,8.067475146488157,7.2620714565012054,0.03157987429934117,-0.6294189141680953,0.0,0.680851615405779,0.1,0.2,13.602410763003665,12.723619405439708,0.02969477876152098,62.263999999999996,88.0,88.6,86.547
Республика Мордовия,2014,9159.665804269225,7795.175134039362,1364.490670229862,7482.666942090847,2536.804783408512,417.5375631374083,8847.157612320709,13.60950800672173,61.43,12.71310612992682,12.63050370293614,8.610991471202256,53.35929928018452,1,94.2,91.6,87.06,0.0,0.0,0.0,9.087851512665567,8.920344550482424,7.2185365026240005,8.96126024872369,7.838660608829626,6.0343745118303165,0.08260242699067888,-0.524353479672202,0.0,0.680851615405779,0.1,0.2,13.602410763003665,12.723619405439708,0.02969477876152098,62.263999999999996,88.0,88.6,86.547
Республика Мордовия,2015,7939.320983061697,6647.232843666752,1292.088139394945,7057.116696756996,2502.173507955583,2543.537060666865,8349.204836151941,13.60791180774586,61.83,12.72564226894102,12.71310612992682,1.261504578890915,53.35929928018452,1,94.2,91.6,87.06,0.0,0.0,0.0,9.029921584106953,8.861791847176562,7.1640149013616465,8.801955933316233,7.824915036326486,7.841310934892608,0.012536139014200032,-0.05792992855861456,0.0,0.680851615405779,0.1,0.2,13.602410763003665,12.723619405439708,0.02969477876152098,62.263999999999996,88.0,88.6,86.547
Республика Мордовия,2016,7344.112387323135,5758.141791823718,1585.970595499418,7130.498311761557,2194.807995682005,3255.936965820379,8716.468907260974,13.60893770118721,62.26,12.75998351933696,12.72564226894102,3.493771938128787,53.35929928018452,1,94.2,91.6,87.06,0.0,0.0,0.0,9.072969493064074,8.872136400413812,7.368951861984727,8.6583700960554,7.693849848189851,8.08823536754326,0.03434125039593994,0.04304790895712074,0.0,0.680851615405779,0.1,0.2,13.602410763003665,12.723619405439708,0.02969477876152098,62.263999999999996,88.0,88.6,86.547
Республика Мордовия,2017,4842.894308306869,3798.961826993815,1043.932481313054,5530.674816394037,2070.817120190901,4530.812148395671,6574.607297707092,13.60859708351004,62.62,12.78793930404711,12.75998351933696,2.835021461338871,53.35929928018452,1,83.0,84.4,87.06,0.0,0.0,0.0,8.79097012867779,8.618065115352556,6.950750093279403,8.242483104964943,7.6356985524220535,8.418656484614495,0.027955784710151477,-0.2819993643862837,0.0,0.680851615405779,0.1,0.2,13.602410763003665,12.723619405439708,0.02969477876152098,62.263999999999996,88.0,88.6,86.547
Республика Мордовия,2018,6362.584577168962,3870.841282495042,2491.743294673918,5430.010273033895,2061.288865854784,3854.862025434175,7921.753567707813,13.60179368557,62.86,12.79474270198715,12.78793930404711,0.6826593625127941,53.35929928018452,1,83.0,84.4,87.06,0.0,0.0,0.0,8.977367870364999,8.599696304829303,7.820737862833177,8.261227148056623,7.631086729174413,8.257090494289255,0.0068033979400397016,0.1863977416872089,0.0,0.680851615405779,0.1,0.2,13.602410763003665,12.723619405439708,0.02969477876152098,62.263999999999996,88.0,88.6,86.547
Республика Мордовия,2019,8129.346453989382,3985.034340756606,4144.312113232776,6287.133843194538,2495.690951888196,6005.046672494758,10431.44595642731,13.59381970097853,63.1,12.82643321319594,12.79474270198715,3.219800215436819,53.35929928018452,1,83.0,84.4,85.35,0.0,0.0,0.0,9.252580172750998,8.746260577037408,8.329492098002945,8.290301208691979,7.822320904470832,8.700355506756113,0.031690511208790184,0.2752123023859987,0.0,0.680851615405779,0.1,0.2,13.602410763003665,12.723619405439708,0.02969477876152098,62.263999999999996,88.0,88.6,86.547
Республика Мордовия,2020,13681.43426969094,4232.962392943836,9448.47187674711,9880.794913805174,3413.186710549766,7685.802654907823,19329.26679055228,13.58466114259577,63.22,12.82856715664173,12.82643321319594,0.2136221923540349,53.35929928018452,1,83.0,84.4,85.35,0.0,0.0,0.0,9.869375640316509,9.198348244368306,9.15360830124761,8.350657356225337,8.135401653109135,8.947130094878922,0.0021339434457896544,0.6167954675655114,0.0,0.680851615405779,0.1,0.2,13.602410763003665,12.723619405439708,0.02969477876152098,62.263999999999996,88.0,88.6,86.547
Республика Мордовия,2021,14682.00137055747,3971.685760213583,10710.31561034389,11458.61134410164,2734.471232329871,7703.983868946174,22168.92695444553,13.57354344990785,63.33,12.86730001636262,12.82856715664173,3.949275617069303,53.35929928018452,1,83.0,84.4,85.35,0.680851615405779,1.0,1.0,10.00644690064719,9.346496808764389,9.27896263176053,8.286945908292601,7.913693362464483,8.949492859621431,0.03873285972088958,0.1370712603306803,6.80851615405779,0.680851615405779,0.1,0.2,13.602410763003665,12.723619405439708,0.02969477876152098,62.263999999999996,88.0,88.6,86.547
Республика Саха (Якутия),2012,79273.80330239252,79255.27111799225,18.53218440028452,9025.948344519084,4781.877804121154,5630.205937003726,9044.480528919368,13.7708980552027,64.74,14.14250884521778,14.11004344468572,3.299815133923367,37.83701950647506,0,60.1,49.2,69.46,0.0,0.0,0.0,9.109909964330413,9.1078588574057,2.919508917876391,11.280429202057537,8.472588594392146,8.635901298973414,0.03246540053205926,,0.0,2.1237409083227794,0.3,0.1,13.783010412041786,14.202154809336957,0.02271373016148992,65.633,47.8,54.1,67.93599999999999
Республика Саха (Якутия),2013,91756.70688370353,85549.66858093331,6207.038302770232,10015.159523441,4677.968751715429,5203.757259252769,16222.19782621123,13.77084158998787,65.07,14.15152505180409,14.14250884521778,0.9056975010300006,37.83701950647506,0,60.1,49.2,69.46,0.0,0.0,0.0,9.694135819489432,9.211855176424486,8.733439137293635,11.356852405331928,8.4506192672833,8.557136193512347,0.00901620658630975,0.5842258551590191,0.0,2.1237409083227794,0.3,0.1,13.783010412041786,14.202154809336957,0.02271373016148992,65.633,47.8,54.1,67.93599999999999
Республика Саха (Якутия),2014,81353.93530599432,76500.9356384494,4852.999667544911,6373.994574398004,5714.696422515421,3396.478587900095,11226.99424194292,13.77217290181906,65.28,14.18169240703227,14.15152505180409,3.062700033834997,37.83701950647506,0,60.1,49.2,69.46,0.0,0.0,0.0,9.326076357582807,8.759981643768574,8.487352280900147,11.2450582503078,8.650796455398151,8.13049446444546,0.030167355228179815,-0.36805946190662553,0.0,2.1237409083227794,0.3,0.1,13.783010412041786,14.202154809336957,0.02271373016148992,65.633,47.8,54.1,67.93599999999999
Республика Саха (Якутия),2015,67067.31719362419,65096.5317197639,1970.78547386028,5436.617688195618,5293.356305075397,2800.91524708028,7407.403162055898,13.77546014070171,65.4,14.19526228521604,14.18169240703227,1.366236686057998,37.83701950647506,0,60.1,49.2,69.46,0.0,0.0,0.0,8.910235206403227,8.600912397990788,7.58618745996083,11.08362655058333,8.57420778587336,7.937701516708885,0.013569878183771422,-0.4158411511795794,0.0,2.1237409083227794,0.3,0.1,13.783010412041786,14.202154809336957,0.02271373016148992,65.633,47.8,54.1,67.93599999999999
Республика Саха (Якутия),2016,61690.22823951307,55235.36704897951,6454.86119053356,3557.142951276658,4759.938446596515,2788.180895176833,10012.00414181022,13.77925105609396,65.5,14.23069208297708,14.19526228521604,3.60649114984597,37.83701950647506,0,60.1,49.2,69.46,0.0,0.0,0.0,9.21154006623618,8.176712959860803,8.77258879887192,10.919358734508872,8.467990015754568,7.93314465326798,0.03542979776104005,0.3013048598329533,0.0,2.1237409083227794,0.3,0.1,13.783010412041786,14.202154809336957,0.02271373016148992,65.633,47.8,54.1,67.93599999999999
Республика Саха (Якутия),2017,48906.24120293849,44715.0889855734,4191.152217365083,5093.008304131471,4608.070623846112,2139.472254814992,9284.160521496553,13.78211818697893,65.6,14.23480056582853,14.23069208297708,0.4116934237287095,37.83701950647506,0,48.1,46.4,69.46,0.0,0.0,0.0,9.136065057367276,8.535623957382288,8.340730967323992,10.708066284839207,8.435564528613773,7.668314467703139,0.004108482851449935,-0.07547500886890468,0.0,2.1237409083227794,0.3,0.1,13.783010412041786,14.202154809336957,0.02271373016148992,65.633,47.8,54.1,67.93599999999999
Республика Саха (Якутия),2018,57311.57424455786,52093.58044808529,5217.993796472561,4115.708456936811,5108.289709820979,5506.973233695029,9333.702253409372,13.78477502364503,65.8,14.27040244127952,14.23480056582853,3.624321049527079,37.83701950647506,0,48.1,46.4,69.46,0.0,0.0,0.0,9.141387026859059,8.322566262797256,8.559868276825243,10.860797004182094,8.538619932423686,8.613770428835748,0.035601875450989695,0.005321969491783207,0.0,2.1237409083227794,0.3,0.1,13.783010412041786,14.202154809336957,0.02271373016148992,65.633,47.8,54.1,67.93599999999999
Республика Саха (Якутия),2019,56300.83316946033,53152.14494492937,3148.688224530948,7871.008518965024,6323.155175412935,6662.602791180665,11019.69674349597,13.78922920900036,66.04,14.30516896907747,14.27040244127952,3.537794860896781,37.83701950647506,0,48.1,46.4,64.38,0.6927584832994201,1.0,1.0,9.307439563589236,8.970941480464953,8.054741208429013,10.880913739398492,8.751973599179735,8.804265496674883,0.03476652779795053,0.16605253673017728,6.927584832994201,2.1237409083227794,0.3,0.1,13.783010412041786,14.202154809336957,0.02271373016148992,65.633,47.8,54.1,67.93599999999999
Республика Саха (Якутия),2020,66853.01488502175,55791.67536050886,11061.33952451289,18986.6637810792,8867.606954616698,10401.41855423507,30048.00330559209,13.79733334895977,66.24,14.19945200025106,14.30516896907747,-10.03207506820353,37.83701950647506,0,48.1,46.4,64.38,0.7145639341859347,1.0,0.0,10.31055149201837,9.851492105438059,9.311211382074665,10.929379950152248,9.090160247992202,9.249697475273585,-0.10571696882641035,1.0031119284291332,7.145639341859347,2.1237409083227794,0.3,0.1,13.783010412041786,14.202154809336957,0.02271373016148992,65.633,47.8,54.1,67.93599999999999
Республика Саха (Якутия),2021,56768.94882030181,51985.65582111387,4783.292999187944,23755.75054223398,9011.431972803166,13351.96770037943,28539.04354142192,13.80802460802848,66.66,14.33718074630062,14.19945200025106,14.76641996006214,37.83701950647506,0,48.1,46.4,64.38,0.7164184908374245,1.0,0.0,10.259028377554818,10.075579908248573,8.472884500258589,10.858723109916102,9.106249269472798,9.499419046253921,0.1377287460495591,-0.05152311446355107,7.164184908374245,2.1237409083227794,0.3,0.1,13.783010412041786,14.202154809336957,0.02271373016148992,65.633,47.8,54.1,67.93599999999999
Республика Северная Осетия - Алания,2012,18685.65831133428,16489.13078702724,2196.527524307043,8739.735828437266,3209.668899733476,1710.190510859746,10936.26335274431,13.46957488393804,63.78,12.52131837073441,12.50100719140863,2.051885499139261,20.82180223463845,1,85.8,67.9,70.06,0.0,0.0,0.0,9.299839459381605,9.075635242613519,7.694632994321635,9.71045670264386,8.07392306430362,7.4443600531505885,0.02031117932577864,,0.0,0.0,0.0,0.1,13.459118731636224,12.517267381598192,0.006880711986072896,63.608000000000004,67.5,85.7,73.495
Республика Северная Осетия - Алания,2013,20998.71251973656,19061.38574919297,1937.3267705436,7112.973365446914,2748.645236387325,412.8587009780998,9050.300135990514,13.46599563408053,63.72,12.5602647644292,12.52131837073441,3.971474689020349,20.82180223463845,1,85.8,67.9,70.06,0.0,0.0,0.0,9.110553200341899,8.869675630237106,7.569064348478611,9.855419879140001,7.918863427959316,6.0231054060394404,0.038946393694789805,-0.1892862590397062,0.0,0.0,0.0,0.1,13.459118731636224,12.517267381598192,0.006880711986072896,63.608000000000004,67.5,85.7,73.495
Республика Северная Осетия - Алания,2014,19113.61016520622,16754.93891652097,2358.67124868525,6801.982039422104,3170.895123945165,586.106065284358,9160.653288107354,13.46502499167751,63.71,12.57612401932598,12.5602647644292,1.598568033324543,20.82180223463845,1,85.8,67.9,70.06,0.0,0.0,0.0,9.122672774787425,8.824969325078813,7.765853709240509,9.726448354478162,8.061769200495716,6.373500771977477,0.015859254896779973,0.012119574445526027,0.0,0.0,0.0,0.1,13.459118731636224,12.517267381598192,0.006880711986072896,63.608000000000004,67.5,85.7,73.495
Республика Северная Осетия - Алания,2015,16266.62379804692,14902.85722521648,1363.76657283045,4912.000163698764,2954.316723629558,1187.583959055034,6275.766736529214,13.46469697407238,63.69,12.55010806159151,12.57612401932598,-2.568045844783862,20.82180223463845,1,85.8,67.9,70.06,0.0,0.0,0.0,8.744450945623827,8.499436503153273,7.218005689469738,9.609308233631578,7.991022675904949,7.079676235771636,-0.026015957734468742,-0.37822182916359814,0.0,0.0,0.0,0.1,13.459118731636224,12.517267381598192,0.006880711986072896,63.608000000000004,67.5,85.7,73.495
Республика Северная Осетия - Алания,2016,16730.22089392567,13864.61780875671,2865.603085168973,1351.646861252151,3014.853290643332,1161.897991718915,4217.249946421124,13.46308656591308,63.66,12.50672110382007,12.55010806159151,-4.245920948189297,20.82180223463845,1,85.8,67.9,70.06,0.0,0.0,0.0,8.346938523135725,7.209079025186249,7.960534107928206,9.537095392488322,8.011306448157567,7.0578101467416,-0.04338695777144075,-0.39751242248810215,0.0,0.0,0.0,0.1,13.459118731636224,12.517267381598192,0.006880711986072896,63.608000000000004,67.5,85.7,73.495
Республика Северная Осетия - Алания,2017,14414.83957733414,13956.88653939789,457.9530379362387,4550.08906036126,2832.734599512494,1535.33001616616,5008.042098297498,13.46117858141828,63.63,12.49351545050482,12.50672110382007,-1.311884123242368,20.82180223463845,1,85.6,67.1,70.06,0.0,0.0,1.0,8.518800318954167,8.422902085459205,6.12676664159976,9.543728324178323,7.948997813660422,7.336500631158402,-0.013205653315250032,0.17186179581844208,0.0,0.0,0.0,0.1,13.459118731636224,12.517267381598192,0.006880711986072896,63.608000000000004,67.5,85.7,73.495
Республика Северная Осетия - Алания,2018,16353.53261835752,15011.50476320621,1342.027855151312,6614.389378161048,2585.216220930688,2866.316258234358,7956.41723331236,13.45774930992512,63.6,12.48284579761848,12.49351545050482,-1.061293404267472,20.82180223463845,1,85.6,67.1,70.06,0.0,0.0,0.0,8.981734081197134,8.797002763620329,7.201937073762796,9.616572170316013,7.857564427905141,7.960782950602479,-0.01066965288633881,0.462933762242967,0.0,0.0,0.0,0.1,13.459118731636224,12.517267381598192,0.006880711986072896,63.608000000000004,67.5,85.7,73.495
Республика Северная Осетия - Алания,2019,16742.28753708266,15711.41642115563,1030.871115927019,11520.89978285487,3324.251738315756,4216.464197481374,12551.77089878189,13.4536005061582,63.55,12.47896242968814,12.48284579761848,-0.3875837408181093,20.82180223463845,1,85.6,67.1,81.51,0.0,0.0,0.0,9.437617042077868,9.351918037350352,6.938159467402533,9.662142887666398,8.108999886656362,8.346752187927153,-0.0038833679303404978,0.455882960880734,0.0,0.0,0.0,0.1,13.459118731636224,12.517267381598192,0.006880711986072896,63.608000000000004,67.5,85.7,73.495
Республика Северная Осетия - Алания,2020,19388.76065478467,16534.28044060277,2854.480214181902,16431.49226210005,4634.358326230398,8870.795208682017,19285.97247628195,13.44859622711398,63.45,12.50180662686069,12.47896242968814,2.310712414612315,20.82180223463845,1,85.6,67.1,81.51,0.0,0.0,0.0,9.867133295934703,9.706955032354289,7.956645043932368,9.71319110711808,8.441253027473383,9.090519722771306,0.022844197172549485,0.42951625385683556,0.0,0.0,0.0,0.1,13.459118731636224,12.517267381598192,0.006880711986072896,63.608000000000004,67.5,85.7,73.495
Республика Северная Осетия - Алания,2021,17912.66872645677,15249.10332279217,2663.565403664605,16891.05316659303,3815.570868585197,5643.326988240014,19554.61857025763,13.44168364206512,63.29,12.56981431126936,12.50180662686069,7.037353363484145,20.82180223463845,1,85.6,67.1,81.51,0.0,0.0,0.0,9.880966781515239,9.734539362303893,7.887420881589495,9.632275981801426,8.246845570423059,8.638229062106404,0.06800768440866989,0.013833485580535765,0.0,0.0,0.0,0.1,13.459118731636224,12.517267381598192,0.006880711986072896,63.608000000000004,67.5,85.7,73.495
Республика Татарстан,2012,901.5367327918113,0.0,901.5367327918113,14146.71022692471,3798.641340276083,2186.158224926807,15048.24695971652,15.15756511132205,75.8,13.61204384359244,13.56556630017936,4.757455385536846,39.71417582522228,1,79.5,77.8,82.7,0.7195462775026603,1.0,0.0,9.619016782310615,9.557237383243903,6.804100788115884,,8.242398739748475,7.689901047144921,0.04647754341308108,,7.195462775026603,7.09860463667785,1.0,0.0,15.184503930198208,13.640173051577909,0.012615270710136173,76.46900000000001,81.55,79.15,82.51700000000001
Республика Татарстан,2013,1508.727476423077,0.0,1508.727476423077,8452.54864060439,3104.309057212981,2258.916806467148,9961.276117027466,15.16474692556589,76.0,13.62857855596592,13.61204384359244,1.66721672775143,39.71417582522228,1,79.5,77.8,82.7,0.7078313253012025,1.0,0.0,9.206460466570984,9.042223289147488,7.319021843666059,,8.040546443747694,7.7226406881967335,0.016534712373479366,-0.41255631573963036,7.078313253012025,7.09860463667785,1.0,0.0,15.184503930198208,13.640173051577909,0.012615270710136173,76.46900000000001,81.55,79.15,82.51700000000001
Республика Татарстан,2014,1353.226682119461,0.0,1353.226682119461,5881.903011415151,2700.299944391732,852.2684130130365,7235.129693534612,15.17161448990832,76.18,13.64249353080602,13.62857855596592,1.401223872036472,39.71417582522228,1,79.5,77.8,82.7,0.7139034291979991,1.0,0.0,8.886703564756282,8.679635629929228,7.210247154506619,,7.901118136337782,6.747901515962725,0.013914974840099958,-0.31975690181470284,7.139034291979991,7.09860463667785,1.0,0.0,15.184503930198208,13.640173051577909,0.012615270710136173,76.46900000000001,81.55,79.15,82.51700000000001
Республика Татарстан,2015,556.1763084893751,0.0,556.1763084893751,5557.448276443406,2669.645000618734,1793.803620659356,6113.624584932781,15.17822841466328,76.33,13.63587960605105,13.64249353080602,-0.6592100894927122,39.71417582522228,1,79.5,77.8,82.7,0.7092386907067928,1.0,0.0,8.718275098035763,8.622894338812298,6.321085345584091,,7.889700783984758,7.492093572111655,-0.006613924754969247,-0.1684284667205187,7.092386907067928,7.09860463667785,1.0,0.0,15.184503930198208,13.640173051577909,0.012615270710136173,76.46900000000001,81.55,79.15,82.51700000000001
Республика Татарстан,2016,483.7468217327724,0.0,483.7468217327724,4022.699014177724,2185.00548806552,1320.497825393097,4506.445835910496,15.18489296476421,76.48,13.6391653868033,13.63587960605105,0.3291184847089568,39.71417582522228,1,79.5,77.8,82.7,0.7205487299615212,1.0,0.0,8.413264058820827,8.29970835288885,6.181561674260956,,7.689373619227003,7.185764084930149,0.003285780752250389,-0.30501103921493566,7.205487299615212,7.09860463667785,1.0,0.0,15.184503930198208,13.640173051577909,0.012615270710136173,76.46900000000001,81.55,79.15,82.51700000000001
Республика Татарстан,2017,824.5805574761634,0.0,824.5805574761634,4069.003191112005,2019.167524164542,1196.091624404059,4893.583748588168,15.19093707744668,76.65,13.65292390141701,13.6391653868033,1.385359854669121,39.71417582522228,1,78.8,85.3,82.7,0.7272725194805767,1.0,0.0,8.495680186970612,8.311153332251077,6.714874841867452,,7.610440588701577,7.086814540609749,0.013758514613709139,0.08241612814978438,7.272725194805767,7.09860463667785,1.0,0.0,15.184503930198208,13.640173051577909,0.012615270710136173,76.46900000000001,81.55,79.15,82.51700000000001
Республика Татарстан,2018,1935.519509600661,0.0,1935.519509600661,2275.373177498727,1990.187909282973,6324.454953631846,4210.892687099387,15.19537806100381,76.79,13.67024440964139,13.65292390141701,1.747137801541143,39.71417582522228,1,78.8,85.3,82.7,0.6818188298278127,1.0,0.0,8.345429943890254,7.729899351998309,7.5681310498432435,,7.595984340035974,8.752179136543747,0.017320508224379694,-0.1502502430803574,6.818188298278127,7.09860463667785,1.0,0.0,15.184503930198208,13.640173051577909,0.012615270710136173,76.46900000000001,81.55,79.15,82.51700000000001
Республика Татарстан,2019,317.7968153760298,0.0,317.7968153760298,3338.604772475601,2279.941461428052,4618.887778853478,3656.401587851631,15.19908923494974,76.84,13.69414840272843,13.67024440964139,2.419198365968489,39.71417582522228,1,78.8,85.3,82.09,0.7023801289007996,1.0,0.0,8.20423477004596,8.113308265904362,5.761412233209203,,7.731905046806625,8.437909214585233,0.02390399308704083,-0.14119517384429336,7.023801289007996,7.09860463667785,1.0,0.0,15.184503930198208,13.640173051577909,0.012615270710136173,76.46900000000001,81.55,79.15,82.51700000000001
Республика Татарстан,2020,6855.599281144159,0.0,6855.599281144159,5711.71627040339,3718.384981537324,5924.954828679547,12567.31555154755,15.20106039199264,76.83,13.66068657859416,13.69414840272843,-3.290816990545198,39.71417582522228,1,78.8,85.3,82.09,0.7036337019230516,1.0,0.0,9.438854718836593,8.650274830237272,8.832821010661675,,8.221044708251044,8.686928342122718,-0.03346182413427101,1.2346199487906322,7.036337019230516,7.09860463667785,1.0,0.0,15.184503930198208,13.640173051577909,0.012615270710136173,76.46900000000001,81.55,79.15,82.51700000000001
Республика Татарстан,2021,215.9495129519789,0.0,215.9495129519789,5603.979966708237,2844.603063980052,9557.62953951687,5819.929479660216,15.20152663036545,76.79,13.69171900728072,13.66068657859416,3.151895414899197,39.71417582522228,1,78.8,85.3,82.09,0.7124310038754332,1.0,0.0,8.669043423755204,8.631232332630422,5.37504464403014,,7.95317881625713,9.165095019181765,0.03103242868656153,-0.7698112950813893,7.1243100387543326,7.09860463667785,1.0,0.0,15.184503930198208,13.640173051577909,0.012615270710136173,76.46900000000001,81.55,79.15,82.51700000000001
Республика Тыва,2012,53995.11931814879,53619.46523951163,375.6540786371569,17299.60833416035,4701.848656157053,14626.17818457795,17675.26241279751,12.64560740229604,53.97,12.56303321200634,12.54712404449123,1.603639210430496,16.26883698581899,1,86.1,85.3,90.0,0.6920976456633207,1.0,0.0,9.77992133720605,9.75843914058568,5.928668716302232,10.889667438586761,8.455711041460997,9.590568228484566,0.015909167515109957,,6.920976456633206,6.909227620251606,1.0,0.0,12.68017391648718,12.577339800353524,-0.0029048978322650854,54.451,83.95,88.1,90.59400000000001
Республика Тыва,2013,61118.94566619913,57698.59555768782,3420.35010851131,14561.32402345864,4117.55693650101,2712.947770305466,17981.67413196995,12.65057896350238,54.29,12.56801198165316,12.56303321200634,0.4991184315134012,16.26883698581899,1,86.1,85.3,90.0,0.6891495601173,1.0,0.0,9.797108414479165,9.586124253293383,8.137498195726847,10.962988111778603,8.323015289886005,7.905791060835381,0.0049787696468204246,0.017187077273115747,6.891495601173,6.909227620251606,1.0,0.0,12.68017391648718,12.577339800353524,-0.0029048978322650854,54.451,83.95,88.1,90.59400000000001
Республика Тыва,2014,58276.25307072705,55028.41831405764,3247.834756669409,10320.02883151064,7272.073292845392,2797.974294309459,13567.86358818005,12.65688071317806,54.38,12.60668359762022,12.56801198165316,3.9429095681647,16.26883698581899,1,86.1,85.3,90.0,0.7139034291979991,1.0,0.0,9.515459304043942,9.241841832782683,8.085743824577706,10.915605027392104,8.891796714580643,7.936650968017198,0.03867161596705948,-0.28164911043522345,7.139034291979991,6.909227620251606,1.0,0.0,12.68017391648718,12.577339800353524,-0.0029048978322650854,54.451,83.95,88.1,90.59400000000001
Республика Тыва,2015,51870.80489174466,50700.85591045739,1169.948981287296,4227.963541540475,6734.686508412229,1343.064549484719,5397.912522827771,12.66401634528347,54.59,12.58544904113531,12.60668359762022,-2.101069065421746,16.26883698581899,1,86.1,85.3,90.0,0.7035036069544477,1.0,0.0,8.593767587968273,8.34947572385467,7.06471542110369,10.833698071299843,8.815026541125981,7.2027092590202795,-0.02123455648490946,-0.921691716075669,7.035036069544477,6.909227620251606,1.0,0.0,12.68017391648718,12.577339800353524,-0.0029048978322650854,54.451,83.95,88.1,90.59400000000001
Республика Тыва,2016,53566.72138398769,52360.22165810058,1206.499725887101,7084.642048740505,6421.631647797954,2249.827080787466,8291.141774627606,12.67242587014876,54.63,12.58797945630835,12.58544904113531,0.2533619375600038,16.26883698581899,1,86.1,85.3,90.0,0.708895650770768,1.0,0.0,9.02294296779243,8.865684628440649,7.095478657868294,10.865902453362862,8.767427515140522,7.718608639261776,0.002530415173039202,0.4291753798241569,7.08895650770768,6.909227620251606,1.0,0.0,12.68017391648718,12.577339800353524,-0.0029048978322650854,54.451,83.95,88.1,90.59400000000001
Республика Тыва,2017,55820.17456078988,54818.85663973202,1001.317921057852,6165.701581056183,6158.457446807659,1594.433754482445,7167.019502114035,12.68280980360142,54.48,12.59641727709628,12.58797945630835,0.847351953365072,16.26883698581899,1,90.1,82.6,90.0,0.7041562780300935,1.0,0.0,8.877245157088868,8.726757209781578,6.9090723323443175,10.911789513012716,8.725581610689348,7.374273939323289,0.008437820787930761,-0.14569781070356136,7.041562780300935,6.909227620251606,1.0,0.0,12.68017391648718,12.577339800353524,-0.0029048978322650854,54.451,83.95,88.1,90.59400000000001
Республика Тыва,2018,65236.87988092506,56586.21921228479,8650.660668640272,6908.889699826205,6273.175288546439,2459.181833836963,15559.55036846648,12.69279818112852,54.47,12.58642889956918,12.59641727709628,-0.9938659356599322,16.26883698581899,1,90.1,82.6,90.0,0.6627913276000599,1.0,0.0,9.652429900686748,8.840564223652457,9.065390974886771,10.943520757731227,8.744037931042289,7.8075839857356435,-0.009988377527101022,0.7751847435978796,6.627913276000599,6.909227620251606,1.0,0.0,12.68017391648718,12.577339800353524,-0.0029048978322650854,54.451,83.95,88.1,90.59400000000001
Республика Тыва,2019,62640.76039096047,58398.00473770251,4242.755653257955,12177.77520662601,7572.700719456822,5824.860064540715,16420.53085988396,12.70221905487711,54.53,12.59484794394892,12.58642889956918,0.8454584200976667,16.26883698581899,1,90.1,82.6,91.98,0.6742849237447687,1.0,0.0,9.706287712562009,9.407367865025085,8.352968255341835,10.975037002782367,8.932305048916144,8.669890254890525,0.008419044379740726,0.053857811875261064,6.742849237447687,6.909227620251606,1.0,0.0,12.68017391648718,12.577339800353524,-0.0029048978322650854,54.451,83.95,88.1,90.59400000000001
Республика Тыва,2020,68493.11728806104,60509.56848189751,7983.548806163521,22841.9847368868,11483.7559292324,26795.34967532074,30825.53354305032,12.71255284158593,54.52,12.53742254970625,12.59484794394892,-5.580767005736876,16.26883698581899,1,90.1,82.6,91.98,0.6802225990864245,1.0,0.0,10.336098636659727,10.036355557406441,8.985138304140355,11.010556788239056,9.348688787900544,10.1959836318651,-0.05742539424267079,0.6298109240977183,6.802225990864245,6.909227620251606,1.0,0.0,12.68017391648718,12.577339800353524,-0.0029048978322650854,54.451,83.95,88.1,90.59400000000001
Республика Тыва,2021,67774.5555064659,55601.56662328203,12172.98888318387,24485.49269935042,8504.215015164722,28553.54313987367,36658.48158253429,12.7218499892701,54.65,12.51807506616858,12.53742254970625,-1.916152220378053,16.26883698581899,1,90.1,82.6,91.98,0.6802225990864245,1.0,0.0,10.509400101619768,10.105836086431427,9.406974750173648,10.925966656519453,9.048317203705526,10.259536310356827,-0.01934748353767013,0.17330146496004062,6.802225990864245,6.909227620251606,1.0,0.0,12.68017391648718,12.577339800353524,-0.0029048978322650854,54.451,83.95,88.1,90.59400000000001
Республика Хакасия,2012,3831.254901820037,3379.466217041521,451.7886847785156,9032.916524191543,2970.450646636476,1503.489962875796,9484.70520897006,13.18642678569366,67.39,13.16323352049884,13.1119775975607,5.259224131462448,81.656591192903,1,56.2,40.1,58.4,0.7604785507737682,1.0,0.0,9.157435802178176,9.108630575901735,6.113214558962676,8.125473052053552,7.996468953160711,7.315544326567123,0.051255922938141296,,7.604785507737683,5.3604922594408,0.7,0.1,13.194250190951431,13.20431037255266,0.017542535983104023,68.139,39.1,47.8,61.628
Республика Хакасия,2013,5952.820100923113,3542.447600932408,2410.372499990704,6541.101085034217,2823.654574679782,1201.204328359904,8951.473585024922,13.1889859753444,67.6,13.19989504400139,13.16323352049884,3.734184557467013,81.656591192903,1,56.2,40.1,58.4,0.7654723127035825,1.0,0.0,9.099573444087675,8.785860791906044,7.787536578852364,8.172573179904955,7.945787273383754,7.0910799394659065,0.03666152350255025,-0.05786235809050133,7.654723127035825,5.3604922594408,0.7,0.1,13.194250190951431,13.20431037255266,0.017542535983104023,68.139,39.1,47.8,61.628
Республика Хакасия,2014,6387.901299539337,4000.326632101433,2387.574667437902,6142.465851991293,3466.927299235831,7721.173394672202,8530.040519429194,13.19231285786165,67.89,13.21538991572472,13.19989504400139,1.561553968748308,81.656591192903,1,56.2,40.1,58.4,0.7807014108773429,1.0,0.0,9.051349390700608,8.722981545078504,7.778033346185394,8.294131294793551,8.151023976107169,8.951721625597408,0.01549487172332853,-0.04822405338706659,7.807014108773429,5.3604922594408,0.7,0.1,13.194250190951431,13.20431037255266,0.017542535983104023,68.139,39.1,47.8,61.628
Республика Хакасия,2015,6153.563757392035,4549.324586086691,1604.239171305343,3360.482988210359,3247.483659706644,11272.6102197219,4964.722159515703,13.19573836670603,68.08,13.1968507690703,13.21538991572472,-1.836835375520174,81.656591192903,1,56.2,40.1,58.4,0.7721888703553251,1.0,0.0,8.510112615097896,8.11983998911789,7.380404886603382,8.42273405830799,8.085635716879022,9.330131188000545,-0.018539146654418914,-0.5412367756027123,7.721888703553251,5.3604922594408,0.7,0.1,13.194250190951431,13.20431037255266,0.017542535983104023,68.139,39.1,47.8,61.628
Республика Хакасия,2016,7984.321338324537,4937.419787204753,3046.901551119783,2655.933582120535,3197.00356668593,894.1020793149836,5702.835133240318,13.19841845272177,68.21,13.2090592955483,13.1968507690703,1.228335474160858,81.656591192903,1,56.2,40.1,58.4,0.7804162802253861,1.0,0.0,8.648718721960892,7.884551503551925,8.021880468361916,8.504598163447998,8.06996926469448,6.795819951334121,0.012208526478000081,0.13860610686299601,7.804162802253861,5.3604922594408,0.7,0.1,13.194250190951431,13.20431037255266,0.017542535983104023,68.139,39.1,47.8,61.628
Республика Хакасия,2017,7455.245800731388,6919.929830268482,535.3159704629073,2459.956918031794,2992.05859107493,689.1298297606236,2995.272888494701,13.19996495409449,68.32,13.20851229450867,13.2090592955483,-0.05468514618409692,81.656591192903,1,39.4,38.1,58.4,0.7741933271890025,1.0,0.0,8.004790621088242,7.807899115777849,6.282857171557146,8.842160908425692,8.003716921481152,6.535429685426008,-0.0005470010396297909,-0.6439281008726496,7.741933271890025,5.3604922594408,0.7,0.1,13.194250190951431,13.20431037255266,0.017542535983104023,68.139,39.1,47.8,61.628
Республика Хакасия,2018,15026.3371086645,6920.708758686835,8105.628349977664,4702.729307555587,2962.950838372164,811.6311054686572,12808.35765753325,13.19954106173829,68.44,13.23069767864638,13.20851229450867,2.243330981990943,81.656591192903,1,39.4,38.1,58.4,0.7270415073163926,1.0,0.0,9.457853178828614,8.455898322890214,9.000313957380403,8.842273465142517,7.9939409555939225,6.699045933324499,0.022185384137708652,1.4530625577403722,7.270415073163926,5.3604922594408,0.7,0.1,13.194250190951431,13.20431037255266,0.017542535983104023,68.139,39.1,47.8,61.628
Республика Хакасия,2019,9993.058787747586,6827.731515925831,3165.327271821756,5807.439287127359,3807.942992505246,2583.280010992239,8972.766558949115,13.19741333432249,68.5,13.24869875521848,13.23069767864638,1.816407251622998,81.656591192903,1,39.4,38.1,69.16,0.0,0.0,1.0,9.101949331017268,8.666895010371642,8.060011732651708,8.828747762099328,8.244844425343642,7.856815192560027,0.018001076572101482,-0.3559038478113461,0.0,5.3604922594408,0.7,0.1,13.194250190951431,13.20431037255266,0.017542535983104023,68.139,39.1,47.8,61.628
Республика Хакасия,2020,15897.68983434703,7106.813151557902,8790.87668278913,12643.06575015693,5486.285869958763,4913.366552981459,21433.94243294606,13.19429884852857,68.48,13.25878885474882,13.24869875521848,1.014117622972965,81.656591192903,1,39.4,38.1,69.16,0.0,0.0,0.0,9.972731039487217,9.444864181816996,9.081469722086897,8.86880920171977,8.610006779137144,8.499714638174774,0.010090099530339458,0.8707817084699485,0.0,5.3604922594408,0.7,0.1,13.194250190951431,13.20431037255266,0.017542535983104023,68.139,39.1,47.8,61.628
Республика Хакасия,2021,10746.66073151937,6479.49980174613,4267.160929773242,9937.592756121556,4485.201057104596,5705.392638029581,14204.7536858948,13.18940127250296,68.48,13.28740295739174,13.25878885474882,2.90274188842421,81.656591192903,1,39.4,38.1,69.16,0.0,0.0,0.0,9.561331954179822,9.204080092868365,8.35870399744593,8.776398595278375,8.40853860227398,8.649167083421302,0.028614102642919192,-0.41139908530739433,0.0,5.3604922594408,0.7,0.1,13.194250190951431,13.20431037255266,0.017542535983104023,68.139,39.1,47.8,61.628
Ростовская область,2012,4090.238157170721,3465.547592255287,624.6905649154356,4777.7229968991,2974.599392089611,2390.883524640992,5402.413561814536,15.2654170737768,67.51,12.84809884421175,12.82178721448933,2.666083665906926,90.34490047107509,0,59.3,50.2,62.66,0.8552183028903673,1.0,0.0,8.594601088588915,8.471719351508442,6.437256431000539,8.150625934420654,7.997864650791372,7.779418252194379,0.026311629722419738,,8.552183028903674,8.404824658871652,1.0,0.0,15.260756375979733,12.950497172196648,0.027197563937771996,67.837,54.5,53.75,67.553
Ростовская область,2013,4019.502506935561,3177.421184925378,842.0813220101813,4769.445585060752,2804.818577401503,1149.614067075614,5611.526907070933,15.2644456248839,67.65,12.87765774995657,12.84809884421175,3.000010660838104,90.34490047107509,0,59.3,50.2,62.66,0.8736059479553899,1.0,0.0,8.632578137432061,8.469985347580197,6.735876591538425,8.063825198641231,7.939094137576832,7.047181571185787,0.029558905744821118,0.03797704884314612,8.7360594795539,8.404824658871652,1.0,0.0,15.260756375979733,12.950497172196648,0.027197563937771996,67.837,54.5,53.75,67.553
Ростовская область,2014,4735.647660314621,3036.757833318779,1698.889826995842,4726.134206054668,3022.684254905545,1065.370618872518,6425.024033050509,15.26377569325435,67.73,12.90982634864549,12.87765774995657,3.269160107854718,90.34490047107509,0,59.3,50.2,62.66,0.8530347684346679,1.0,0.0,8.767955650309034,8.460862854731438,7.437730273775263,8.01854572308435,8.013900541724542,6.97107801654727,0.0321685986889193,0.13537751287697297,8.530347684346678,8.404824658871652,1.0,0.0,15.260756375979733,12.950497172196648,0.027197563937771996,67.837,54.5,53.75,67.553
Ростовская область,2015,4016.181191050515,3147.285950051853,868.8952409986629,3195.9663505922,2927.856324374919,1994.461594168812,4064.861591590863,15.26353340200992,67.76,12.9492893530432,12.90982634864549,4.025201342329221,90.34490047107509,0,59.3,50.2,62.66,0.8613856045547864,1.0,0.0,8.3101349725931,8.069644778230051,6.7672225667886865,8.054295757268191,7.982025804333167,7.59812941529083,0.03946300439771022,-0.45782067771593304,8.613856045547864,8.404824658871652,1.0,0.0,15.260756375979733,12.950497172196648,0.027197563937771996,67.837,54.5,53.75,67.553
Ростовская область,2016,3695.951277849663,3180.025461920922,515.9258159287401,2293.642375215895,2877.587184562092,1360.77253351277,2809.568191144635,15.26318384457733,67.82,12.98113757753516,12.9492893530432,3.236080632802496,90.34490047107509,0,59.3,50.2,62.66,0.8737551044383903,1.0,0.0,7.940786081887755,7.7378963898152575,6.2459629875660525,8.06464448263554,7.964707438855404,7.215807856804442,0.03184822449195934,-0.3693488907053455,8.737551044383903,8.404824658871652,1.0,0.0,15.260756375979733,12.950497172196648,0.027197563937771996,67.837,54.5,53.75,67.553
Ростовская область,2017,4923.430598776185,4118.064781543039,805.3658172331461,2216.621613833907,2090.462489043965,1075.839314165589,3021.987431067053,15.26219351304822,67.9,13.00682052165464,12.98113757753516,2.601559262103503,90.34490047107509,0,48.2,58.8,62.66,0.8622752027374522,1.0,0.0,8.013669983680108,7.7037395201890355,6.691296605541433,8.323138618776053,7.64514060710249,6.980856393292624,0.02568294411948102,0.07288390179235282,8.622752027374522,8.404824658871652,1.0,0.0,15.260756375979733,12.950497172196648,0.027197563937771996,67.837,54.5,53.75,67.553
Ростовская область,2018,5179.120570762705,3833.308140679683,1345.812430083022,2061.933046115828,1950.398362840201,871.3192161640759,3407.74547619885,15.25957936535939,67.99,13.03119616112499,13.00682052165464,2.467515403841092,90.34490047107509,0,48.2,58.8,62.66,0.7916674190778499,1.0,0.0,8.13380620094625,7.631399193688833,7.204753146915325,8.251483453665031,7.575788919329711,6.770008403583823,0.024375639470349597,0.12013621726614154,7.916674190778499,8.404824658871652,1.0,0.0,15.260756375979733,12.950497172196648,0.027197563937771996,67.837,54.5,53.75,67.553
Ростовская область,2019,4328.992668405967,3679.815729279851,649.1769391261165,2534.779661890801,2516.8701404231,1606.221244384571,3183.956601016917,15.25771609711546,68.04,13.05089934749724,13.03119616112499,1.989857530056027,90.34490047107509,0,48.2,58.8,78.97,0.7884177838886488,1.0,0.0,8.065879916537497,7.83786199386139,6.475705313022634,8.210617956343995,7.83077140080598,7.38163964615461,0.019703186372248993,-0.06792628440875248,7.8841778388864885,8.404824658871652,1.0,0.0,15.260756375979733,12.950497172196648,0.027197563937771996,67.837,54.5,53.75,67.553
Ростовская область,2020,6736.548700222895,3854.81040621989,2881.738294003005,5011.098098130905,3776.119442211953,2722.86121577524,7892.83639213391,15.25606414823554,68.03,13.02825860380812,13.05089934749724,-2.238636543924699,90.34490047107509,0,48.2,58.8,78.97,0.8214295225574917,1.0,0.0,8.973710841270323,8.51941035132586,7.96614896535888,8.257077103522075,8.236452158706836,7.909438523976876,-0.022640743689120058,0.907830924732826,8.214295225574917,8.404824658871652,1.0,0.0,15.260756375979733,12.950497172196648,0.027197563937771996,67.837,54.5,53.75,67.553
Ростовская область,2021,4595.767084144576,3566.21937117162,1029.547712972957,6595.772044332035,3005.093822220435,4951.067396841539,7625.319757304992,15.25165499753642,67.94,13.09376285386705,13.02825860380812,6.769727508018875,90.34490047107509,0,48.2,58.8,78.97,0.8240350023366079,1.0,0.0,8.93922953598061,8.794184123399457,6.936874871166576,8.17926131396552,8.00806406851866,8.507358468042257,0.06550425005893068,-0.03448130528971305,8.240350023366078,8.404824658871652,1.0,0.0,15.260756375979733,12.950497172196648,0.027197563937771996,67.837,54.5,53.75,67.553
Рязанская область,2012,3505.384136958015,3415.307862104052,90.07627485396243,10235.56649812585,5577.832032233597,3048.554900510925,10325.64277297981,13.95379227491134,70.88,12.99817061429025,12.94727780973745,5.221009510589147,95.11195291262811,0,52.7,39.8,59.74,0.6902169455392364,1.0,0.0,9.242385669933158,9.233623845672218,4.500656809783653,8.13602291789889,8.626555455190765,8.022422954210123,0.05089280455280054,,6.9021694553923645,4.456927781319715,0.7,0.1,13.938522044765856,13.013257137578137,0.016012176634652063,71.239,47.15,48.0,64.72
Рязанская область,2013,4597.010280776786,3157.388656880191,1439.621623896596,6186.466028939144,4706.853358853148,692.7356237491286,7626.08765283574,13.95153334448804,70.88,13.02512215730392,12.99817061429025,2.731802082205914,95.11195291262811,0,52.7,39.8,59.74,0.6772334293948125,1.0,0.0,8.93933023429792,8.730119286479033,7.272135596859359,8.057500590540402,8.456774887071184,6.540648431090552,0.026951543013669976,-0.3030554356352386,6.772334293948124,4.456927781319715,0.7,0.1,13.938522044765856,13.013257137578137,0.016012176634652063,71.239,47.15,48.0,64.72
Рязанская область,2014,5070.461111632796,2968.996939314588,2101.464172318209,5416.206329855298,3690.648777825656,440.6126853120696,7517.670502173507,13.94857008927976,70.96,13.0180350766587,13.02512215730392,-0.7062026511006514,95.11195291262811,0,52.7,39.8,59.74,0.6971276306006564,1.0,0.0,8.925011595306978,8.597150910220838,7.650389605676577,7.995979443882321,8.21355754212891,6.088166224948047,-0.007087080645220567,-0.014318638990941324,6.971276306006564,4.456927781319715,0.7,0.1,13.938522044765856,13.013257137578137,0.016012176634652063,71.239,47.15,48.0,64.72
Рязанская область,2015,3890.542767106527,3086.360319421317,804.18244768521,4224.670045487424,4335.24964082244,1317.293618176398,5028.852493172634,13.94492699576324,71.1,13.00249535075845,13.0180350766587,-1.541960736765502,95.11195291262811,0,52.7,39.8,59.74,0.0,0.0,0.0,8.52294710449754,8.34869644099902,6.6898261684169915,8.034747785479043,8.374534474828172,7.183334621599737,-0.015539725900250545,-0.4020644908094386,0.0,4.456927781319715,0.7,0.1,13.938522044765856,13.013257137578137,0.016012176634652063,71.239,47.15,48.0,64.72
Рязанская область,2016,3984.764553576506,2902.998841103651,1081.765712472856,4232.60444487434,3771.877690048968,1416.283951113553,5314.370157347195,13.94217228336484,71.22,12.99620931850469,13.00249535075845,-0.6266316485952217,95.11195291262811,0,52.7,39.8,59.74,0.0,0.0,0.0,8.57816978090308,8.350572790578035,6.986349904049524,7.973499564818092,8.23532821747178,7.255791784597547,-0.006286032253759899,0.05522267640554013,0.0,4.456927781319715,0.7,0.1,13.938522044765856,13.013257137578137,0.016012176634652063,71.239,47.15,48.0,64.72
Рязанская область,2017,4337.010659440018,3952.341090360921,384.669569079097,4192.826376046204,3609.620750305425,1458.008920769278,4577.495945125301,13.9394417659273,71.34,13.01776159018283,12.99620931850469,2.178619942081639,95.11195291262811,0,43.3,54.5,59.74,0.0,0.0,0.0,8.428907390720923,8.34113033826339,5.952384703637753,8.282063363433119,8.191357990491174,7.284827031047333,0.02155227167814111,-0.14926239018215703,0.0,4.456927781319715,0.7,0.1,13.938522044765856,13.013257137578137,0.016012176634652063,71.239,47.15,48.0,64.72
Рязанская область,2018,5740.694334308733,3666.22572768241,2074.468606626323,4667.442749948435,3269.556769590178,2199.755052352751,6741.911356574758,13.93494289943444,71.49,13.02525596565548,13.01776159018283,0.7522528590584221,95.11195291262811,0,43.3,54.5,59.74,0.5912868690208003,1.0,1.0,8.81609874776553,8.448366609662761,7.637460306675204,8.20691799979444,8.092409710236483,7.696101293308009,0.00749437547264975,0.38719135704460683,5.912868690208003,4.456927781319715,0.7,0.1,13.938522044765856,13.013257137578137,0.016012176634652063,71.239,47.15,48.0,64.72
Рязанская область,2019,5728.221667369262,4094.095276973515,1634.126390395747,6080.116898908796,3494.267950080744,4398.464268892977,7714.243289304543,13.93044777032629,71.57,13.04266732003018,13.02525596565548,1.756381557189668,95.11195291262811,0,43.3,54.5,76.34,0.5949572856571478,1.0,0.0,8.95082367694138,8.71277920156959,7.398863622731962,8.31730103829375,8.158879176385732,8.389010729184225,0.017411354374699428,0.13472492917584944,5.949572856571478,4.456927781319715,0.7,0.1,13.938522044765856,13.013257137578137,0.016012176634652063,71.239,47.15,48.0,64.72
Рязанская область,2020,7561.400958510127,4252.766481306613,3308.634477203512,7374.362122165566,4322.56234585388,4608.711289188263,10682.99659936908,13.92447885773538,71.52,13.05957617265942,13.04266732003018,1.705261642844236,95.11195291262811,0,43.3,54.5,76.34,0.6032793870586162,1.0,0.0,9.276408653624118,8.905764685557626,8.104290838599645,8.355324986929038,8.371603641017078,8.435703550096374,0.01690885262924091,0.3255849766827392,6.032793870586161,4.456927781319715,0.7,0.1,13.938522044765856,13.013257137578137,0.016012176634652063,71.239,47.15,48.0,64.72
Рязанская область,2021,5916.337350793835,3931.902958048441,1984.434392745394,9358.796400573285,3669.137767901118,4947.43423519165,11343.23079331868,13.91491416642793,71.43,13.10739957608397,13.05957617265942,4.898539173861405,95.11195291262811,0,43.3,54.5,76.34,0.6028262340484448,1.0,0.0,9.336376439113813,9.144071971520935,7.59308921183556,8.276878800913781,8.207711972819345,8.506624384855105,0.04782340342454994,0.05996778548969495,6.028262340484448,4.456927781319715,0.7,0.1,13.938522044765856,13.013257137578137,0.016012176634652063,71.239,47.15,48.0,64.72
Самарская область,2012,419.8956891875732,0.0,419.8956891875732,3322.551923144589,3310.776797050864,2261.871912418871,3742.447612332162,14.98430758534111,80.31,13.39377965770766,13.34559562122779,4.93637587671556,85.55174732465221,0,53.0,39.4,58.56,0.7195462775026603,1.0,0.0,8.227495118154971,8.1084884181988,6.040006321353984,,8.1049381227261,7.723948029263246,0.04818403647986891,,7.195462775026603,3.4717206169145696,0.5,0.2,14.982020275793763,13.407048298633658,0.008391063280375022,80.023,45.1,52.95,63.738
Самарская область,2013,1265.81050139701,94.40102784698375,1171.409473550026,4095.057927877549,3344.620144026099,1009.982761955484,5266.467401427575,14.98478011002813,80.31,13.43444907635181,13.39377965770766,4.150774558646321,85.55174732465221,0,53.0,39.4,58.56,0.0,0.0,1.0,8.569115094459201,8.31753614218896,7.065962980997083,4.547551961301752,8.11510840677948,6.917688542318848,0.04066941864414986,0.34161997630423,0.0,3.4717206169145696,0.5,0.2,14.982020275793763,13.407048298633658,0.008391063280375022,80.023,45.1,52.95,63.738
Самарская область,2014,1148.963102354672,0.0,1148.963102354672,4101.355329891286,3399.278916878623,728.5290457574466,5250.318432245957,14.98560377589053,80.3,13.45244716473,13.43444907635181,1.816103004909864,85.55174732465221,0,53.0,39.4,58.56,0.0,0.0,0.0,8.56604400750744,8.319072766332916,7.0466151644999435,,8.131318604840422,6.59102749547524,0.017998088378190502,-0.0030710869517616146,0.0,3.4717206169145696,0.5,0.2,14.982020275793763,13.407048298633658,0.008391063280375022,80.023,45.1,52.95,63.738
Самарская область,2015,1711.073829483953,0.0,1711.073829483953,3843.849795267594,3189.519788943434,1451.611745278917,5554.923624751547,14.98572262828546,80.23,13.42186910485036,13.45244716473,-3.011527997229635,85.55174732465221,0,53.0,39.4,58.56,0.0,0.0,0.0,8.6224399530596,8.254229694214242,7.444876422864216,,8.067625648065784,7.280429766570246,-0.03057805987963924,0.05639594555215943,0.0,3.4717206169145696,0.5,0.2,14.982020275793763,13.407048298633658,0.008391063280375022,80.023,45.1,52.95,63.738
Самарская область,2016,363.0987370020828,0.0,363.0987370020828,2853.849956254559,2990.298986514916,1586.79111333697,3216.948693256642,14.98525365332854,80.11,13.40009247085996,13.42186910485036,-2.154123492587312,85.55174732465221,0,53.0,39.4,58.56,0.0,0.0,0.0,8.076188578481645,7.956424223513406,5.894674800039366,,8.003128656875456,7.369469088257068,-0.02177663399040064,-0.5462513745779543,0.0,3.4717206169145696,0.5,0.2,14.982020275793763,13.407048298633658,0.008391063280375022,80.023,45.1,52.95,63.738
Самарская область,2017,283.1795321677023,0.0,283.1795321677023,4387.267623446868,2248.571938438583,1476.676715714776,4670.447155614571,14.98423797704004,80.0,13.40907631679764,13.40009247085996,0.9024321800431556,85.55174732465221,0,52.9,50.8,58.56,0.0,0.0,0.0,8.449010096746072,8.386461903054562,5.646081085788585,,7.718050599667649,7.297549379572369,0.008983845937679646,0.372821518264427,0.0,3.4717206169145696,0.5,0.2,14.982020275793763,13.407048298633658,0.008391063280375022,80.023,45.1,52.95,63.738
Самарская область,2018,915.4572560101335,0.0,915.4572560101335,1813.881022861724,2205.696126850718,1968.993988152851,2729.338278871857,14.98194939378301,79.86,13.41336290271734,13.40907631679764,0.4295786470745133,85.55174732465221,0,52.9,50.8,58.56,0.685096804971215,1.0,1.0,7.911814470106491,7.503224040244983,6.819423673794806,,7.698798441844166,7.585278025385532,0.004286585919700769,-0.5371956266395808,6.850968049712149,3.4717206169145696,0.5,0.2,14.982020275793763,13.407048298633658,0.008391063280375022,80.023,45.1,52.95,63.738
Самарская область,2019,522.4813531019818,0.0,522.4813531019818,3211.886593767995,2403.196362335786,3226.013376116452,3734.367946869977,14.98069492369282,79.77,13.42852027797653,13.41336290271734,1.527283086866271,85.55174732465221,0,52.9,50.8,75.82,0.6860457072984558,1.0,0.0,8.225333858847918,8.074613767397265,6.258589295359043,,7.784554947893481,8.079002405023877,0.015157375259189365,0.31351938874142693,6.860457072984558,3.4717206169145696,0.5,0.2,14.982020275793763,13.407048298633658,0.008391063280375022,80.023,45.1,52.95,63.738
Самарская область,2020,2878.960213474101,0.0,2878.960213474101,5652.480906835102,3649.90680341496,9503.350976321544,8531.441120309202,14.9771126691551,79.71,13.37129039311749,13.42852027797653,-5.562305355036933,85.55174732465221,0,52.9,50.8,75.82,0.6891393747298804,1.0,0.0,9.051513573497006,8.639849826319812,7.965184470952288,,8.202456912939587,9.159399749742134,-0.057229884859038904,0.8261797146490881,6.891393747298804,3.4717206169145696,0.5,0.2,14.982020275793763,13.407048298633658,0.008391063280375022,80.023,45.1,52.95,63.738
Самарская область,2021,278.9082128982643,0.0,278.9082128982643,6928.681644803894,2838.303489411386,10733.55773692967,7207.589857702159,14.97054004139289,79.63,13.42950625403154,13.37129039311749,5.994377144887864,85.55174732465221,0,52.9,50.8,75.82,0.691892452412358,1.0,0.0,8.882889896684535,8.843424835241208,5.630882741665864,,7.950961789779643,9.281130349813198,0.058215860914049955,-0.16862367681247115,6.91892452412358,3.4717206169145696,0.5,0.2,14.982020275793763,13.407048298633658,0.008391063280375022,80.023,45.1,52.95,63.738
Саратовская область,2012,4343.508069724377,3317.881654432413,1025.626415291964,4918.062620805299,2123.534547876339,1790.895497080388,5943.689036097263,14.73791337294484,74.84,12.78646085822916,12.72843036682452,5.974730840165154,87.55403917112397,0,67.3,64.9,70.64,0.73,1.0,0.0,8.690085269433068,8.500669955677038,6.9330588417746295,8.107081802372392,7.660837218929359,7.490471051436174,0.05803049140464012,,7.3,6.759308607098035,1.0,0.1,14.731359477747286,12.836899884145712,0.020306786101254026,75.899,66.55,65.9,72.947
Саратовская область,2013,5041.172895412828,3666.727282259383,1374.445613153445,4537.037038875344,1855.329224660234,484.2457483190012,5911.482652028789,14.73797419817628,75.1,12.82850120901635,12.78646085822916,4.293656121296952,87.55403917112397,0,67.3,64.9,70.64,0.6657223796033974,1.0,1.0,8.684651950684769,8.420029443367767,7.225805738363696,8.20705479450104,7.525817438895099,6.182592522318775,0.042040350787189595,-0.005433318748298888,6.657223796033974,6.759308607098035,1.0,0.1,14.731359477747286,12.836899884145712,0.020306786101254026,75.899,66.55,65.9,72.947
Саратовская область,2014,5412.039650069722,2990.017779520679,2422.021870549044,3208.067139809464,2093.569360768893,455.4961341708882,5630.089010358508,14.73840980541806,75.42,12.83106111075437,12.82850120901635,0.2563181084139554,87.55403917112397,0,67.3,64.9,70.64,0.6828641496676493,1.0,0.0,8.63588053101915,8.073423897635687,7.792357954026456,8.00303461269504,7.646625716397772,6.1213872296626555,0.0025599017380191214,-0.048771419665618154,6.828641496676493,6.759308607098035,1.0,0.1,14.731359477747286,12.836899884145712,0.020306786101254026,75.899,66.55,65.9,72.947
Саратовская область,2015,3990.361767543725,3019.398600548422,970.9631669953044,3561.363110415715,1981.479457591976,1918.145612307122,4532.326277411019,14.73908708386517,75.67,12.82033349645376,12.83106111075437,-1.067027865436754,87.55403917112397,0,67.3,64.9,70.64,0.6761653838862693,1.0,0.0,8.418990613689502,8.177898646744229,6.87828853450831,8.012812951646882,7.591599045477067,7.5591141713870975,-0.010727614300609645,-0.2168899173296488,6.761653838862694,6.759308607098035,1.0,0.1,14.731359477747286,12.836899884145712,0.020306786101254026,75.899,66.55,65.9,72.947
Саратовская область,2016,4085.693708075028,2975.787412198811,1109.906295876217,1890.61351713449,1837.106344307371,1514.511975899209,3000.519813010707,14.7388245687745,75.95,12.8295557529159,12.82033349645376,0.9264912496723454,87.55403917112397,0,67.3,64.9,70.64,0.6848965792603,1.0,0.0,8.00654082364413,7.544656667619004,7.012030872613435,7.998263959328467,7.51594697374498,7.322848537929728,0.00922225646213981,-0.41244979004537186,6.848965792603,6.759308607098035,1.0,0.1,14.731359477747286,12.836899884145712,0.020306786101254026,75.899,66.55,65.9,72.947
Саратовская область,2017,5196.557227959626,4193.272095526167,1003.285132433461,2353.651044904958,1723.418828416924,1162.495962782376,3356.936177338419,14.73642617853421,76.2,12.85371563493771,12.8295557529159,2.44540965898481,87.55403917112397,0,64.5,68.2,70.64,0.6889950184552841,1.0,0.0,8.118783984984717,7.763723037623955,6.911035027156825,8.341236637869075,7.452065287903771,7.058324664580105,0.024159882021811185,0.11224316134058654,6.889950184552841,6.759308607098035,1.0,0.1,14.731359477747286,12.836899884145712,0.020306786101254026,75.899,66.55,65.9,72.947
Саратовская область,2018,6046.144256252141,4043.872902279517,2002.271353972626,2359.415803615306,1716.88129595176,2357.863572029675,4361.687157587932,14.73126554635351,76.44,12.87573338418482,12.85371563493771,2.226192868900578,87.55403917112397,0,64.5,68.2,70.64,0.6477278883364228,1.0,0.0,8.38061422424183,7.766169326535392,7.602037492135122,8.304958150932206,7.448264723942493,7.765511221929731,0.022017749247108753,0.26183023925711346,6.477278883364228,6.759308607098035,1.0,0.1,14.731359477747286,12.836899884145712,0.020306786101254026,75.899,66.55,65.9,72.947
Саратовская область,2019,7240.984524550455,4181.271864586005,3059.712659964451,3864.70105681498,2016.401640877748,3282.454346900146,6924.413716779431,14.72555663248828,76.45,12.89928221617839,12.87573338418482,2.382829510267293,87.55403917112397,0,64.5,68.2,78.33,0.6567710296215281,1.0,0.0,8.84280866563462,8.259639611798578,8.026076288564958,8.338370753061312,7.609069835974138,8.09634669805286,0.02354883199357083,0.4621944413927892,6.567710296215282,6.759308607098035,1.0,0.1,14.731359477747286,12.836899884145712,0.020306786101254026,75.899,66.55,65.9,72.947
Саратовская область,2020,10245.14792086361,4339.940617902269,5905.207302961344,8176.425586893534,3287.148959986812,4551.219515351839,14081.63288985488,14.7188643675577,76.39,12.91592481196213,12.89928221617839,1.678185525470166,87.55403917112397,0,64.5,68.2,78.33,0.6594989715156921,1.0,0.0,9.552626595278596,9.009010364280245,8.683589834359253,8.375615944489846,8.097775890552457,8.42315050138467,0.016642595783739722,0.709817929643977,6.594989715156921,6.759308607098035,1.0,0.1,14.731359477747286,12.836899884145712,0.020306786101254026,75.899,66.55,65.9,72.947
Саратовская область,2021,6788.122328232642,4029.951941428027,2758.170386804614,8386.66352053689,2431.455112332361,5420.493456690622,11144.8339073415,14.70927302336032,76.53,12.93149822783706,12.91592481196213,1.569531348123343,87.55403917112397,0,64.5,68.2,78.33,0.6666672067514912,1.0,0.0,9.318731342823456,9.034398047011486,7.92232283556197,8.301509729665659,7.796245168777841,8.597942133959325,0.015573415874930774,-0.23389525245513987,6.666672067514911,6.759308607098035,1.0,0.1,14.731359477747286,12.836899884145712,0.020306786101254026,75.899,66.55,65.9,72.947
Сахалинская область,2012,132.5444928490565,0.0,132.5444928490565,16442.81303304935,3105.287052080578,4499.230509061462,16575.35752589841,13.10559558034875,80.55,14.72082093764354,14.73896482296358,-1.798027602982422,86.46405226000026,0,49.1,41.9,56.3,0.0,0.0,0.0,9.715672385011379,9.707643763038947,4.886918384146943,,8.040861438429625,8.411661663150246,-0.018143885320039743,,0.0,4.596819886461441,0.6,0.2,13.07874068277152,14.774164130342658,0.005006101852764111,81.62100000000001,43.65,43.1,59.486000000000004
Сахалинская область,2013,1203.396308510421,0.0,1203.396308510421,16891.13429198983,3211.629615041576,2927.465229792267,18094.53060050025,13.09712761733607,80.97,14.74319180582522,14.72082093764354,2.262297247405343,86.46405226000026,0,49.1,41.9,56.3,0.0,0.0,0.0,9.803364994821376,9.734544165154325,7.092903095231622,,8.07453375554139,7.981892218302199,0.02237086818167988,0.08769260980999682,0.0,4.596819886461441,0.6,0.2,13.07874068277152,14.774164130342658,0.005006101852764111,81.62100000000001,43.65,43.1,59.486000000000004
Сахалинская область,2014,1936.226903945992,0.0,1936.226903945992,10716.82500030582,3445.733811872822,3466.695867872971,12653.05190425181,13.08777193263471,81.23,14.759523104263,14.74319180582522,1.646538302277412,86.46405226000026,0,49.1,41.9,56.3,0.0,0.0,0.0,9.445653722310922,9.279570215411606,7.568496463420294,,8.144892168565347,8.150957219850772,0.01633129843778036,-0.3577112725104534,0.0,4.596819886461441,0.6,0.2,13.07874068277152,14.774164130342658,0.005006101852764111,81.62100000000001,43.65,43.1,59.486000000000004
Сахалинская область,2015,1252.378863373035,0.0,1252.378863373035,4914.374930098958,3248.273611520605,2814.850044474447,6166.753793471993,13.07952059246176,81.39,14.79830364947077,14.759523104263,3.954232607075546,86.46405226000026,0,49.1,41.9,56.3,0.0,0.0,0.0,8.726927850969632,8.499919848521989,7.132800112411906,,8.085878937733765,7.94266426898595,0.038780545207769634,-0.7187258713412898,0.0,4.596819886461441,0.6,0.2,13.07874068277152,14.774164130342658,0.005006101852764111,81.62100000000001,43.65,43.1,59.486000000000004
Сахалинская область,2016,1261.362664857971,0.0,1261.362664857971,2827.358368148461,3112.236295323029,2013.700490381068,4088.721033006432,13.0753178904002,81.59,14.80250635153233,14.79830364947077,0.4211545798726181,86.46405226000026,0,49.1,41.9,56.3,0.8402565061851601,1.0,1.0,8.315987494267775,7.947098115895178,7.139947895613278,,8.043096812789441,7.607729348406735,0.0042027020615602595,-0.41094035670185747,8.4025650618516,4.596819886461441,0.6,0.2,13.07874068277152,14.774164130342658,0.005006101852764111,81.62100000000001,43.65,43.1,59.486000000000004
Сахалинская область,2017,400.6929612620572,0.0,400.6929612620572,1825.339556280121,3066.042868294714,855.5024588022777,2226.032517542179,13.07622728806031,81.81,14.74396784103559,14.80250635153233,-5.685808116349966,86.46405226000026,0,37.1,45.4,56.3,0.857142612244967,1.0,0.0,7.707976139789071,7.5095213069455875,5.993195451383638,,8.028143041165297,6.751688967439489,-0.058538510496740415,-0.6080113544787036,8.57142612244967,4.596819886461441,0.6,0.2,13.07874068277152,14.774164130342658,0.005006101852764111,81.62100000000001,43.65,43.1,59.486000000000004
Сахалинская область,2018,3222.729982484688,0.0,3222.729982484688,1424.464448397683,3349.372557831643,38223.91344385009,4647.194430882371,13.07586279015213,81.99,14.81012007948177,14.74396784103559,6.838935472110852,86.46405226000026,0,37.1,45.4,56.3,0.785124713135057,1.0,0.0,8.444018968296295,7.261551196376742,8.077984099988957,,8.116528311107336,10.551216605117917,0.06615223844618079,0.7360428285072231,7.85124713135057,4.596819886461441,0.6,0.2,13.07874068277152,14.774164130342658,0.005006101852764111,81.62100000000001,43.65,43.1,59.486000000000004
Сахалинская область,2019,661.893064701213,0.0,661.893064701213,3204.802313805802,3973.910578688403,39401.57358675427,3866.695378507015,13.07093744264149,82.12,14.81804093597222,14.81012007948177,0.7952309464202223,86.46405226000026,0,37.1,45.4,66.92,0.6968495767047301,1.0,1.0,8.26015551387473,8.072405686892635,6.495104009205069,,8.287505921270375,10.581561033238604,0.00792085649045049,-0.18386345442156404,6.968495767047301,4.596819886461441,0.6,0.2,13.07874068277152,14.774164130342658,0.005006101852764111,81.62100000000001,43.65,43.1,59.486000000000004
Сахалинская область,2020,850.7994922178245,0.0,850.7994922178245,5011.355582156356,4553.589974160633,15457.76445992924,5862.155074374181,13.06359378395837,82.2,14.80620177523855,14.81804093597222,-1.176935362765208,86.46405226000026,0,37.1,45.4,66.92,0.7063347909899357,1.0,0.0,8.67627257509599,8.51946173276073,6.7461764864968305,,8.423671206153966,9.64586671012863,-0.011839160733670084,0.416117061221259,7.063347909899357,4.596819886461441,0.6,0.2,13.07874068277152,14.774164130342658,0.005006101852764111,81.62100000000001,43.65,43.1,59.486000000000004
Сахалинская область,2021,21.38401630317403,0.0,21.38401630317403,6401.824303169753,4531.18164430255,7095.875136782861,6423.208319472927,13.05545190972141,82.36,14.78902584149122,14.80620177523855,-1.702926830311435,86.46405226000026,0,37.1,45.4,66.92,0.7111116872015905,1.0,0.0,8.767673010092098,8.764338276099753,3.0626437412369083,,8.4187380330939,8.86726892755259,-0.017175933747330063,0.09140043499610861,7.111116872015905,4.596819886461441,0.6,0.2,13.07874068277152,14.774164130342658,0.005006101852764111,81.62100000000001,43.65,43.1,59.486000000000004
Свердловская область,2012,508.0467619741622,318.4407442985355,189.6060176756268,2853.213606137481,2864.000615392734,1332.482502267008,3042.819623813108,15.27681614389664,84.11,13.40411562162859,13.3376640094511,6.870925031050046,90.6531957904619,0,51.2,32.7,64.5,0.7341035721342152,1.0,0.0,8.020539872363921,7.956201219121477,5.2449483281127565,5.76343641154504,7.959974742952277,7.194799024446845,0.06645161217748985,,7.341035721342152,9.156499373804538,1.0,0.1,15.277535141773035,13.418360170253417,0.01509034847636297,84.94300000000001,36.6,46.35,67.53
Свердловская область,2013,977.6679312914812,70.64923232179275,907.0186989696886,2534.620445151817,2563.758375375734,990.965074840598,3441.639144121506,15.27831840637931,84.27,13.4224159864421,13.40411562162859,1.846884265575333,90.6531957904619,0,51.2,32.7,64.5,0.93625498007968,1.0,1.0,8.143703132263727,7.837799179036884,6.8101630661867345,4.257727243137924,7.849229576226982,6.898679291368496,0.01830036481351094,0.12316325989980648,9.362549800796799,9.156499373804538,1.0,0.1,15.277535141773035,13.418360170253417,0.01509034847636297,84.94300000000001,36.6,46.35,67.53
Свердловская область,2014,1834.331442762724,38.26141916733227,1796.070023595392,1923.296708834476,2618.983549768097,970.65738824531,3719.366732429868,15.2796521415197,84.45,13.42208175163479,13.4224159864421,-0.03341789570818765,90.6531957904619,0,51.2,32.7,64.5,0.9401404314086327,1.0,0.0,8.221308699558096,7.561796028452285,7.493356236740968,3.6444420560406625,7.870541563376148,6.87797356178957,-0.00033423480731009647,0.07760556729436807,9.401404314086326,9.156499373804538,1.0,0.1,15.277535141773035,13.418360170253417,0.01509034847636297,84.94300000000001,36.6,46.35,67.53
Свердловская область,2015,937.605901233279,0.0,937.605901233279,1395.607402984601,2402.982853486529,1789.590876088488,2333.21330421788,15.28071637174535,84.65,13.39364632461301,13.42208175163479,-2.803494520189032,90.6531957904619,0,51.2,32.7,64.5,0.9354832909681007,1.0,0.0,7.755001696996724,7.2410850138160345,6.843329712780415,,7.784466100249725,7.48974231186637,-0.028435427021779702,-0.46630700256137114,9.354832909681006,9.156499373804538,1.0,0.1,15.277535141773035,13.418360170253417,0.01509034847636297,84.94300000000001,36.6,46.35,67.53
Свердловская область,2016,569.713986135244,0.0,569.713986135244,1202.171306831166,2374.77406701238,1894.016381980929,1771.88529296641,15.28091850294813,84.86,13.41226594765081,13.39364632461301,1.879404911961702,90.6531957904619,0,51.2,32.7,64.5,0.9528995885360702,1.0,0.0,7.479799395980816,7.091884623102772,6.3451344561854315,,7.772657582264629,7.546454923117767,0.01861962303780018,-0.27520230101590837,9.528995885360702,9.156499373804538,1.0,0.1,15.277535141773035,13.418360170253417,0.01509034847636297,84.94300000000001,36.6,46.35,67.53
Свердловская область,2017,468.3465538888535,0.0,468.3465538888535,1361.883055778378,2291.108262687719,881.9958611799306,1830.229609667232,15.28035613041443,85.06,13.43361085936705,13.41226594765081,2.157434383937584,90.6531957904619,0,41.5,40.5,64.5,0.9632104271381577,1.0,0.0,7.512196707728309,7.2166236208926815,6.149208521645479,,7.736790936984176,6.78218736345602,0.021344911716239423,0.03239731174749316,9.632104271381577,9.156499373804538,1.0,0.1,15.277535141773035,13.418360170253417,0.01509034847636297,84.94300000000001,36.6,46.35,67.53
Свердловская область,2018,1848.102698364053,0.0,1848.102698364053,1547.116687351069,2245.869629157159,1004.039425189499,3395.219385715122,15.27876572873878,85.27,13.45794074801218,13.43361085936705,2.462827537691559,90.6531957904619,0,41.5,40.5,64.5,0.9134624066282866,1.0,0.0,8.130123658145093,7.344148275880458,7.521914823365345,,7.716848087824334,6.911786567597733,0.024329888645130637,0.6179269504167841,9.134624066282866,9.156499373804538,1.0,0.1,15.277535141773035,13.418360170253417,0.01509034847636297,84.94300000000001,36.6,46.35,67.53
Свердловская область,2019,376.2090301203364,0.0,376.2090301203364,2686.832283326621,2756.80467069631,1513.273178015727,3063.041313446958,15.27706567295821,85.45,13.46263631277255,13.45794074801218,0.4706606199745389,90.6531957904619,0,41.5,40.5,74.6,0.9242809006945253,1.0,0.0,8.027163594644836,7.896118188850753,5.930144920088517,,7.921827560017844,7.322030251367352,0.004695564760369919,-0.10296006350025699,9.242809006945253,9.156499373804538,1.0,0.1,15.277535141773035,13.418360170253417,0.01509034847636297,84.94300000000001,36.6,46.35,67.53
Свердловская область,2020,3895.073589281075,0.0,3895.073589281075,4639.543476523567,4347.545607152999,4079.842278559262,8534.617065804641,15.27407837024707,85.58,13.43722414096199,13.46263631277255,-2.509200038978576,90.6531957904619,0,41.5,40.5,74.6,0.9246241861953671,1.0,0.0,9.051885767883954,8.442371251699551,8.267467851394942,,8.377366736605387,8.313813609435131,-0.025412171810561546,1.0247221732391179,9.24624186195367,9.156499373804538,1.0,0.1,15.277535141773035,13.418360170253417,0.01509034847636297,84.94300000000001,36.6,46.35,67.53
Свердловская область,2021,274.4430770482668,0.0,274.4430770482668,6219.26495171491,3326.089671749311,4822.196030806399,6493.708028763177,15.26866394888274,85.73,13.48856749421473,13.43722414096199,5.268427380857466,90.6531957904619,0,41.5,40.5,74.6,0.9320395900215016,1.0,0.0,8.778588991498554,8.735407003784566,5.614743869858169,,8.109552620228074,8.480984711337932,0.05134335325274009,-0.2732967763854006,9.320395900215017,9.156499373804538,1.0,0.1,15.277535141773035,13.418360170253417,0.01509034847636297,84.94300000000001,36.6,46.35,67.53
Смоленская область,2012,6390.127440682942,5100.39026514246,1289.737175540482,8691.613144730925,3480.975684207894,3136.556664342852,9981.350320271407,13.7897403399657,72.68,12.89077942037623,12.84347422548549,4.844193937976082,94.66093975086856,0,49.6,36.2,56.69,0.0,0.0,0.0,9.20847366278534,9.070113833336949,7.162193736706827,8.537072338361668,8.155067902497727,8.050880873480049,0.0473051948907397,,0.0,0.0,0.0,0.1,13.75185863536998,12.952967034060379,0.023782608667671033,72.503,42.15,45.0,61.73
Смоленская область,2013,5478.975182707732,3647.754243481771,1831.22093922596,5715.90615394025,2917.314801519685,256.7246751873258,7547.12709316621,13.78104125894367,72.63,12.94349538681503,12.89077942037623,5.413019424128307,94.66093975086856,0,49.6,36.2,56.69,0.0,0.0,1.0,8.928922252366501,8.651008120779963,7.512738203274794,8.201866981458313,7.978418883660755,5.548004207867182,0.052715966438800166,-0.27955141041883813,0.0,0.0,0.0,0.1,13.75185863536998,12.952967034060379,0.023782608667671033,72.503,42.15,45.0,61.73
Смоленская область,2014,4542.01819608708,2921.606644466557,1620.411551620523,3406.415947008592,2596.68346708172,3442.66811393117,5026.827498629114,13.77340857794532,72.58,12.95512008908292,12.94349538681503,1.169253169679574,94.66093975086856,0,49.6,36.2,56.69,0.0,0.0,0.0,8.522544348130483,8.133415975612696,7.390435440172863,7.979888964654141,7.861990320168714,8.144002064248822,0.011624702267889475,-0.4063779042360185,0.0,0.0,0.0,0.1,13.75185863536998,12.952967034060379,0.023782608667671033,72.503,42.15,45.0,61.73
Смоленская область,2015,3849.571136643929,3093.946096586538,755.6250400573897,2052.396628142958,2486.469983359742,1605.846105968401,2808.021668200347,13.76637703485391,72.51,12.95311088752218,12.95512008908292,-0.2007184466427336,94.66093975086856,0,49.6,36.2,56.69,0.0,0.0,0.0,7.940235481711494,7.626763476181525,6.627545274381316,8.037202609063517,7.818619306237867,7.381406065487109,-0.0020092015607389158,-0.5823088664189884,0.0,0.0,0.0,0.1,13.75185863536998,12.952967034060379,0.023782608667671033,72.503,42.15,45.0,61.73
Смоленская область,2016,4135.300189960681,3255.61320606802,879.6869838926611,2105.968965438746,2386.28586791395,1565.197910189057,2985.655949331407,13.75817695230855,72.55,12.93804234312819,12.95311088752218,-1.495558198371494,94.66093975086856,0,49.6,36.2,56.69,0.0,0.0,0.0,8.001574750205268,7.652530956326436,6.779566144073982,8.088135925860687,7.777493406006698,7.355767555163539,-0.015068544393990635,0.061339268493774135,0.0,0.0,0.0,0.1,13.75185863536998,12.952967034060379,0.023782608667671033,72.503,42.15,45.0,61.73
Смоленская область,2017,5851.43589257344,4479.704466305629,1371.731426267812,2113.021009912044,2148.673981531632,1334.622444626125,3484.752436179856,13.75115868607332,72.5,12.97461941160496,12.93804234312819,3.725424054176574,94.66093975086856,0,40.4,48.1,56.69,0.0,0.0,0.0,8.156152283707206,7.655873960733706,7.223829035674506,8.407312355890596,7.672606178075493,7.196403717821069,0.036577068476770336,0.15457753350193748,0.0,0.0,0.0,0.1,13.75185863536998,12.952967034060379,0.023782608667671033,72.503,42.15,45.0,61.73
Смоленская область,2018,6425.195454880164,4063.825723395667,2361.369731484496,2743.045325920557,2078.435899708485,944.15338459161,5104.415057405053,13.74320112132165,72.36,13.00237960365281,12.97461941160496,2.814909652639153,94.66093975086856,0,40.4,48.1,56.69,0.0,0.0,0.0,8.537861141742832,7.916824015015647,7.766997124352616,8.309880105316095,7.639370918529136,6.85028863662401,0.027760192047850296,0.38170885803562626,0.0,0.0,0.0,0.1,13.75185863536998,12.952967034060379,0.023782608667671033,72.503,42.15,45.0,61.73
Смоленская область,2019,6287.10881125513,4044.965954551872,2242.142856703259,3685.993187809665,2643.223254881425,3223.399021496524,5928.136044512924,13.73317948397662,72.29,13.01240124099784,13.00237960365281,1.007202212457114,94.66093975086856,0,40.4,48.1,73.49,0.0,0.0,0.0,8.687465116191825,8.212295290102631,7.715187320024679,8.305228412782727,7.879754381290917,8.078191678526036,0.010021637345028367,0.14960397444899343,0.0,0.0,0.0,0.1,13.75185863536998,12.952967034060379,0.023782608667671033,72.503,42.15,45.0,61.73
Смоленская область,2020,6964.626231099787,4136.72249913846,2827.903731961328,7767.182874172256,3960.182128903539,4777.999430004312,10595.08660613358,13.71928265718284,72.37,13.01624773193812,13.01240124099784,0.3853898180801174,94.66093975086856,0,40.4,48.1,73.49,0.0,0.0,0.0,9.268145644914727,8.957662813162715,7.947290985404992,8.327659086410884,8.284045295338277,8.471777208589874,0.003846490940281555,0.5806805287229011,0.0,0.0,0.0,0.1,13.75185863536998,12.952967034060379,0.023782608667671033,72.503,42.15,45.0,61.73
Смоленская область,2021,5848.137769889639,3888.417266670098,1959.72050321954,6572.876737947149,3071.651153248747,3819.088136617256,8532.59724116669,13.7030202411282,72.56,13.0813003121622,13.01624773193812,6.721513732002671,94.66093975086856,0,40.4,48.1,73.49,0.0,0.0,0.0,9.051649077278089,8.79070687530319,7.580557141657965,8.265757481496179,8.029970530934317,8.247766965413588,0.06505258022408,-0.2164965676366375,0.0,0.0,0.0,0.1,13.75185863536998,12.952967034060379,0.023782608667671033,72.503,42.15,45.0,61.73
Ставропольский край,2012,6765.381137101658,6203.823006719912,561.5581303817467,6380.219736089779,2288.508287205927,1990.861995050486,6941.777866471526,14.84704813430134,57.72,12.63042644787209,12.62933552172673,0.1091521421727082,80.89193187278804,0,50.9,49.1,64.47,0.0,0.0,0.0,8.8453131974182,8.760957817139127,6.330715295768745,8.732920994991973,7.735655481326348,7.596322987272333,0.0010909261453591057,,0.0,5.893657974680566,0.8,0.2,14.867542618269079,12.68111512996347,0.01574851868743199,59.101,51.7,46.5,69.294
Ставропольский край,2013,8863.876497022045,7435.991280638723,1427.885216383323,5913.722199904785,2255.888285208343,361.3887421463955,7341.607416288109,14.8523364460456,58.1,12.6527533031608,12.63042644787209,2.25779648690847,80.89193187278804,0,50.9,49.1,64.47,0.0,0.0,1.0,8.901313091677567,8.685030726009309,7.263949758984882,8.914087176253062,7.721299092423912,5.889954226998878,0.02232685528871059,0.05599989425936691,0.0,5.893657974680566,0.8,0.2,14.867542618269079,12.68111512996347,0.01574851868743199,59.101,51.7,46.5,69.294
Ставропольский край,2014,7941.109663385447,5406.174980180692,2534.934683204754,4501.06225936293,2808.903895467834,1389.655627367492,7035.996942567684,14.85772637773277,58.47,12.68946454749226,12.6527533031608,3.739342435336622,80.89193187278804,0,50.9,49.1,64.47,0.7355368664464212,1.0,1.0,8.858794671316092,8.412068705537397,7.837923149699154,8.595297094085542,7.940549613442364,7.236811245334283,0.036711244331460335,-0.042518420361474796,7.355368664464212,5.893657974680566,0.8,0.2,14.867542618269079,12.68111512996347,0.01574851868743199,59.101,51.7,46.5,69.294
Ставропольский край,2015,5889.561281676249,5267.284461312425,622.276820363825,3870.489431690102,2435.29055944695,943.5165272964201,4492.766252053927,14.86302427012818,58.74,12.69312639646832,12.68946454749226,0.3668561736223541,80.89193187278804,0,50.9,49.1,64.47,0.7290498273187148,1.0,0.0,8.410223882801155,8.261136246164384,6.433385042550768,8.569270226248355,7.797821354659459,6.849613881662519,0.0036618489760602557,-0.44857078851493704,7.290498273187148,5.893657974680566,0.8,0.2,14.867542618269079,12.68111512996347,0.01574851868743199,59.101,51.7,46.5,69.294
Ставропольский край,2016,6225.503386236938,5475.727343861836,749.7760423751032,3175.544443617125,2354.66173256761,516.0398834177715,3925.320485992228,14.86804260729759,58.95,12.69210008056845,12.69312639646832,-0.1025789417836043,80.89193187278804,0,50.9,49.1,64.47,0.7408458772843816,1.0,0.0,8.275203279365222,8.063234374930675,6.619774551770933,8.608080394055104,7.764152358158059,6.246184055939872,-0.001026315899871122,-0.13502060343593314,7.408458772843815,5.893657974680566,0.8,0.2,14.867542618269079,12.68111512996347,0.01574851868743199,59.101,51.7,46.5,69.294
Ставропольский край,2017,7839.107766166789,7497.257418153557,341.8503480132308,3745.570785783914,2232.905775971648,994.3502664631703,4087.421133797145,14.87183171790721,59.15,12.69230299122837,12.69210008056845,0.02029312476792278,80.89193187278804,0,42.1,54.3,64.47,0.7365726795762364,1.0,0.0,8.315669520535488,8.228329297097066,5.834373062388335,8.922292555068527,7.711059054788499,6.902089525332716,0.00020291065992061874,0.040466241170266315,7.365726795762364,5.893657974680566,0.8,0.2,14.867542618269079,12.68111512996347,0.01574851868743199,59.101,51.7,46.5,69.294
Ставропольский край,2018,10903.90759999426,7913.223360486008,2990.68423950825,2833.636107528293,2298.719157122262,1167.496576594148,5824.320347036542,14.87406895981964,59.41,12.69803391896512,12.69230299122837,0.5747380918759372,80.89193187278804,0,42.1,54.3,64.47,0.7142863931529462,1.0,0.0,8.669797593006086,7.949316009581591,8.003257482849147,8.976290482240517,7.7401073585896984,7.062617057285347,0.005730927736749436,0.35412807247059774,7.142863931529462,5.893657974680566,0.8,0.2,14.867542618269079,12.68111512996347,0.01574851868743199,59.101,51.7,46.5,69.294
Ставропольский край,2019,10068.87677944812,8790.731662101778,1278.145117346346,4448.673908811278,2661.799078100526,1729.792027708942,5726.819026157624,14.87833296145256,59.82,12.71846252992257,12.69803391896512,2.063870322252792,80.89193187278804,0,42.1,54.3,80.55,0.7484134988710417,1.0,0.0,8.652915511782396,8.400361332730116,7.153165178840381,9.081453225224436,7.8867575183080145,7.455756465068255,0.020428610957450744,-0.016882081223689838,7.484134988710417,5.893657974680566,0.8,0.2,14.867542618269079,12.68111512996347,0.01574851868743199,59.101,51.7,46.5,69.294
Ставропольский край,2020,12364.66284735368,9117.191870518907,3247.470976834774,7950.566828438067,4061.433899477299,2913.40383461107,11198.03780527284,14.88164992914515,60.2,12.71514556222998,12.71846252992257,-0.3311472632574475,80.89193187278804,0,42.1,54.3,80.55,0.7345317886342438,1.0,0.0,9.323493845976799,8.980998504281311,8.085631811425458,9.117917126720357,8.309291367454545,7.977077379211918,-0.003316967692590822,0.6705783341944027,7.345317886342438,5.893657974680566,0.8,0.2,14.867542618269079,12.68111512996347,0.01574851868743199,59.101,51.7,46.5,69.294
Ставропольский край,2021,10128.93978544548,8366.78166153346,1762.158123912021,9144.604066450867,3063.122696662921,2721.382173650974,10906.76219036289,14.88136477886075,60.45,12.78682070860105,12.71514556222998,7.430629507343012,80.89193187278804,0,42.1,54.3,80.55,0.7544210433965799,1.0,0.0,9.297138260295327,9.120919264803057,7.474294543622875,9.032024580763702,8.027190163706923,7.908895182302062,0.07167514637107075,-0.026355585681471894,7.544210433965799,5.893657974680566,0.8,0.2,14.867542618269079,12.68111512996347,0.01574851868743199,59.101,51.7,46.5,69.294
Тамбовская область,2012,14665.13488255458,14526.79296297373,138.341919580862,15225.79684798739,4941.508725089562,2264.586080065342,15364.13876756825,13.89142660884378,58.77,12.74034206092133,12.64847494713495,9.621913999065711,96.98967348305317,0,68.3,66.7,71.76,0.0,0.0,0.0,9.639791421419817,9.630746429335757,4.929728298895615,9.583750013893699,8.505425973491006,7.725147275109013,0.09186711378638002,,0.0,0.0,0.0,0.1,13.851756469223428,12.895621793221153,0.03668518441231594,59.628,65.1,58.8,74.775
Тамбовская область,2013,16539.97819509339,15316.14281339389,1223.835381699502,11345.7706508231,4877.976618583443,442.9813003816274,12569.6060325226,13.88506087405011,58.94,12.83471867303771,12.74034206092133,9.897355474587343,96.98967348305317,0,68.3,66.7,71.76,0.0,0.0,0.0,9.439036959209483,9.336600323582354,7.109744961951831,9.636662637011396,8.492485785526052,6.093527557826057,0.09437661211637938,-0.20075446221033388,0.0,0.0,0.0,0.1,13.851756469223428,12.895621793221153,0.03668518441231594,59.628,65.1,58.8,74.775
Тамбовская область,2014,14640.33493958396,12992.25958438444,1648.075355199511,10501.21294598582,3612.469020936435,3941.590728455938,12149.28830118533,13.87876700759929,59.19,12.89644724637664,12.83471867303771,6.367359617009294,96.98967348305317,0,68.3,66.7,71.76,0.0,0.0,0.0,9.405025871018923,9.259246048139163,7.407363434666472,9.472109042527013,8.192146756864592,8.279339658998435,0.06172857333893056,-0.0340110881905602,0.0,0.0,0.0,0.1,13.851756469223428,12.895621793221153,0.03668518441231594,59.628,65.1,58.8,74.775
Тамбовская область,2015,11877.61244835596,11267.99249425442,609.6199541015393,8137.839883700786,3507.057321383282,1838.817701184723,8747.459837802326,13.86989835942218,59.42,12.97203952659666,12.89644724637664,7.852274944265214,96.98967348305317,0,68.3,66.7,71.76,0.0,0.0,0.0,9.07651863295406,9.00428005322686,6.412835736942919,9.329721462884436,8.162532594854987,7.5168780903729715,0.07559228022001996,-0.32850723806486215,0.0,0.0,0.0,0.1,13.851756469223428,12.895621793221153,0.03668518441231594,59.628,65.1,58.8,74.775
Тамбовская область,2016,11279.04401185349,9739.86318917227,1539.18082268122,8185.330464964028,3488.564858052234,1335.91452980743,9724.511287645248,13.85929870908938,59.61,12.9323979604927,12.97203952659666,-3.886611961970253,96.98967348305317,0,68.3,66.7,71.76,0.0,0.0,1.0,9.182404914025481,9.010098863451299,7.339005620557071,9.183982350251716,8.157245715166399,7.197371377355085,-0.03964156610395975,0.10588628107142029,0.0,0.0,0.0,0.1,13.851756469223428,12.895621793221153,0.03668518441231594,59.628,65.1,58.8,74.775
Тамбовская область,2017,12514.79070179776,11110.53475691049,1404.255944887278,7258.997261370788,2747.30526241155,535.9721101342562,8663.253206258065,13.8512203071983,59.83,12.95141630242212,12.9323979604927,1.920034254671421,96.98967348305317,0,49.3,63.5,71.76,0.0,0.0,0.0,9.066845589935589,8.88999698001115,7.247262864899951,9.31564901441056,7.918375805662638,6.284082126385409,0.01901834192941898,-0.115559324089892,0.0,0.0,0.0,0.1,13.851756469223428,12.895621793221153,0.03668518441231594,59.628,65.1,58.8,74.775
Тамбовская область,2018,14659.32018374002,10750.38930401107,3908.93087972895,5518.603883902434,2499.279875391828,1805.128814548273,9427.534763631384,13.8394096850966,60.01,12.99569411466132,12.95141630242212,4.52727041057932,96.98967348305317,0,49.3,63.5,71.76,0.0,0.0,0.0,9.151389916596557,8.615880187698696,8.2710191832956,9.282697247226697,7.823757919518699,7.4983872336212976,0.04427781223920135,0.08454432666096778,0.0,0.0,0.0,0.1,13.851756469223428,12.895621793221153,0.03668518441231594,59.628,65.1,58.8,74.775
Тамбовская область,2019,12938.82714242963,9949.301769217092,2989.525373212533,5819.849000026604,2964.983636093712,3745.498862053154,8809.374373239138,13.82604685571916,60.12,12.98578831709941,12.99569411466132,-0.9856896749627864,96.98967348305317,0,49.3,63.5,81.81,0.0,0.0,0.0,9.083571703155446,8.669029595376294,8.002869915728505,9.2052576537423,7.994626792392553,8.22831009457082,-0.009905797561911456,-0.06781821344111094,0.0,0.0,0.0,0.1,13.851756469223428,12.895621793221153,0.03668518441231594,59.628,65.1,58.8,74.775
Тамбовская область,2020,14689.14973731467,10471.73310706967,4217.416630245002,8999.373223962502,3780.13016439261,4785.107229610416,13216.78985420751,13.81493439201255,60.19,12.9988987834687,12.98578831709941,1.319678534836055,96.98967348305317,0,49.3,63.5,81.81,0.0,0.0,0.0,9.489243258972445,9.10491021211131,8.34697804664798,9.256434820927069,8.23751372304526,8.473263713167922,0.013110466369290918,0.40567155581699943,0.0,0.0,0.0,0.1,13.851756469223428,12.895621793221153,0.03668518441231594,59.628,65.1,58.8,74.775
Тамбовская область,2021,12683.06035256453,9657.273532105115,3025.786820459411,9545.823392766777,3193.074892022931,4761.003324243552,12571.61021322619,13.80150189320293,60.2,13.01532679125811,12.9988987834687,1.656368948441767,96.98967348305317,0,49.3,63.5,81.81,0.0,0.0,0.0,9.439196393080003,9.163858996741736,8.014926442580252,9.175466644315197,8.068739647504838,8.468213707418084,0.01642800778940945,-0.05004686589244223,0.0,0.0,0.0,0.1,13.851756469223428,12.895621793221153,0.03668518441231594,59.628,65.1,58.8,74.775
Тверская область,2012,3877.513716711843,2862.790552702083,1014.72316400976,4554.046942496302,4547.40224736328,1753.659557034179,5568.770106506062,14.10634714968425,74.86,12.9200170440765,12.91375726722159,0.6279410203462676,93.45164623819502,0,53.5,38.4,58.02,0.5485957580095859,1.0,1.0,8.624929501808527,8.42377155454076,6.922371109456285,7.959552145838766,8.422311414254317,7.469460058901759,0.006259776854911081,,5.485957580095859,5.305831705064431,0.8,0.2,14.06973721325139,12.960396311643638,0.011981358425233068,75.59299999999999,41.7,47.55,62.979
Тверская область,2013,4764.758541888948,2334.346433342609,2430.412108546339,3667.819226004656,4034.629537761296,510.5740534139395,6098.231334550995,14.09970706287717,74.9,12.93660746173675,12.9200170440765,1.672880286958467,93.45164623819502,0,53.5,38.4,58.02,0.5340909090909075,1.0,0.0,8.715754062963605,8.207352548084607,7.795816113949876,7.755487230856257,8.30266976428615,6.235535687640654,0.016590417660250267,0.09082456115507753,5.340909090909075,5.305831705064431,0.8,0.2,14.06973721325139,12.960396311643638,0.011981358425233068,75.59299999999999,41.7,47.55,62.979
Тверская область,2014,4694.390341529678,2544.798007410976,2149.592334118703,2871.243261101785,3104.12480694748,575.0815891958213,5020.835595220487,14.09225023012469,75.07,12.9330033471298,12.93660746173675,-0.3597627581563345,93.45164623819502,0,53.5,38.4,58.02,0.5539416649793583,1.0,0.0,8.521351652065146,7.962500406974619,7.673033491105261,7.841806557430453,8.040487088918574,6.354511924984915,-0.003604114606950759,-0.19440241089845856,5.539416649793583,5.305831705064431,0.8,0.2,14.06973721325139,12.960396311643638,0.011981358425233068,75.59299999999999,41.7,47.55,62.979
Тверская область,2015,3802.339230640279,2215.555383459376,1586.783847180903,2343.914055207143,2955.738876371128,1627.668171638549,3930.697902388046,14.08415888245639,75.32,12.93507662247255,12.9330033471298,0.2075426064157337,93.45164623819502,0,53.5,38.4,58.02,0.0,0.0,0.0,8.276572272402104,7.759577484157434,7.369464509095613,7.703258388503297,7.991503941349904,7.3949037000123425,0.0020732753427505912,-0.24477937966304175,0.0,5.305831705064431,0.8,0.2,14.06973721325139,12.960396311643638,0.011981358425233068,75.59299999999999,41.7,47.55,62.979
Тверская область,2016,3615.885843985356,2531.235347566341,1084.650496419015,2107.86695917027,2896.406187242957,1776.217259862473,3192.517455589285,14.07686123199942,75.54,12.95726288542327,12.93507662247255,2.243420834799559,93.45164623819502,0,53.5,38.4,58.02,0.0,0.0,0.0,8.068565055578288,7.653431795321516,6.98901309096565,7.836462742222329,7.971226001696253,7.482241247073933,0.022186262950720348,-0.20800721682381607,0.0,5.305831705064431,0.8,0.2,14.06973721325139,12.960396311643638,0.011981358425233068,75.59299999999999,41.7,47.55,62.979
Тверская область,2017,4921.746201410126,3710.663580659123,1211.082620751002,3868.463789297248,2514.828646578548,1021.862562314077,5079.54641004825,14.06850102535106,75.72,12.9775516629369,12.95726288542327,2.049599377577405,93.45164623819502,0,41.6,45.0,58.02,0.7721177418614181,1.0,1.0,8.532977247225414,8.260612753546901,7.09926996645377,8.218966002318806,7.829959947639568,6.92938228257578,0.02028877751362934,0.464412191647126,7.7211774186141815,5.305831705064431,0.8,0.2,14.06973721325139,12.960396311643638,0.011981358425233068,75.59299999999999,41.7,47.55,62.979
Тверская область,2018,5276.178486454301,3750.967847569972,1525.21063888433,2194.42996664432,2472.081937532454,1494.511508263048,3719.64060552865,14.05760460891111,75.9,13.02284950609418,12.9775516629369,4.633945855057697,93.45164623819502,0,41.6,45.0,58.02,0.7215196730836086,1.0,0.0,8.22138233118298,7.693677595492748,7.329887803361867,8.229769178349596,7.812815964279249,7.309554682104547,0.04529784315728058,-0.3115949160424343,7.2151967308360865,5.305831705064431,0.8,0.2,14.06973721325139,12.960396311643638,0.011981358425233068,75.59299999999999,41.7,47.55,62.979
Тверская область,2019,5769.016212633063,3968.223137970813,1800.79307466225,3746.476228589117,2944.719640077903,3317.767978341811,5547.269303251367,14.0480419057012,76.08,13.01628282737421,13.02284950609418,-0.6545165201816361,93.45164623819502,0,41.6,45.0,74.55,0.7239255316278195,1.0,0.0,8.621061068228,8.228571004819367,7.495982443884467,8.286073701191315,7.987768892938698,8.107047540138277,-0.006566678719970298,0.3996787370450203,7.239255316278195,5.305831705064431,0.8,0.2,14.06973721325139,12.960396311643638,0.011981358425233068,75.59299999999999,41.7,47.55,62.979
Тверская область,2020,6844.119087710787,4122.781054805243,2721.338032905544,7081.675912717462,4030.777730656648,3840.591625648668,9803.013945623006,14.03817879633518,76.22,12.99155449197061,13.01628282737421,-2.442509480505139,93.45164623819502,0,41.6,45.0,74.55,0.722987084687144,1.0,0.0,9.190445162847984,8.865265869511976,7.908878962197497,8.324283227926806,8.30171462159607,8.253381702893677,-0.024728335403599644,0.5693840946199842,7.2298708468714405,5.305831705064431,0.8,0.2,14.06973721325139,12.960396311643638,0.011981358425233068,75.59299999999999,41.7,47.55,62.979
Тверская область,2021,6568.268583996927,3825.570085368957,2742.69849862797,7924.161300154465,3128.843323846093,7105.449470808097,10666.85979878243,14.02572123907341,76.32,13.03357085147392,12.99155449197061,4.291154012600318,93.45164623819502,0,41.6,45.0,74.55,0.7286533417245892,1.0,0.0,9.274896999085692,8.977671763511625,7.916697568245932,8.249462777081517,8.048418670138489,8.868617299727775,0.042016359503309175,0.08445183623770802,7.2865334172458915,5.305831705064431,0.8,0.2,14.06973721325139,12.960396311643638,0.011981358425233068,75.59299999999999,41.7,47.55,62.979
Томская область,2012,5220.406244555858,3361.750510194339,1858.655734361519,5687.176245177281,3324.214319548228,1935.63254723879,7545.8319795388,13.87397284361603,70.92,13.43745260155453,13.40902132615667,2.883930183313588,92.05339702188196,0,50.5,37.5,57.07,0.73,1.0,0.0,8.928750634113998,8.645969137714104,7.527608781955196,8.120217102468477,8.10898863029521,7.568189449842263,0.028431275397858613,,7.3,7.181908666166396,1.0,0.1,13.883383049493252,13.440413736671497,0.0020421963197739144,71.572,39.1,42.2,61.318000000000005
Томская область,2013,5352.860409014752,1719.002060032867,3633.858348981885,6196.696996566223,3070.094923937338,331.4626326693785,9830.555345548108,13.87930849243523,71.18,13.44995687086366,13.43745260155453,1.258277456029178,92.05339702188196,0,50.5,37.5,57.07,0.7366771159874599,1.0,1.0,9.19325070651472,8.731771686586164,8.198050268829832,7.449499203772397,8.02946375995253,5.80351508130966,0.012504269309131288,0.2645000724007218,7.366771159874599,7.181908666166396,1.0,0.1,13.883383049493252,13.440413736671497,0.0020421963197739144,71.572,39.1,42.2,61.318000000000005
Томская область,2014,8015.359951980148,4183.707019249492,3831.652932730657,3838.738304180377,3211.02244183717,416.492486572856,7670.391236911034,13.88360088895072,71.49,13.44766247701084,13.44995687086366,-0.2291763743131447,92.05339702188196,0,50.5,37.5,57.07,0.7416663403334749,1.0,0.0,8.945122901784135,8.25289902497224,8.25105156419843,8.338952979213008,8.074344683114349,6.031868422003263,-0.0022943938528197094,-0.2481278047305846,7.4166634033347485,7.181908666166396,1.0,0.1,13.883383049493252,13.440413736671497,0.0020421963197739144,71.572,39.1,42.2,61.318000000000005
Томская область,2015,5953.90351541716,4107.70964286305,1846.193872554109,2033.9862177487,3095.025144275304,1028.685431636497,3880.180090302809,13.88626813810323,71.73,13.44898724912786,13.44766247701084,0.1325650015232993,92.05339702188196,0,50.5,37.5,57.07,0.7372876784748579,1.0,0.0,8.263636846566673,7.6177528006507895,7.520881432600326,8.320620887650497,8.03755130924573,6.936036986120204,0.0013247721170195348,-0.6814860552174622,7.372876784748579,7.181908666166396,1.0,0.1,13.883383049493252,13.440413736671497,0.0020421963197739144,71.572,39.1,42.2,61.318000000000005
Томская область,2016,5326.962957972284,3702.332145243491,1624.630812728793,1863.513312839955,3000.231223154339,1280.218526514326,3488.144125568748,13.88790749570457,71.85,13.456307632898,13.44898724912786,0.7347243280047655,92.05339702188196,0,50.5,37.5,57.07,0.7535824826245138,1.0,0.0,8.157125104579091,7.5302188628916245,7.393035876784891,8.216718209595967,8.006444639064949,7.154786066181324,0.007320383770139216,-0.10651174198758184,7.535824826245138,7.181908666166396,1.0,0.1,13.883383049493252,13.440413736671497,0.0020421963197739144,71.572,39.1,42.2,61.318000000000005
Томская область,2017,7814.334670200344,4826.889963237988,2987.444706962355,1978.788542246163,3144.328638302376,1237.498246163789,4966.233249208518,13.88813163952958,71.89,13.44704274442084,13.456307632898,-0.922210163829873,92.05339702188196,0,33.9,40.7,57.07,0.7461137764619391,1.0,0.0,8.510416934197577,7.590240089083183,8.002173687938733,8.481957639303287,8.053355676808481,7.120847077200459,-0.009264888477160227,0.3532918296184864,7.461137764619391,7.181908666166396,1.0,0.1,13.883383049493252,13.440413736671497,0.0020421963197739144,71.572,39.1,42.2,61.318000000000005
Томская область,2018,7292.641332490069,4501.183458913909,2791.45787357616,1922.138208803439,2802.375952365896,1701.630069497028,4713.596082379599,13.88697597020149,71.91,13.45814874460209,13.44704274442084,1.116790074491614,92.05339702188196,0,33.9,40.7,57.07,0.6834538869736835,1.0,0.0,8.458206395136687,7.561193495791663,7.934319273673322,8.412095632052132,7.938222890760924,7.439341935037501,0.011106000181250408,-0.05221053906089068,6.834538869736835,7.181908666166396,1.0,0.1,13.883383049493252,13.440413736671497,0.0020421963197739144,71.572,39.1,42.2,61.318000000000005
Томская область,2019,7726.057485215384,4985.036805049796,2741.020680165589,3422.193986181454,2970.688752025351,3773.483332215037,6163.214666347043,13.88695641841229,71.83,13.45916779672438,13.45814874460209,0.101957153231691,92.05339702188196,0,33.9,40.7,71.23,0.6833968821737503,1.0,0.0,8.726353781825225,8.138037140800275,7.916085641026455,8.514196065528122,7.996549107950231,8.23575381465277,0.0010190521222899207,0.268147386688538,6.8339688217375025,7.181908666166396,1.0,0.1,13.883383049493252,13.440413736671497,0.0020421963197739144,71.572,39.1,42.2,61.318000000000005
Томская область,2020,12768.55658693413,5278.459929373435,7490.096657560697,7320.005478914693,4580.116741295908,5547.371158918148,14810.10213647539,13.88316359894573,71.54,13.3903899233561,13.45916779672438,-6.646598018306637,92.05339702188196,0,33.9,40.7,71.23,0.6840156619066102,1.0,0.0,9.6030648036915,8.898366355440691,8.921336981309265,8.571389654110499,8.429479766149301,8.621079429465956,-0.06877787336827978,0.8767110218662761,6.840156619066102,7.181908666166396,1.0,0.1,13.883383049493252,13.440413736671497,0.0020421963197739144,71.572,39.1,42.2,61.318000000000005
Томская область,2021,8605.299723026055,4939.239698533551,3666.060024492504,9069.884407006022,3614.711160865752,6357.203498339753,12735.94443149853,13.87754500903366,71.38,13.42944328935441,13.3903899233561,3.982597352065187,92.05339702188196,0,33.9,40.7,71.23,0.6857148412301061,1.0,0.0,9.452183544969945,9.112714798486186,8.20687280155871,8.5049666911576,8.192767231225227,8.757343858118203,0.039053365998309886,-0.15088125872155622,6.85714841230106,7.181908666166396,1.0,0.1,13.883383049493252,13.440413736671497,0.0020421963197739144,71.572,39.1,42.2,61.318000000000005
Тульская область,2012,2357.930679242633,1669.258999372994,688.6716798696386,3770.684146165401,3667.800535593606,2232.110130262218,4459.35582603504,14.25175896103513,78.34,12.90911563900654,12.88226296195612,2.721645905696124,95.30925002623609,0,72.8,61.3,67.77,0.7405243030858282,1.0,1.0,8.402759600958138,8.235011735109568,6.53476464056335,7.420135093990777,8.207347452288571,7.71070266379928,0.02685267705041916,,7.405243030858282,8.399521489189901,1.0,0.2,14.24050427557213,13.069838428029508,0.04070484021754996,75.926,57.15,59.2,71.199
Тульская область,2013,2406.218450783824,1065.612640366104,1340.60581041772,3944.26192862341,3409.763407011875,362.1075431190746,5284.86773904113,14.24792459305856,77.68,12.95600949644356,12.90911563900654,4.801076462728449,95.30925002623609,0,72.8,61.3,67.77,0.7389937106918224,1.0,0.0,8.572602872265765,8.280017125440123,7.200876888106409,6.971305161921197,8.134398185762558,5.891941248145548,0.046893857437019904,0.16984327130762722,7.389937106918224,8.399521489189901,1.0,0.2,14.24050427557213,13.069838428029508,0.04070484021754996,75.926,57.15,59.2,71.199
Тульская область,2014,3076.755027622496,1449.957448199843,1626.797579422652,3478.217456442247,3261.702639425779,496.5158666243281,5105.015035864899,14.24543670713675,77.12,13.01487771580147,12.95600949644356,6.063546030820799,95.30925002623609,0,72.8,61.3,67.77,0.7416663403334749,1.0,0.0,8.537978675915662,8.154275216376123,7.394368686094079,7.279289488914942,8.090004620051412,6.207615439921902,0.05886821935790998,-0.034624196350103276,7.4166634033347485,8.399521489189901,1.0,0.2,14.24050427557213,13.069838428029508,0.04070484021754996,75.926,57.15,59.2,71.199
Тульская область,2015,1979.384910291034,1090.98817060792,888.3967396831137,1857.622729855628,5491.225704537771,1703.052249815317,2746.019469538742,14.2444428126388,76.6,13.07035979558349,13.01487771580147,5.705007433494114,95.30925002623609,0,72.8,61.3,67.77,0.7372876784748579,1.0,0.0,7.91790767644799,7.5270528470098235,6.78941842213861,6.9948391430684405,8.610906770884622,7.4401773612344995,0.05548207978202058,-0.6200709994676723,7.372876784748579,8.399521489189901,1.0,0.2,14.24050427557213,13.069838428029508,0.04070484021754996,75.926,57.15,59.2,71.199
Тульская область,2016,1959.831656118764,1033.191801210525,926.6398549082387,1669.966755179682,4826.406261944825,1229.995759404611,2596.606610087921,14.24395819942426,76.12,13.11102619843086,13.07035979558349,4.15046046154961,95.30925002623609,0,72.8,61.3,67.77,0.7372876784748579,1.0,0.0,7.861960721593374,7.420558998134617,6.8315649840457295,6.9404081258538906,8.481857424561651,7.114766000721993,0.040666402847369554,-0.05594695485461543,7.372876784748579,8.399521489189901,1.0,0.2,14.24050427557213,13.069838428029508,0.04070484021754996,75.926,57.15,59.2,71.199
Тульская область,2017,2471.567228023603,1763.474682462152,708.0925455614515,2273.713554626305,4873.079799899027,1055.51895291672,2981.806100187756,14.24319237060203,75.66,13.15101274040637,13.11102619843086,4.079676702975421,95.30925002623609,0,45.6,53.0,67.77,0.9664426768936535,1.0,1.0,8.000284469799356,7.729169700952382,6.562574799221227,7.475041393158055,8.49148141863781,6.96178782346702,0.03998654197551055,0.13832374820598137,9.664426768936535,8.399521489189901,1.0,0.2,14.24050427557213,13.069838428029508,0.04070484021754996,75.926,57.15,59.2,71.199
Тульская область,2018,2889.592914413595,1420.622419679028,1468.970494734567,2049.290585877935,4444.451045828579,1873.496389193787,3518.261080612502,14.24033898119888,75.2,13.18536479686889,13.15101274040637,3.494890304761311,95.30925002623609,0,45.6,53.0,67.77,0.9163995847846481,1.0,0.0,8.165722135338783,7.625248956572073,7.2923170906995765,7.258850378277153,8.39941164107018,7.535561690926727,0.03435205646252015,0.16543766553942696,9.163995847846481,8.399521489189901,1.0,0.2,14.24050427557213,13.069838428029508,0.04070484021754996,75.926,57.15,59.2,71.199
Тульская область,2019,2456.993477071458,840.5738330072406,1616.419644064218,3255.850313105471,4182.801587509019,2568.093592224876,4872.269957169688,14.23577823217136,74.73,13.19092504622949,13.18536479686889,0.5575736237403595,95.30925002623609,0,45.6,53.0,79.2,0.9340358442374751,1.0,0.0,8.491315217782756,8.088208753432202,7.387968886102644,6.734084793139607,8.338736537256976,7.850919109716163,0.005560249360598846,0.325593082443973,9.34035844237475,8.399521489189901,1.0,0.2,14.24050427557213,13.069838428029508,0.04070484021754996,75.926,57.15,59.2,71.199
Тульская область,2020,4739.554998450405,876.6946316623483,3862.860366788057,6189.995115275824,4981.27565950495,4530.521865795259,10052.85548206388,14.22980259386739,74.2,13.22742988956829,13.19092504622949,3.717932741645891,95.30925002623609,0,45.6,53.0,79.2,0.9363878526864031,1.0,0.0,9.215612000699174,8.7306895765468,8.259163215698738,6.776158735229549,8.513441293743316,8.418592414004129,0.03650484333880044,0.7242967829164186,9.363878526864031,8.399521489189901,1.0,0.2,14.24050427557213,13.069838428029508,0.04070484021754996,75.926,57.15,59.2,71.199
Тульская область,2021,3776.588853857666,812.5117830951862,2964.077070762479,7893.618834585315,4314.835455360043,4556.177544256507,10857.69590534779,14.22240930458814,73.61,13.28931136413162,13.22742988956829,6.38362455996464,95.30925002623609,0,45.6,53.0,79.2,0.95049581952688,1.0,0.0,9.292629407566281,8.973809969597843,7.994320988359462,6.700130416369734,8.369814469617797,8.42423929313538,0.061881474563330485,0.07701740686710679,9.5049581952688,8.399521489189901,1.0,0.2,14.24050427557213,13.069838428029508,0.04070484021754996,75.926,57.15,59.2,71.199
Тюменская область,2012,21252.97436114984,0.0,21252.97436114984,3096.54974205155,3915.266314640824,3522.637394672367,24349.52410320139,14.13760854978199,61.93,13.90734961922172,13.90512564447123,0.2226449616672621,73.31976912372754,0,76.2,62.2,73.1,0.7055550998845518,1.0,0.0,10.10026758430338,8.0380437842089,9.96425213449415,,8.272638630285266,8.166965247887216,0.0022239747504890772,,7.055550998845518,7.07239478992211,1.0,0.1,14.218849082364192,13.851065183654274,-0.010386970251895989,64.976,60.3,78.65,75.095
Тюменская область,2013,9437.00471047403,0.0,9437.00471047403,2325.302389579485,3161.70511160127,958.7612458291279,11762.30710005351,14.15797693662472,62.91,13.97224107632981,13.90734961922172,6.704319814373161,73.31976912372754,0,76.2,62.2,73.1,0.7014925373134324,1.0,0.0,9.37265538418879,7.751605369598571,9.15239391117073,,8.058866753332275,6.865642082291034,0.06489145710809119,-0.7276122001145904,7.014925373134324,7.07239478992211,1.0,0.1,14.218849082364192,13.851065183654274,-0.010386970251895989,64.976,60.3,78.65,75.095
Тюменская область,2014,,0.0,0.0,1906.011698148786,3510.012814545199,878.5359652210092,1906.011698148786,14.17669979712232,63.67,13.77319466170093,13.97224107632981,-18.04881448884522,73.31976912372754,0,76.2,62.2,73.1,0.7158173794103254,1.0,0.0,7.552768221734025,7.552768221734025,,,8.163374967320825,6.778256846141475,-0.19904641462887973,-1.819887162454764,7.158173794103254,7.07239478992211,1.0,0.1,14.218849082364192,13.851065183654274,-0.010386970251895989,64.976,60.3,78.65,75.095
Тюменская область,2015,,0.0,0.0,1416.820075739599,3383.001499477548,1353.654960203586,1416.820075739599,14.19545202494015,64.1,13.80608566703494,13.77319466170093,3.343789388448504,73.31976912372754,0,76.2,62.2,73.1,0.7092386907067928,1.0,0.0,7.256170256144912,7.256170256144912,,,8.126518612019613,7.210563591014963,0.032891005334009904,-0.2965979655891129,7.092386907067928,7.07239478992211,1.0,0.1,14.218849082364192,13.851065183654274,-0.010386970251895989,64.976,60.3,78.65,75.095
Тюменская область,2016,,0.0,0.0,1790.983805534438,3110.842498425809,973.9441683997597,1790.983805534438,14.21502331928644,64.69,13.7924964443662,13.80608566703494,-1.349730601207966,73.31976912372754,0,76.2,62.2,73.1,0.7185800175845768,1.0,0.0,7.490520359883839,7.490520359883839,,,8.042648868301923,6.881353980028069,-0.013589222668739964,0.23435010373892684,7.185800175845768,7.07239478992211,1.0,0.1,14.218849082364192,13.851065183654274,-0.010386970251895989,64.976,60.3,78.65,75.095
Тюменская область,2017,,0.0,0.0,1559.274998997882,2900.85956463052,976.1114401215723,1559.274998997882,14.23287261588441,65.44,13.8272395978874,13.7924964443662,3.535374768108634,73.31976912372754,0,81.1,58.4,73.1,0.7164177057569872,1.0,0.0,7.351976247984384,7.351976247984384,,,7.972762373653021,6.883576760347432,0.03474315352119994,-0.13854411189945548,7.164177057569871,7.07239478992211,1.0,0.1,14.218849082364192,13.851065183654274,-0.010386970251895989,64.976,60.3,78.65,75.095
Тюменская область,2018,1446.426002299023,0.0,1446.426002299023,762.3669801110874,2462.743673767297,1588.662315617155,2208.79298241011,14.24940891602374,66.07,13.89228328474049,13.8272395978874,6.720564622209291,73.31976912372754,0,81.1,58.4,73.1,0.685096804971215,1.0,0.0,7.700201483505732,6.636428040949664,7.276850966729519,,7.809031321964769,7.370647630181008,0.06504368685308926,0.34822523552134843,6.850968049712149,7.07239478992211,1.0,0.1,14.218849082364192,13.851065183654274,-0.010386970251895989,64.976,60.3,78.65,75.095
Тюменская область,2019,1027.185518565855,0.0,1027.185518565855,948.2178873876334,2872.386684862994,2200.463741922611,1975.403405953488,14.26484389610243,66.57,13.85255561209276,13.89228328474049,-3.894887597327013,73.31976912372754,0,81.1,58.4,79.75,0.7094180059438947,1.0,1.0,7.58852791265675,6.8545843148625725,6.934577834866942,,7.962898560681272,7.696423408915946,-0.03972767264773047,-0.111673570848982,7.094180059438947,7.07239478992211,1.0,0.1,14.218849082364192,13.851065183654274,-0.010386970251895989,64.976,60.3,78.65,75.095
Тюменская область,2020,646.5776235712523,0.0,646.5776235712523,1623.685463745067,4455.548817052364,3951.800407334435,2270.263087316319,14.27556927509216,67.0,13.78208022869725,13.85255561209276,-6.804931929525171,73.31976912372754,0,81.1,58.4,79.75,0.7022908895148012,1.0,0.0,7.727651001256028,7.392453822003303,6.471693258399995,,8.401905523575035,8.281926553375383,-0.07047538339550918,0.1391230885992778,7.022908895148012,7.07239478992211,1.0,0.1,14.218849082364192,13.851065183654274,-0.010386970251895989,64.976,60.3,78.65,75.095
Тюменская область,2021,498.5916384248756,0.0,498.5916384248756,1959.67939772775,3518.233563020703,4069.376677938321,2458.271036152626,14.28303549278356,67.38,13.80125594195227,13.78208022869725,1.936074807695798,73.31976912372754,0,81.1,58.4,79.75,0.7084876588355337,1.0,0.0,7.807213550992766,7.580536166257225,6.21178740084229,,8.165714313946685,8.311245116324217,0.0191757132550201,0.07956254973673804,7.084876588355336,7.07239478992211,1.0,0.1,14.218849082364192,13.851065183654274,-0.010386970251895989,64.976,60.3,78.65,75.095
Удмуртская Республика,2012,3622.878589982558,1665.697201617431,1957.181388365127,5056.684096006322,3267.46488776228,2797.104498443369,7013.865484371448,14.22954220163856,66.48,13.20338907927821,13.16782932361036,3.619956507513655,62.2204206534331,1,56.6,45.1,65.75,0.0,0.0,0.0,8.85564425235418,8.528466230472679,7.579260650052938,7.417999054477707,8.09176969953774,7.936340053406228,0.03555975566785108,,0.0,2.630665096225134,0.4,0.2,14.214643371335915,13.247385497285697,0.013070305571228147,65.38,47.8,50.55,68.894
Удмуртская Республика,2013,2588.175735518691,941.5489754685512,1646.626760050139,6792.452845257011,3062.994524609035,318.1119755354463,8439.07960530715,14.22706111212834,64.66,13.23251209973486,13.20338907927821,2.955124254881536,62.2204206534331,1,56.6,45.1,65.75,0.0,0.0,0.0,9.040628530139562,8.823567399098565,7.406484086432826,6.847526365298247,8.027148319240265,5.762403445124259,0.02912302045664994,0.1849842777853823,0.0,2.630665096225134,0.4,0.2,14.214643371335915,13.247385497285697,0.013070305571228147,65.38,47.8,50.55,68.894
Удмуртская Республика,2014,4807.457526262424,1781.800938033056,3025.656588229368,3747.689353832476,2945.533889177559,425.5977432082438,6773.345942061844,14.22486808078778,64.9,13.24465546192858,13.23251209973486,1.221739217053486,62.2204206534331,1,56.6,45.1,65.75,0.0,0.0,0.0,8.820750474547454,8.228894756740942,8.014883400872261,7.4853798947389,7.988045366302977,6.053494635401167,0.012143362193720364,-0.21987805559210827,0.0,2.630665096225134,0.4,0.2,14.214643371335915,13.247385497285697,0.013070305571228147,65.38,47.8,50.55,68.894
Удмуртская Республика,2015,3210.646684979677,1995.141923176151,1215.504761803525,3304.78138587173,2929.894140087658,1179.795276235447,4520.286147675255,14.22268686779795,65.05,13.24483467224774,13.24465546192858,0.01792263782891546,62.2204206534331,1,56.6,45.1,65.75,0.0,0.0,1.0,8.416330577830273,8.10312560361442,7.102914711316193,7.598470466230341,7.982721571695506,7.073096207692038,0.00017921031915868468,-0.40441989671718126,0.0,2.630665096225134,0.4,0.2,14.214643371335915,13.247385497285697,0.013070305571228147,65.38,47.8,50.55,68.894
Удмуртская Республика,2016,2938.798009998653,2448.459742158916,490.3382678397367,2333.901380052769,2942.032939465693,1193.230291283927,2824.239647892506,14.22028943066677,65.15,13.26408922644534,13.24483467224774,1.944111860736486,62.2204206534331,1,56.6,45.1,65.75,0.0,0.0,0.0,7.9459944561643665,7.755296558334584,6.195095495457952,7.803214429168901,7.9868560973820815,7.084419438912331,0.019254554197599916,-0.4703361216659063,0.0,2.630665096225134,0.4,0.2,14.214643371335915,13.247385497285697,0.013070305571228147,65.38,47.8,50.55,68.894
Удмуртская Республика,2017,5808.257850518637,3344.76329110741,2463.494559411227,2870.610082136226,2442.769690378135,1382.292051776879,5334.104641547453,14.21673803330953,65.25,13.26363260240504,13.26408922644534,-0.04565198034087725,62.2204206534331,1,44.5,50.5,65.75,0.0,0.0,0.0,8.58187632238745,7.962279858336305,7.809336173502272,8.115151205068058,7.8008877935342165,7.23149830745514,-0.0004566240402983368,0.635881866223083,0.0,2.630665096225134,0.4,0.2,14.214643371335915,13.247385497285697,0.013070305571228147,65.38,47.8,50.55,68.894
Удмуртская Республика,2018,7541.790960150745,2862.916918565439,4678.874041585308,2626.179469653453,2575.16505963781,1686.283650841063,7305.053511238761,14.21138448405094,65.4,13.28878877895982,13.26363260240504,2.547526321245064,62.2204206534331,1,44.5,50.5,65.75,0.6477278883364228,1.0,1.0,8.896321649447328,7.873285395883668,8.45081277056057,7.9595962856639355,7.853668911873683,7.430282363344234,0.025156176554778753,0.3144453270598788,6.477278883364228,2.630665096225134,0.4,0.2,14.214643371335915,13.247385497285697,0.013070305571228147,65.38,47.8,50.55,68.894
Удмуртская Республика,2019,7258.006943231583,3103.751845001683,4154.255098229897,4928.22415164738,3182.230672527929,2307.9418578788,9082.479249877277,14.20514434269972,65.55,13.29902094158057,13.28878877895982,1.028469020075318,62.2204206534331,1,44.5,50.5,76.23,0.6567710296215281,1.0,0.0,9.114102479465968,8.502733989496987,8.331888412812898,8.040366931264948,8.065337699208,7.744111435750366,0.010232162620750884,0.2177808300186399,6.567710296215282,2.630665096225134,0.4,0.2,14.214643371335915,13.247385497285697,0.013070305571228147,65.38,47.8,50.55,68.894
Удмуртская Республика,2020,10174.16827870764,3269.404825524694,6904.763453182948,8028.644302650957,4556.763553234626,3344.350609095015,14933.4077558339,14.1982405030936,65.65,13.26510278666644,13.29902094158057,-3.334938299726808,62.2204206534331,1,44.5,50.5,76.23,0.6594989715156921,1.0,0.0,9.61135611337214,8.99077096362792,8.839966807933346,8.092363236782463,8.42436790342105,8.115027815925915,-0.03391815491413119,0.4972536339061726,6.594989715156921,2.630665096225134,0.4,0.2,14.214643371335915,13.247385497285697,0.013070305571228147,65.38,47.8,50.55,68.894
Удмуртская Республика,2021,7089.035530552701,3030.889689988281,4058.14584056442,8500.70124253494,3682.864742969666,5267.925588561767,12558.84708309936,14.19047865718598,65.71,13.29853237932264,13.26510278666644,3.399464034722954,62.2204206534331,1,44.5,50.5,76.23,0.6666672067514912,1.0,0.0,9.438180643062111,9.047903938197301,8.308481458765208,8.016611482462265,8.211446191081494,8.56939193758531,0.03342959265620138,-0.17317547031002967,6.666672067514911,2.630665096225134,0.4,0.2,14.214643371335915,13.247385497285697,0.013070305571228147,65.38,47.8,50.55,68.894
Ульяновская область,2012,4605.479510659708,3787.088177090664,818.3913335690441,5216.550697375936,3769.43883414525,1641.22192092489,6034.94203094498,14.05958316074421,73.97,12.81159058350857,12.77971781398537,3.23861459672512,73.57869033536369,0,60.4,43.6,58.18,0.0,0.0,0.0,8.705321528008279,8.559591676518123,6.7073406251007075,8.239352711784582,8.234681419003392,7.403196317123293,0.03187276952320062,,0.0,0.0,0.0,0.0,14.032296613279021,12.85601346373942,0.01776994554110196,75.241,46.05,56.4,63.00699999999999
Ульяновская область,2013,4524.523945003094,3493.691448983239,1030.832496019854,4297.640305997016,3433.249565791506,655.7675664926343,5328.47280201687,14.05300661750288,74.21,12.83796975404608,12.81159058350857,2.673018051053933,73.57869033536369,0,60.4,43.6,58.18,0.0,0.0,0.0,8.580819947400423,8.365821385007253,6.938122003329671,8.15871417797464,8.141262486938821,6.485806406787165,0.026379170537509822,-0.12450158060785554,0.0,0.0,0.0,0.0,14.032296613279021,12.85601346373942,0.01776994554110196,75.241,46.05,56.4,63.00699999999999
Ульяновская область,2014,4601.668896115476,2959.72841087494,1641.940485240536,2815.745528563236,2862.691673540329,3136.437281978182,4457.686013803772,14.0474076847015,74.46,12.84855622835851,12.83796975404608,1.064270929983602,73.57869033536369,0,60.4,43.6,58.18,0.0,0.0,0.0,8.40238507938904,7.942982346917395,7.403634044069587,7.992852790025744,7.9595176058095225,8.050842811155837,0.010586474312429317,-0.17843486801138297,0.0,0.0,0.0,0.0,14.032296613279021,12.85601346373942,0.01776994554110196,75.241,46.05,56.4,63.00699999999999
Ульяновская область,2015,3599.017717858856,3031.299848094617,567.7178697642396,2691.916399419086,2932.233662962622,1283.079554339999,3259.634269183325,14.04256485234464,74.75,12.83421624129859,12.84855622835851,-1.423765915636166,73.57869033536369,0,60.4,43.6,58.18,0.0,0.0,0.0,8.089370280700201,7.898008635088892,6.341624587159238,8.016746799282824,7.983519753883876,7.157018369193702,-0.014339987059919679,-0.3130147986888385,0.0,0.0,0.0,0.0,14.032296613279021,12.85601346373942,0.01776994554110196,75.241,46.05,56.4,63.00699999999999
Ульяновская область,2016,3660.908353183745,3122.733887885031,538.1744652987154,2463.039667888585,2866.348301084784,1295.709451609257,3001.2141331873,14.0378177596356,75.05,12.85680325213596,12.83421624129859,2.284402880808334,73.57869033536369,0,60.4,43.6,58.18,0.0,0.0,0.0,8.006772196839247,7.809151503507932,6.288182792534638,8.046464143241012,7.960794129644998,7.166813663205101,0.022587010837369803,-0.08259808386095457,0.0,0.0,0.0,0.0,14.032296613279021,12.85601346373942,0.01776994554110196,75.241,46.05,56.4,63.00699999999999
Ульяновская область,2017,4535.231398128104,3479.434578185079,1055.796819943026,2923.372292521071,2753.279173486055,934.657452707971,3979.169112464097,14.03251128068023,75.38,12.87601263626032,12.85680325213596,1.93950714173603,73.57869033536369,0,52.4,48.5,58.18,0.0,0.0,0.0,8.28882831077135,7.980493123583456,6.962051040396939,8.154625082034592,7.920547907006733,6.840180101422058,0.019209384124360795,0.2820561139321036,0.0,0.0,0.0,0.0,14.032296613279021,12.85601346373942,0.01776994554110196,75.241,46.05,56.4,63.00699999999999
Ульяновская область,2018,5652.443598498654,3216.365974752131,2436.077623746523,2481.584336750559,2642.014337580188,1180.208909172812,4917.661960497082,14.02577877677582,75.7,12.88574064914454,12.87601263626032,0.9775483809275176,73.57869033536369,0,52.4,48.5,58.18,0.0,0.0,0.0,8.500588485256607,7.8166524806480675,7.798144493571084,8.076007421943785,7.879296911857927,7.073446743461558,0.009728012884218984,0.2117601744852564,0.0,0.0,0.0,0.0,14.032296613279021,12.85601346373942,0.01776994554110196,75.241,46.05,56.4,63.00699999999999
Ульяновская область,2019,4399.890272614223,2992.735552535171,1407.154720079051,3205.682175871163,2609.476787292847,3050.614165108929,4612.836895950214,14.0180594884382,76.01,12.91522142926367,12.88574064914454,2.991964034887151,73.57869033536369,0,52.4,48.5,74.27,0.0,0.0,0.0,8.436598325453913,8.072680194091678,7.249325015588316,8.003943148631787,7.866905015582262,8.023098214939608,0.029480780119131467,-0.06399015980269418,0.0,0.0,0.0,0.0,14.032296613279021,12.85601346373942,0.01776994554110196,75.241,46.05,56.4,63.00699999999999
Ульяновская область,2020,6903.411992095716,3142.46992263791,3760.942069457807,6116.380178428298,4041.282942697895,5373.615842778129,9877.322247886104,14.00892453245579,76.29,12.91430604939257,12.91522142926367,-0.09149610387468865,73.57869033536369,0,52.4,48.5,74.27,0.0,0.0,0.0,9.19799672646542,8.71872572640353,8.232424755389149,8.052764369261212,8.304317480617405,8.589256302209833,-0.0009153798711007965,0.7613984010115065,0.0,0.0,0.0,0.0,14.032296613279021,12.85601346373942,0.01776994554110196,75.241,46.05,56.4,63.00699999999999
Ульяновская область,2021,7205.428656234575,2923.110267339016,4282.318388895559,7466.737694317712,3084.191969107269,6215.955905028948,11749.05608321327,13.99731197951134,76.59,12.95741726939639,12.91430604939257,4.405400808420379,73.57869033536369,0,52.4,48.5,74.27,0.0,0.0,0.0,9.371528183001857,8.918213461761614,8.362249821568875,7.980403488429482,8.034044979538209,8.73487479823676,0.043111220003819284,0.17353145653643764,0.0,0.0,0.0,0.0,14.032296613279021,12.85601346373942,0.01776994554110196,75.241,46.05,56.4,63.00699999999999
Хабаровский край,2012,6023.916143896266,6023.916143896266,0.0,12949.38649383788,4469.983681314337,2990.200577612444,12949.38649383788,14.10893958499252,82.03,13.4869116985232,13.48102151921383,0.590756052491459,91.81126152303911,0,53.2,38.1,56.15,0.0,0.0,0.0,9.468803691012239,9.468803691012239,,8.703492849046896,8.405140036888275,8.003095746948308,0.0058901793093699695,,0.0,0.0,0.0,0.2,14.09581107317058,13.498208701900916,0.00944420509220798,82.83,37.7,45.05,59.039
Хабаровский край,2013,8161.832525561062,5842.208086323388,2319.624439237672,20557.78433985496,4005.211788720937,9998.042963545679,22877.40877909263,14.10742018171514,82.28,13.50134732706712,13.4869116985232,1.454032541139494,91.81126152303911,0,53.2,38.1,56.15,0.0,0.0,0.0,10.037905186418131,9.930994948190719,7.749160571917498,8.672864101334808,8.29535173918319,9.210144649178293,0.014435628543919776,0.5691014954058922,0.0,0.0,0.0,0.2,14.09581107317058,13.498208701900916,0.00944420509220798,82.83,37.7,45.05,59.039
Хабаровский край,2014,10530.04313068556,5140.682272139186,5389.36085854637,6559.266615703372,3749.511046072615,5719.893056151964,11948.62747424974,14.1054346152887,82.51,13.51328322434674,13.50134732706712,1.20074143584723,91.81126152303911,0,53.2,38.1,56.15,0.0,0.0,0.0,9.388371695051916,8.788634079301772,8.592182077752572,8.544941087410603,8.229380722749271,8.651705387722133,0.011935897279620633,-0.6495334913662152,0.0,0.0,0.0,0.2,14.09581107317058,13.498208701900916,0.00944420509220798,82.83,37.7,45.05,59.039
Хабаровский край,2015,6900.680303553726,4464.205626004303,2436.474677549423,4253.576729479715,3387.569771708658,1743.480837670465,6690.051407029138,14.10298385862474,82.72,13.47178209348151,13.51328322434674,-4.065174955271901,91.81126152303911,0,53.2,38.1,56.15,0.0,0.0,0.0,8.808376837252563,8.355515491392701,7.798307469268102,8.403846566173279,8.12786806179021,7.463638875330022,-0.041501130865229996,-0.5799948577993526,0.0,0.0,0.0,0.2,14.09581107317058,13.498208701900916,0.00944420509220798,82.83,37.7,45.05,59.039
Хабаровский край,2016,6089.570183500899,5350.875786094625,738.6943974062734,3104.492476931303,3075.16324312121,3448.964998708631,3843.186874337576,14.10070228207113,82.88,13.4750631703682,13.47178209348151,0.3286465511342929,91.81126152303911,0,53.2,38.1,56.15,0.0,0.0,0.0,8.254057216584656,8.04060552752332,6.604884300109387,8.585015524828385,8.031113266025432,8.14582946464198,0.003281076886690215,-0.5543196206679077,0.0,0.0,0.0,0.2,14.09581107317058,13.498208701900916,0.00944420509220798,82.83,37.7,45.05,59.039
Хабаровский край,2017,7034.361885827175,6488.041241023442,546.3206448037324,4933.818284213844,2934.438098776217,3452.355577174381,5480.138929017577,14.09793835083358,83.01,13.4927157140995,13.4750631703682,1.780927073327754,91.81126152303911,0,36.9,37.3,56.15,0.0,0.0,0.0,8.608885731631212,8.503868467107042,6.303206064919622,8.777715952282975,7.984271265475754,8.146812053032496,0.017652543731299986,0.354828515046556,0.0,0.0,0.0,0.2,14.09581107317058,13.498208701900916,0.00944420509220798,82.83,37.7,45.05,59.039
Хабаровский край,2018,8585.000970117335,5956.746142279896,2628.254827837441,4243.936694282821,3066.718580443285,8455.251273492928,6872.191522120262,14.09324531955833,83.09,13.51524866350309,13.4927157140995,2.278873388802349,91.81126152303911,0,36.9,37.3,56.15,0.0,0.0,0.0,8.8352383332001,8.353246583101138,7.8740753413561615,8.692279661692925,8.028363402631157,9.042542979813959,0.022532949403590408,0.22635260156888926,0.0,0.0,0.0,0.2,14.09581107317058,13.498208701900916,0.00944420509220798,82.83,37.7,45.05,59.039
Хабаровский край,2019,6862.248966851409,5456.98841407116,1405.260552780248,5852.507298051662,3695.892321403513,9821.78653997975,7257.76785083191,14.08824547620877,83.16,13.5162404854551,13.51524866350309,0.09923139700596106,91.81126152303911,0,36.9,37.3,65.78,0.0,0.0,1.0,8.88982760198067,8.674625446361581,7.247978011393392,8.604652344052433,8.21497729851778,9.192358313516332,0.0009918219520095306,0.054589268780569355,0.0,0.0,0.0,0.2,14.09581107317058,13.498208701900916,0.00944420509220798,82.83,37.7,45.05,59.039
Хабаровский край,2020,10962.67239541531,5769.64491493523,5193.027480480084,10478.16797706532,5229.304438445481,12805.83395058409,15671.1954575454,14.08000485998255,83.25,13.52847312295087,13.5162404854551,1.230776221779384,91.81126152303911,0,36.9,37.3,65.78,0.0,0.0,0.0,9.659579622009112,9.257049131245019,8.555072135661645,8.660365817735913,8.562033553653315,9.457656123462126,0.01223263749577086,0.7697520200284416,0.0,0.0,0.0,0.2,14.09581107317058,13.498208701900916,0.00944420509220798,82.83,37.7,45.05,59.039
Хабаровский край,2021,8427.717376183602,5467.867554090942,2959.84982209266,12356.73332664313,4673.443663214141,7614.61975319414,15316.58314873579,14.07319620243033,83.37,13.57546357013591,13.52847312295087,4.811199661187748,91.81126152303911,0,36.9,37.3,65.78,0.0,0.0,1.0,9.636691386352378,9.421956402118965,7.992893810251496,8.606643975548094,8.449651480032841,8.937825330161857,0.04699044718503842,-0.022888235656733258,0.0,0.0,0.0,0.2,14.09581107317058,13.498208701900916,0.00944420509220798,82.83,37.7,45.05,59.039
Ханты-Мансийский автономный округ - Югра,2012,,0.0,0.0,3548.204325118641,2424.820453735809,1286.105093963281,3548.204325118641,14.26917200316782,91.65,15.1719990010568,15.20681352138889,-3.421546695975075,68.10534890794732,0,54.9,41.0,66.41,0.7405243030858282,1.0,0.0,8.174196930587149,8.174196930587149,,,7.793512760933936,7.159373623047403,-0.034814520332089316,,7.405243030858282,7.309642049936467,1.0,0.0,14.312446241182107,15.101363631381437,-0.018493822206228926,91.899,44.3,47.1,69.356
Ханты-Мансийский автономный округ - Югра,2013,,0.0,0.0,1684.621305499281,2124.209724788148,914.2956323029857,1684.621305499281,14.28120177712145,91.77,15.15996922710316,15.1719990010568,-1.195770550148578,68.10534890794732,0,54.9,41.0,66.41,0.7389937106918224,1.0,0.0,7.429296073016817,7.429296073016817,,,7.661155117971371,6.818153968065003,-0.012029773953640799,-0.7449008575703315,7.389937106918224,7.309642049936467,1.0,0.0,14.312446241182107,15.101363631381437,-0.018493822206228926,91.899,44.3,47.1,69.356
Ханты-Мансийский автономный округ - Югра,2014,1805.339795706069,0.0,1805.339795706069,1832.728487290746,2780.09151257929,1060.37144417512,3638.068282996815,14.29064972771891,91.86,15.13743603695706,15.15996922710316,-2.228121397454852,68.10534890794732,0,54.9,41.0,66.41,0.7416663403334749,1.0,0.0,8.19920812827983,7.513561112094959,7.498504105518445,,7.93023912433688,6.966374544756834,-0.022533190146099003,0.7699120552630125,7.4166634033347485,7.309642049936467,1.0,0.0,14.312446241182107,15.101363631381437,-0.018493822206228926,91.899,44.3,47.1,69.356
Ханты-Мансийский автономный округ - Югра,2015,624.8470536577688,0.0,624.8470536577688,847.4327072840589,2574.697174924832,1704.332771846138,1472.279760941828,14.30046868423283,91.91,15.10945310981545,15.13743603695706,-2.759503160813914,68.10534890794732,0,54.9,41.0,66.41,0.7372876784748579,1.0,0.0,7.294567336218315,6.742211434667405,6.437506905641439,,7.853487204211244,7.440928976965016,-0.027982927141611214,-0.9046407920615147,7.372876784748579,7.309642049936467,1.0,0.0,14.312446241182107,15.101363631381437,-0.018493822206228926,91.899,44.3,47.1,69.356
Ханты-Мансийский автономный округ - Югра,2016,613.5754004723213,0.0,613.5754004723213,663.1920922373125,2375.495471160126,1647.890482144084,1276.767492709634,14.31156136976099,91.94,15.07406773171826,15.10945310981545,-3.476663522554468,68.10534890794732,0,54.9,41.0,66.41,0.7492885653446006,1.0,0.0,7.152086766400909,6.497064680103002,6.419303158754488,,7.772961314146576,7.407251253251527,-0.03538537809718889,-0.14248056981740653,7.492885653446006,7.309642049936467,1.0,0.0,14.312446241182107,15.101363631381437,-0.018493822206228926,91.899,44.3,47.1,69.356
Ханты-Мансийский автономный округ - Югра,2017,287.2557774765316,0.0,287.2557774765316,532.4815791547959,2299.468925505525,2346.516535753283,819.7373566313274,14.32078962800101,91.93,15.06683747614091,15.07406773171826,-0.7204180161308528,68.10534890794732,0,39.3,47.6,66.41,0.7480517343228789,1.0,0.0,6.7089839921612615,6.277548303848691,5.660373029586762,,7.740433473301161,7.7606871821959125,-0.00723025557735113,-0.44310277423964717,7.480517343228788,7.309642049936467,1.0,0.0,14.312446241182107,15.101363631381437,-0.018493822206228926,91.899,44.3,47.1,69.356
Ханты-Мансийский автономный округ - Югра,2018,2493.693619350565,0.0,2493.693619350565,584.8510958970658,2547.376400888415,2470.195192507416,3078.544715247631,14.32674729721071,91.93,15.07280837779648,15.06683747614091,0.5988763020645882,68.10534890794732,0,39.3,47.6,66.41,0.7037043725136435,1.0,0.0,8.03221226925719,6.3713572779037415,7.821520271600863,,7.842819246113539,7.812052451806334,0.005970901655571126,1.3232282770959287,7.037043725136435,7.309642049936467,1.0,0.0,14.312446241182107,15.101363631381437,-0.018493822206228926,91.899,44.3,47.1,69.356
Ханты-Мансийский автономный округ - Югра,2019,760.5375639477169,0.0,760.5375639477169,889.4424079974283,2971.480253418639,13523.00620112946,1649.979971945145,14.33325916250265,91.96,15.05321127295588,15.07280837779648,-1.940632982669421,68.10534890794732,0,39.3,47.6,76.23,0.7122728067726419,1.0,0.0,7.408518428605894,6.790594758520064,6.634025504230624,,7.996815509460267,9.512147677034925,-0.019597104840601176,-0.6236938406512964,7.1227280677264195,7.309642049936467,1.0,0.0,14.312446241182107,15.101363631381437,-0.018493822206228926,91.899,44.3,47.1,69.356
Ханты-Мансийский автономный округ - Югра,2020,727.1639168647486,0.0,727.1639168647486,1976.08971614923,4407.943195586527,9685.558442760048,2703.253633013979,14.34096071995061,91.99,14.96104055888148,15.05321127295588,-8.805054635115484,68.10534890794732,0,39.3,47.6,76.23,0.7187508322378058,1.0,0.0,7.902211375767767,7.588875280186661,6.589151922359294,,8.391163464086043,9.178391234763202,-0.09217071407439903,0.4936929471618736,7.187508322378058,7.309642049936467,1.0,0.0,14.312446241182107,15.101363631381437,-0.018493822206228926,91.899,44.3,47.1,69.356
Ханты-Мансийский автономный округ - Югра,2021,420.2312684241285,0.0,420.2312684241285,2324.194837826637,3875.057297622544,4026.144239725718,2744.426106250765,14.3496520421541,92.05,15.0218752993266,14.96104055888148,6.272327449921877,68.10534890794732,0,39.3,47.6,76.23,0.7191017061589129,1.0,0.0,7.917327263324605,7.751128951732455,6.040805198836399,,8.262315728161365,8.300564432613532,0.06083474044512016,0.01511588755683757,7.191017061589129,7.309642049936467,1.0,0.0,14.312446241182107,15.101363631381437,-0.018493822206228926,91.899,44.3,47.1,69.356
Челябинская область,2012,3177.983118424163,1396.741299789956,1781.241818634207,3061.140130897577,3235.765359620721,1876.417697626684,4842.381949531784,15.06341373678799,82.16,13.19489086889665,13.17262441800372,2.251619853047604,83.79738904074622,0,59.7,50.3,65.02,0.0,0.0,0.0,8.485162016983338,8.026542717347933,7.48506605095895,7.241897159424177,8.08202076616154,7.537119758101726,0.022266450892930223,,0.0,1.4601981898440337,0.2,0.2,15.063058138389987,13.21378815960539,0.013439296059669027,82.533,44.25,52.05,67.414
Челябинская область,2013,3357.130212234503,956.332839260146,2400.797372974359,3391.798815280401,2718.245565742946,638.1831868825521,5792.59618825476,15.06491130910769,82.29,13.2082819090707,13.19489086889665,1.348110170939476,83.79738904074622,0,59.7,50.3,65.02,0.0,0.0,0.0,8.664335861823343,8.129115683619894,7.783556199896284,6.863106010680301,7.907741938585421,6.458625368906946,0.013391040174051128,0.17917384484000465,0.0,1.4601981898440337,0.2,0.2,15.063058138389987,13.21378815960539,0.013439296059669027,82.533,44.25,52.05,67.414
Челябинская область,2014,4135.850381170987,1649.177845441093,2486.672535729893,2395.79584828874,2877.540570206192,1024.490664917643,4882.468384018634,15.06670715748689,82.45,13.23410122772447,13.2082819090707,2.6155524561013,83.79738904074622,0,59.7,50.3,65.02,0.0,0.0,0.0,8.493406187362462,7.781470750383441,7.818700764740005,7.408032167223895,7.964691239612612,6.931950855795219,0.02581931865376852,-0.17092967446088103,0.0,1.4601981898440337,0.2,0.2,15.063058138389987,13.21378815960539,0.013439296059669027,82.533,44.25,52.05,67.414
Челябинская область,2015,3169.998505990555,1889.391539422203,1280.606966568354,1956.366531176761,2795.563181544174,1380.75563948907,3236.973497745115,15.06831009721949,82.55,13.22748574616832,13.23410122772447,-0.6593647432322602,83.79738904074622,0,59.7,50.3,65.02,0.0,0.0,1.0,8.082394066603607,7.578844221166979,7.155089437151393,7.544010119407258,7.935788861371797,7.230386193139474,-0.0066154815561496605,-0.41101212075885485,0.0,1.4601981898440337,0.2,0.2,15.063058138389987,13.21378815960539,0.013439296059669027,82.533,44.25,52.05,67.414
Челябинская область,2016,3053.705366043662,2046.816577917168,1006.888788126495,1549.755236132055,2783.956894713265,828.8816981824185,2556.64402425855,15.0691114610087,82.59,13.19519371528775,13.22748574616832,-3.177621045671997,83.79738904074622,0,59.7,50.3,65.02,0.0,0.0,0.0,7.8464507494317655,7.345852285270984,6.914620447817857,7.624040976330015,7.9316285381136336,6.720077440708914,-0.0322920308805692,-0.23594331717184147,0.0,1.4601981898440337,0.2,0.2,15.063058138389987,13.21378815960539,0.013439296059669027,82.533,44.25,52.05,67.414
Челябинская область,2017,4002.691597562829,3054.824539633939,947.8670579288897,1600.392645583088,2416.118589801071,454.8772529029231,2548.259703511978,15.06809293872609,82.64,13.21405215569869,13.19519371528775,1.903738389331999,83.79738904074622,0,44.4,38.2,65.02,0.0,0.0,0.0,7.84316593595336,7.378004281610791,6.854214258169054,8.024477436121265,7.78991764303263,6.120027608715713,0.018858440410939536,-0.0032848134784053684,0.0,1.4601981898440337,0.2,0.2,15.063058138389987,13.21378815960539,0.013439296059669027,82.533,44.25,52.05,67.414
Челябинская область,2018,4741.968225899605,2502.039591449225,2239.928634450382,1396.751678403738,2255.732354096592,832.4416023170954,3636.68031285412,15.06436790945715,82.68,13.2277275158208,13.21405215569869,1.376929557127982,83.79738904074622,0,44.4,38.2,65.02,0.0,0.0,0.0,8.198826542540818,7.241904589987892,7.714199284721192,7.824861514822213,7.721229968211448,6.724363072027305,0.013675360122109126,0.3556606065874579,0.0,1.4601981898440337,0.2,0.2,15.063058138389987,13.21378815960539,0.013439296059669027,82.533,44.25,52.05,67.414
Челябинская область,2019,4110.887093799493,2462.379898166831,1648.507195632661,2469.779066049134,2799.131208448126,2740.646017928818,4118.286261681795,15.06061829983869,82.67,13.22445251050229,13.2277275158208,-0.3269648338227515,83.79738904074622,0,44.4,38.2,73.0,0.0,0.0,0.0,8.323192399907441,7.811883978677736,7.4076254274598945,7.808883599538798,7.9370643653185615,7.915948944558759,-0.0032750053185086614,0.12436585736662309,0.0,1.4601981898440337,0.2,0.2,15.063058138389987,13.21378815960539,0.013439296059669027,82.533,44.25,52.05,67.414
Челябинская область,2020,6943.663026995506,2141.594228086815,4802.068798908691,5584.73288021998,4277.521236350589,4504.160475485476,10386.80167912867,15.05594961231365,82.66,13.23907152888049,13.22445251050229,1.472639885500437,83.79738904074622,0,44.4,38.2,73.0,0.7301595756066585,1.0,1.0,9.248291209864506,8.627791882287879,8.476802103814903,7.669305797061876,8.361128970418102,8.412756798733094,0.01461901837820001,0.9250988099570652,7.301595756066584,1.4601981898440337,0.2,0.2,15.063058138389987,13.21378815960539,0.013439296059669027,82.533,44.25,52.05,67.414
Челябинская область,2021,4722.661909266504,2021.672722633979,2700.989186632525,6297.132710879306,3380.636327584921,4874.502347570779,8998.121897511832,15.04909886195355,82.64,13.30701737860041,13.23907152888049,7.030734946678718,83.79738904074622,0,44.4,38.2,73.0,0.7300386142373754,1.0,0.0,9.104771156487821,8.747849683521435,7.901373350316451,7.611680528237613,8.125819233356975,8.491773295671585,0.06794584971991924,-0.14352005337668494,7.300386142373753,1.4601981898440337,0.2,0.2,15.063058138389987,13.21378815960539,0.013439296059669027,82.533,44.25,52.05,67.414
Чувашская Республика,2012,7717.862518525973,7371.726768899126,346.1357496268469,5822.187320133568,3681.948215553892,2107.447585717182,6168.323069760415,14.03301986670138,59.57,12.65205635924599,12.58787268034946,6.628823542189433,26.86003905114038,1,61.7,43.4,62.32,0.0,0.0,0.0,8.727182292237293,8.669431298321399,5.846831038074511,8.905407254741364,8.211197297477362,7.653232819207156,0.06418367889652998,,0.0,1.3548450698119257,0.2,0.1,14.015324518032207,12.646276986344116,0.013769500076335105,61.742999999999995,47.15,60.55,66.811
Чувашская Республика,2013,10489.74265638217,9069.878222157911,1419.864434224261,5314.849583786781,3347.271595028525,273.1620635571431,6734.714018011042,14.02889383236392,59.95,12.63699957416667,12.65205635924599,-1.494399846832328,26.86003905114038,1,61.7,43.4,62.32,0.0,0.0,0.0,8.81503062588072,8.57825999005325,7.2583166771817105,9.112714116575598,8.115900843729916,5.610065258454247,-0.015056785079320179,0.08784833364342681,0.0,1.3548450698119257,0.2,0.1,14.015324518032207,12.646276986344116,0.013769500076335105,61.742999999999995,47.15,60.55,66.811
Чувашская Республика,2014,9061.27427498848,7022.508059314535,2038.766215673949,4852.085950452572,2820.767426575146,555.7868626680872,6890.852166126521,14.02538567159242,60.4,12.64250573760085,12.63699957416667,0.5521350212886134,26.86003905114038,1,61.7,43.4,62.32,0.0,0.0,0.0,8.83795003794562,8.487163984344917,7.620100107636983,8.85687570661954,7.944764263992965,6.3203848802317975,0.005506163434180422,0.022919412064899447,0.0,1.3548450698119257,0.2,0.1,14.015324518032207,12.646276986344116,0.013769500076335105,61.742999999999995,47.15,60.55,66.811
Чувашская Республика,2015,7707.196680298251,6386.236205650151,1320.9604746481,4172.099687648466,2478.245405685608,1030.051115887842,5493.060162296566,14.02282143129511,60.94,12.61769878110203,12.64250573760085,-2.450179255749341,26.86003905114038,1,61.7,43.4,62.32,0.0,0.0,0.0,8.611240785821613,8.33617471028593,7.186114383293539,8.761900360634868,7.815306091057,6.937363707067873,-0.024806956498819588,-0.2267092521240066,0.0,1.3548450698119257,0.2,0.1,14.015324518032207,12.646276986344116,0.013769500076335105,61.742999999999995,47.15,60.55,66.811
Чувашская Республика,2016,7545.858798422595,6417.321584751667,1128.537213670928,4223.76302089404,1982.372854519302,1383.00752061033,5352.300234564967,14.02079314772874,61.58,12.62570913634594,12.61769878110203,0.8042523976440341,26.86003905114038,1,61.7,43.4,62.32,0.0,0.0,0.0,8.585281697873844,8.348481720804225,7.028677571939786,8.766756110995631,7.592049817540256,7.23201576954609,0.008010355243909473,-0.025959087947768467,0.0,1.3548450698119257,0.2,0.1,14.015324518032207,12.646276986344116,0.013769500076335105,61.742999999999995,47.15,60.55,66.811
Чувашская Республика,2017,9188.640443320868,8809.346859087182,379.2935842336904,3652.322904254,1787.145516410892,1295.197203524277,4031.616488487691,14.01780629596565,62.14,12.64259889327803,12.62570913634594,1.703319528512237,26.86003905114038,1,59.4,50.9,62.32,0.0,0.0,0.0,8.301922688284764,8.203118656276605,5.9383105337974875,9.083568579869528,7.488374942404236,7.166418243253835,0.01688975693209116,-0.28335900958908056,0.0,1.3548450698119257,0.2,0.1,14.015324518032207,12.646276986344116,0.013769500076335105,61.742999999999995,47.15,60.55,66.811
Чувашская Республика,2018,10667.72960328759,9519.239417610812,1148.490185676771,3898.97936799069,1832.88177486275,1925.158624844668,5047.469553667461,14.01194374239038,62.62,12.66826407414948,12.64259889327803,2.599736741344261,26.86003905114038,1,59.4,50.9,62.32,0.0,0.0,0.0,8.526642318205939,8.268470097352974,7.046203476752433,9.16107023148568,7.51364474759417,7.562763645843694,0.025665180871449422,0.2247196299211751,0.0,1.3548450698119257,0.2,0.1,14.015324518032207,12.646276986344116,0.013769500076335105,61.742999999999995,47.15,60.55,66.811
Чувашская Республика,2019,12347.18185889633,10527.16486299312,1820.016995903202,6058.167602955628,2281.21914552316,3090.026287044462,7878.18459885883,14.00551502547098,63.07,12.6984093176862,12.66826407414948,3.060421168405325,26.86003905114038,1,59.4,50.9,77.29,0.0,0.0,0.0,8.9718527754547,8.7091626575887,7.506601118435591,9.261714325095078,7.732465291989213,8.035934876989735,0.030145243536720656,0.44521045724876096,0.0,1.3548450698119257,0.2,0.1,14.015324518032207,12.646276986344116,0.013769500076335105,61.742999999999995,47.15,60.55,66.811
Чувашская Республика,2020,14795.19841424606,11087.74769146309,3707.450722782967,9299.901845495615,3714.361662721107,5536.121424744173,13007.35256827858,13.9981553958306,63.39,12.69065530951652,12.6984093176862,-0.7724023399100499,26.86003905114038,1,59.4,50.9,77.29,0.6739934544061467,1.0,1.0,9.473270058737631,9.137759124837867,8.218099782698665,9.313595966071855,8.219962115394939,8.619049430717402,-0.007754008169680304,0.5014172832829313,6.739934544061467,1.3548450698119257,0.2,0.1,14.015324518032207,12.646276986344116,0.013769500076335105,61.742999999999995,47.15,60.55,66.811
Чувашская Республика,2021,12866.39393883341,10279.92377297699,2586.470165856414,10950.06898590986,2653.972032005932,6327.695859382751,13536.53915176627,13.98891077098289,63.77,12.72556768111281,12.69065530951652,3.552896307369968,26.86003905114038,1,59.4,50.9,77.29,0.680851615405779,1.0,0.0,9.513147912004774,9.301101035307894,7.858049354815443,9.237948123901605,7.883812676783097,8.752691445615886,0.034912371596290015,0.03987785326714288,6.80851615405779,1.3548450698119257,0.2,0.1,14.015324518032207,12.646276986344116,0.013769500076335105,61.742999999999995,47.15,60.55,66.811
Чукотский автономный округ,2012,92715.59039754207,10830.2753897801,81885.31500776198,72673.26503966573,8205.791406420281,7708.491931530441,154558.5800474277,10.83057973810414,65.99,14.57608754024821,14.57911183459768,-0.3019725778050431,52.49183348689171,0,79.1,70.3,72.64,0.6958899615299681,1.0,0.0,11.948328462340399,11.193728852278898,11.313074949829758,9.290100768090955,9.012595453037356,8.950077848402103,-0.0030242943494691588,,6.95889961529968,6.804508789301023,1.0,0.0,10.798123244199113,14.708184506899169,0.031235427564129024,67.761,64.55,71.8,75.541
Чукотский автономный округ,2013,75355.56867251909,5755.206980769893,69600.3616917492,73818.98034943495,8809.386237672928,1927.635943724104,143419.3420411841,10.82275385301181,66.41,14.58790544661007,14.57608754024821,1.18880137191173,52.49183348689171,0,79.1,70.3,72.64,0.6811594202898549,1.0,0.0,11.873528079789619,11.209371163828541,11.150525043029543,8.657860285890633,9.08357304995095,7.564049631471401,0.011817906361860864,-0.07480038255078014,6.811594202898549,6.804508789301023,1.0,0.0,10.798123244199113,14.708184506899169,0.031235427564129024,67.761,64.55,71.8,75.541
Чукотский автономный округ,2014,254883.7114293489,214888.3683560168,39995.34307333217,21586.35498753885,8942.62310399449,9874.46053694336,61581.69806087102,10.81655308905459,66.94,14.73299820943391,14.58790544661007,15.61468127370134,52.49183348689171,0,79.1,70.3,72.64,0.6953121940626329,1.0,0.0,11.028119995974425,9.979816680517319,10.596518303151674,12.277873955321244,9.098584237210574,9.197706959106803,0.14509276282383965,-0.8454080838151938,6.953121940626329,6.804508789301023,1.0,0.0,10.798123244199113,14.708184506899169,0.031235427564129024,67.761,64.55,71.8,75.541
Чукотский автономный округ,2015,251825.8554596592,232327.7243506441,19498.13110901508,46437.37096682564,9338.214027864493,6884.727260414861,65935.50207584072,10.80871733705086,67.51,14.74880213108682,14.73299820943391,1.592946410515661,52.49183348689171,0,79.1,70.3,72.64,0.68865392659657,1.0,0.0,11.09643230192185,10.745859822814545,9.878073899395508,12.355904258820335,9.141870295365083,8.837060796785503,0.01580392165290867,0.06831230594742443,6.8865392659657,6.804508789301023,1.0,0.0,10.798123244199113,14.708184506899169,0.031235427564129024,67.761,64.55,71.8,75.541
Чукотский автономный округ,2016,306650.6362866655,265382.1888076889,41268.44747897649,76203.52585157199,6794.831120577015,6403.799654154905,117471.9733305485,10.7975940232744,68.06,14.717017943852,14.74880213108682,-3.128437928143468,52.49183348689171,0,79.1,70.3,72.64,0.6976134918725594,1.0,0.0,11.67395505926838,11.241163011622271,10.627853503405069,12.488926287881002,8.823917472792509,8.764646789141743,-0.03178418723481968,0.5775227573465305,6.976134918725593,6.804508789301023,1.0,0.0,10.798123244199113,14.708184506899169,0.031235427564129024,67.761,64.55,71.8,75.541
Чукотский автономный округ,2017,261422.0267310182,249865.0318660566,11556.99486496158,69321.35446753608,6897.909377186786,6562.89673741138,80878.34933249766,10.78547665271326,68.37,14.73013481474622,14.717017943852,1.320327441321378,52.49183348689171,0,64.5,58.8,72.64,0.6956519751553348,1.0,0.0,11.300701444639621,11.146508282985682,9.355046148652558,12.42867617852496,8.838973655861457,8.789187360297127,0.013116870894220867,-0.3732536146287586,6.956519751553349,6.804508789301023,1.0,0.0,10.798123244199113,14.708184506899169,0.031235427564129024,67.761,64.55,71.8,75.541
Чукотский автономный округ,2018,234308.4736623683,227546.0800885062,6762.393573862149,31462.40473482614,6796.382081519865,107828.6890197992,38224.79830868829,10.77991416431514,68.46,14.77299308788804,14.73013481474622,4.378995129667373,52.49183348689171,0,64.5,58.8,72.64,0.6551730364782186,1.0,0.0,10.55123975435923,10.356548611543115,8.819132185339534,12.335108046702281,8.824145702741744,11.588299033959302,0.042858273141819225,-0.7494616902803912,6.551730364782186,6.804508789301023,1.0,0.0,10.798123244199113,14.708184506899169,0.031235427564129024,67.761,64.55,71.8,75.541
Чукотский автономный округ,2019,280218.5179540204,250696.2815302071,29522.23642381326,67091.06185402015,10074.4791902803,434632.6384440169,96613.29827783341,10.78568361063945,68.72,14.8112405269805,14.77299308788804,3.89882873934273,52.49183348689171,0,64.5,58.8,82.31,0.6641643245140783,1.0,0.0,11.478471674057491,11.113806107738586,10.292899035459065,12.431997451687788,9.217760692206314,12.98225644394783,0.03824743909246031,0.9272319196982615,6.6416432451407825,6.804508789301023,1.0,0.0,10.798123244199113,14.708184506899169,0.031235427564129024,67.761,64.55,71.8,75.541
Чукотский автономный округ,2020,279835.7925251662,272049.9623317938,7785.830193372438,76897.36757178415,13597.47113361628,64270.23288875163,84683.1977651566,10.78033034544317,68.62,14.82555353354826,14.8112405269805,1.441592809886405,52.49183348689171,0,64.5,58.8,82.31,0.6630638308211809,1.0,0.0,11.346672487468684,11.250226923071455,8.960060718707357,12.513741013453462,9.517639108376406,11.070851861958449,0.014313006567761022,-0.13179918658880752,6.630638308211809,6.804508789301023,1.0,0.0,10.798123244199113,14.708184506899169,0.031235427564129024,67.761,64.55,71.8,75.541
Чукотский автономный округ,2021,286199.58948581,267725.2927008063,18474.29678500367,117895.1515279087,12226.20925332495,45900.23048402974,136369.4483129124,10.7736296283843,68.53,14.89146611023897,14.82555353354826,6.813333333333316,52.49183348689171,0,64.5,58.8,82.31,0.6678266279806251,1.0,0.0,11.823123013327178,11.677550962082822,9.824135682033997,12.497716706557512,9.411337225878565,10.734225417474585,0.06591257669070849,0.47645052585849434,6.678266279806251,6.804508789301023,1.0,0.0,10.798123244199113,14.708184506899169,0.031235427564129024,67.761,64.55,71.8,75.541
Ямало-Ненецкий автономный округ,2012,,0.0,0.0,2794.838657212,2722.803218772762,1277.713648836432,2794.838657212,13.18720310317523,84.95,15.43716643231737,15.424049605231,1.320323002695445,61.73862802169426,0,82.2,71.7,84.58,0.6047615141867587,1.0,0.0,7.935529658417472,7.935529658417472,,,7.909417223728512,7.152827547888529,0.013116827086371075,,6.047615141867587,6.287617879029826,1.0,0.1,13.15681205450636,15.626406435148212,0.050444200389276085,84.786,69.4,78.3,84.86800000000001
Ямало-Ненецкий автономный округ,2013,,0.0,0.0,1536.231364044793,2438.297229064934,1087.759258904309,1536.231364044793,13.18271878651569,85.04,15.47990946109401,15.43716643231737,4.366966731750832,61.73862802169426,0,82.2,71.7,84.58,0.6151832460732974,1.0,0.0,7.337087529997743,7.337087529997743,,,7.799055217731146,6.991875133542783,0.04274302877663949,-0.5984421284197294,6.151832460732974,6.287617879029826,1.0,0.1,13.15681205450636,15.626406435148212,0.050444200389276085,84.786,69.4,78.3,84.86800000000001
Ямало-Ненецкий автономный округ,2014,,0.0,0.0,1564.865576911991,2673.29135584817,918.1337181188851,1564.865576911991,13.17332831788964,84.98,15.54473463660816,15.47990946109401,6.697247516359628,61.73862802169426,0,82.2,71.7,84.58,0.6402874880576774,1.0,0.0,7.355555205938238,7.355555205938238,,,7.891065709767985,6.82234304245162,0.06482517551414979,0.01846767594049492,6.402874880576775,6.287617879029826,1.0,0.1,13.15681205450636,15.626406435148212,0.050444200389276085,84.786,69.4,78.3,84.86800000000001
Ямало-Ненецкий автономный округ,2015,,0.0,0.0,675.3722085513812,2646.882131706229,1438.078516619008,675.3722085513812,13.16013111241901,84.82,15.53874902266201,15.54473463660816,-0.5967735847239974,61.73862802169426,0,82.2,71.7,84.58,0.6304343917393708,1.0,0.0,6.515263958972466,6.515263958972466,,,7.88113767222403,7.2710631380553545,-0.005985613946149826,-0.840291246965772,6.304343917393708,6.287617879029826,1.0,0.1,13.15681205450636,15.626406435148212,0.050444200389276085,84.786,69.4,78.3,84.86800000000001
Ямало-Ненецкий автономный округ,2016,,0.0,0.0,574.1946523697133,2858.491842636573,1042.183050558793,574.1946523697133,13.14879691273332,84.71,15.60457140763177,15.53874902266201,6.803700089405185,61.73862802169426,0,82.2,71.7,84.58,0.6383502097960082,1.0,0.0,6.352968454459536,6.352968454459536,,,7.958049436978272,6.949072879206035,0.0658223849697599,-0.1622955045129295,6.383502097960082,6.287617879029826,1.0,0.1,13.15681205450636,15.626406435148212,0.050444200389276085,84.786,69.4,78.3,84.86800000000001
Ямало-Ненецкий автономный округ,2017,552.3631099303851,0.0,552.3631099303851,373.3511755369425,2795.323423898622,490.3038629935402,925.7142854673276,13.1458064291308,84.71,15.68359657751029,15.60457140763177,8.223156136443555,61.73862802169426,0,74.4,67.1,84.58,0.631578766917344,1.0,0.0,6.830565640024231,5.922519466095858,6.3142056378612486,,7.935703094064169,6.195025327462658,0.07902516987851982,0.47759718556469455,6.3157876691734405,6.287617879029826,1.0,0.1,13.15681205450636,15.626406435148212,0.050444200389276085,84.786,69.4,78.3,84.86800000000001
Ямало-Ненецкий автономный округ,2018,11429.93557562204,0.0,11429.93557562204,173.5292120953604,2783.93482273972,6222.371309036836,11603.4647877174,13.14403288843911,84.7,15.82513206057714,15.68359657751029,15.20413814969284,61.73862802169426,0,74.4,67.1,84.58,0.6089749377521911,1.0,0.0,9.359059021092225,5.156345954640082,9.343991120344453,,7.931620609808033,8.735906352474942,0.14153548306684982,2.528493381067994,6.089749377521912,6.287617879029826,1.0,0.1,13.15681205450636,15.626406435148212,0.050444200389276085,84.786,69.4,78.3,84.86800000000001
Ямало-Ненецкий автономный округ,2019,1537.560053283696,0.0,1537.560053283696,379.0638450480282,3229.09468135208,12778.43004267441,1916.623898331724,13.14288535375007,84.68,15.88360466188545,15.82513206057714,6.02159367670716,61.73862802169426,0,74.4,67.1,85.54,0.6424674863266854,1.0,1.0,7.558320530960444,5.937704647486312,7.337952057964195,,8.079957092518566,9.455513875524321,0.05847260130830989,-1.8007384901317813,6.424674863266854,6.287617879029826,1.0,0.1,13.15681205450636,15.626406435148212,0.050444200389276085,84.786,69.4,78.3,84.86800000000001
Ямало-Ненецкий автономный округ,2020,1526.03652150869,0.0,1526.03652150869,791.9925448175933,4774.821447740737,28248.23961762519,2318.029066326283,13.14103202865931,84.63,15.84255048596493,15.88360466188545,-4.022286827031419,61.73862802169426,0,74.4,67.1,85.54,0.6355793196990603,1.0,0.0,7.7484725632198215,6.674551978661023,7.330429144394642,,8.471111859072389,10.248786420212616,-0.04105417592051985,0.1901520322593777,6.355793196990604,6.287617879029826,1.0,0.1,13.15681205450636,15.626406435148212,0.050444200389276085,84.786,69.4,78.3,84.86800000000001
Ямало-Ненецкий автономный округ,2021,802.9358247877493,0.0,802.9358247877493,1513.761872414266,4288.742932452305,26165.69420554499,2316.697697202015,13.14218561235142,84.64,15.92849160912376,15.84255048596493,8.974216583988536,61.73862802169426,0,74.4,67.1,85.54,0.6400005184814318,1.0,0.0,7.747898044276713,7.322353137884781,6.6882747914351715,,8.36374894624412,10.172204450292487,0.08594112315883073,-0.0005745189431083375,6.400005184814318,6.287617879029826,1.0,0.1,13.15681205450636,15.626406435148212,0.050444200389276085,84.786,69.4,78.3,84.86800000000001
Ярославская область,2012,1670.315667376837,952.7126728668104,717.6029945100264,4347.532988739721,3771.322668263637,2891.436796710964,5065.135983249747,14.05331648928704,82.05,13.05054694481742,13.00430749343567,4.732516439186663,95.96558891889833,0,55.9,29.0,54.53,0.7055550998845518,1.0,0.0,8.530136263953143,8.377363834178883,6.575916483687421,6.859313360678225,8.23518105930019,7.969508819054332,0.046239451381749674,,7.055550998845518,5.257900789212982,0.6,0.2,14.039261888917235,13.116074009342586,0.025374938754583985,81.66900000000001,33.7,46.85,59.723
Ярославская область,2013,1897.732556838692,597.7892585921535,1299.943298246539,4817.917424982536,3183.777256375758,586.0041944583809,6117.860723229075,14.05204011559228,81.97,13.07749106526076,13.05054694481742,2.73103955101055,95.96558891889833,0,55.9,29.0,54.53,0.0,0.0,1.0,8.718967759369843,8.480097044170023,7.17007592576496,6.393238281458486,8.065823587348738,6.373326947330203,0.026944120443340935,0.18883149541670008,0.0,5.257900789212982,0.6,0.2,14.039261888917235,13.116074009342586,0.025374938754583985,81.66900000000001,33.7,46.85,59.723
Ярославская область,2014,1635.0618117884,79.55165473387942,1555.51015705452,3647.558253965267,2852.753392903038,666.9685604889478,5203.068411019787,14.05045539931662,81.87,13.09789753577701,13.07749106526076,2.061610608148556,95.96558891889833,0,55.9,29.0,54.53,0.0,0.0,0.0,8.557003809583604,8.201813251198883,7.349558846084627,4.376406555747585,7.956039909658762,6.502742909105973,0.020406470516249442,-0.16196394978623907,0.0,5.257900789212982,0.6,0.2,14.039261888917235,13.116074009342586,0.025374938754583985,81.66900000000001,33.7,46.85,59.723
Ярославская область,2015,2030.874366654183,0.0,2030.874366654183,2686.203561904806,2576.780413537012,1597.127488702916,4717.077928558989,14.04894260077068,81.78,13.10340235559249,13.09789753577701,0.5519999176516022,95.96558891889833,0,55.9,29.0,54.53,0.0,0.0,0.0,8.458944803936218,7.895884160475438,7.616221701791274,,7.854295996908084,7.375961975149557,0.005504819815479678,-0.09805900564738579,0.0,5.257900789212982,0.6,0.2,14.039261888917235,13.116074009342586,0.025374938754583985,81.66900000000001,33.7,46.85,59.723
Ярославская область,2016,410.645257315497,0.0,410.645257315497,1833.034071315374,2659.66134016872,1277.096012495681,2243.679328630871,14.04701585226116,81.73,13.11725767496728,13.10340235559249,1.395174915271435,95.96558891889833,0,55.9,29.0,54.53,0.0,0.0,0.0,7.7158723547515216,7.513727835400384,6.017729720906059,,7.885954077944365,7.152344039185605,0.013855319374791009,-0.7430724491846963,0.0,5.257900789212982,0.6,0.2,14.039261888917235,13.116074009342586,0.025374938754583985,81.66900000000001,33.7,46.85,59.723
Ярославская область,2017,927.2401677391797,572.5928286340159,354.6473391051636,2197.713934677088,2410.313381825536,2197.96631038786,2552.361273782252,14.04296241518612,81.73,13.14405059901181,13.11725767496728,2.715508161959912,95.96558891889833,0,37.8,38.4,54.53,0.9442620252928162,1.0,1.0,7.844774199407004,7.695172978484975,5.871123884744335,6.3501748683697565,7.787512051983524,7.6952878074520425,0.026792924044530153,0.12890184465548238,9.442620252928162,5.257900789212982,0.6,0.2,14.039261888917235,13.116074009342586,0.025374938754583985,81.66900000000001,33.7,46.85,59.723
Ярославская область,2018,2847.563646406833,658.0362168833403,2189.527429523493,1579.112538957743,2258.730769765529,2830.255507383085,3768.639968481236,14.03693262838014,81.62,13.18157905287716,13.14405059901181,3.824153864647206,95.96558891889833,0,37.8,38.4,54.53,0.8934177770157551,1.0,0.0,8.234469464289752,7.364618284013386,7.691441013919772,6.489259970666765,7.722558328208007,7.948122271856188,0.037528453865348865,0.3896952648827483,8.93417777015755,5.257900789212982,0.6,0.2,14.039261888917235,13.116074009342586,0.025374938754583985,81.66900000000001,33.7,46.85,59.723
Ярославская область,2019,1426.056799399653,733.8209383090489,692.2358610906037,3210.077329635305,2775.688370950618,3393.618900579999,3902.313190725908,14.0303936857273,81.45,13.18911749586309,13.18157905287716,0.756692858128072,95.96558891889833,0,37.8,38.4,71.84,0.8962014809265902,1.0,0.0,8.269324782115293,8.074050306062963,6.539926737271311,6.598265045595653,7.928654057022169,8.12965215327275,0.007538442985930871,0.03485531782554041,8.962014809265902,5.257900789212982,0.6,0.2,14.039261888917235,13.116074009342586,0.025374938754583985,81.66900000000001,33.7,46.85,59.723
Ярославская область,2020,4921.47848292174,625.9152710643818,4295.563211857358,7765.020118255225,4148.152346699829,4330.315536102609,12060.58333011258,14.02141679674692,81.33,13.19508987582316,13.18911749586309,0.5990250179467083,95.96558891889833,0,37.8,38.4,71.84,0.9041779511197938,1.0,0.0,9.39769783810916,8.957384326468707,8.365337957802067,6.439215012202087,8.330418296423241,8.373395690420619,0.005972379960068608,1.1283730559938672,9.041779511197937,5.257900789212982,0.6,0.2,14.039261888917235,13.116074009342586,0.025374938754583985,81.66900000000001,33.7,46.85,59.723
Ярославская область,2021,1591.207432126231,579.6770897705269,1011.530342355704,7937.656335220203,2994.554828459605,5535.549569661765,8949.186677575906,14.0091429059041,81.16,13.25805688098151,13.19508987582316,6.499169941910776,95.96558891889833,0,37.8,38.4,71.84,0.9142864549734749,1.0,0.0,9.099317933125743,8.97937333878276,6.919219653543656,6.362471206727262,8.00455086125792,8.618946130125611,0.06296700515835063,-0.2983799049834168,9.14286454973475,5.257900789212982,0.6,0.2,14.039261888917235,13.116074009342586,0.025374938754583985,81.66900000000001,33.7,46.85,59.723
г. Москва,2012,77.10774921477865,0.0,77.10774921477865,4233.858536694632,3749.257356961634,5093.116190802019,4310.966285909411,16.28014000786433,100.0,14.38837333944725,14.37201570268734,1.649215536803617,91.65044468473364,0,61.7,46.6,46.95,0.9584899470129777,1.0,0.0,8.36891735423625,8.350869039869432,4.345203784140922,,8.22931306120875,8.535645140447665,0.016357636759909866,,9.584899470129777,9.757022611351823,1.0,0.0,16.338118114759993,14.357745724283001,0.006782166732758022,100.0,42.2,48.5,54.126
г. Москва,2013,,0.0,0.0,1796.671770317567,3571.913471157812,1103.534566197287,1796.671770317567,16.29565128543189,100.0,14.38281239273287,14.38837333944725,-0.5545513271642988,91.65044468473364,0,61.7,46.6,46.95,0.9710743801652875,1.0,0.0,7.493691215852921,7.493691215852921,,,8.180856717503039,7.006273549354172,-0.005560946714380677,-0.8752261383833293,9.710743801652875,9.757022611351823,1.0,0.0,16.338118114759993,14.357745724283001,0.006782166732758022,100.0,42.2,48.5,54.126
г. Москва,2014,,0.0,0.0,480.1707282283549,3266.893373895439,990.424689944492,480.1707282283549,16.30952312278079,100.0,14.37093855804664,14.38281239273287,-1.180361889614756,91.65044468473364,0,61.7,46.6,46.95,0.9744521259855901,1.0,0.0,6.174141724470519,6.174141724470519,,,8.091594773754545,6.898133830885043,-0.011873834686229046,-1.3195494913824026,9.744521259855901,9.757022611351823,1.0,0.0,16.338118114759993,14.357745724283001,0.006782166732758022,100.0,42.2,48.5,54.126
г. Москва,2015,,0.0,0.0,444.5425185920692,2962.010359465876,4542.920914129527,444.5425185920692,16.32332391762422,100.0,14.33591412675159,14.37093855804664,-3.441817444508488,91.65044468473364,0,61.7,46.6,46.95,0.9702596214873598,1.0,0.0,6.09704570525462,6.09704570525462,,,7.993623492278035,8.421325457315895,-0.03502443129505117,-0.07709601921589915,9.702596214873598,9.757022611351823,1.0,0.0,16.338118114759993,14.357745724283001,0.006782166732758022,100.0,42.2,48.5,54.126
г. Москва,2016,,0.0,0.0,358.4151725771505,2724.532630938288,4191.360586296603,358.4151725771505,16.33534506592856,100.0,14.33384330930041,14.33591412675159,-0.2068674787993885,91.65044468473364,0,61.7,46.6,46.95,0.9887228813381767,1.0,0.0,5.881692014404347,5.881692014404347,,,7.9100521808052715,8.340780682471811,-0.002070817451180318,-0.21535369085027245,9.887228813381766,9.757022611351823,1.0,0.0,16.338118114759993,14.357745724283001,0.006782166732758022,100.0,42.2,48.5,54.126
г. Москва,2017,,0.0,0.0,102.0145024452175,2927.544081976811,228.7764717246241,102.0145024452175,16.3469335983806,100.0,14.3391118939148,14.33384330930041,0.5282488012654962,91.65044468473364,0,35.3,37.8,46.95,0.9896904388807861,1.0,0.0,4.625114984013,4.625114984013,,,7.981919153249814,5.432745420846531,0.005268584614391614,-1.2565770303913473,9.896904388807862,9.757022611351823,1.0,0.0,16.338118114759993,14.357745724283001,0.006782166732758022,100.0,42.2,48.5,54.126
г. Москва,2018,2491.32481874249,0.0,2491.32481874249,37.92361258775928,2791.293473491422,393.8823317901824,2529.248431330249,16.36066191427278,100.0,14.35688224508199,14.3391118939148,1.792918329684023,91.65044468473364,0,35.3,37.8,46.95,0.9628387529325184,1.0,0.0,7.83567747487438,3.635573941513588,7.820569903687169,,7.934260377951637,5.9760522144143335,0.017770351167190057,3.2105624908613803,9.628387529325185,9.757022611351823,1.0,0.0,16.338118114759993,14.357745724283001,0.006782166732758022,100.0,42.2,48.5,54.126
г. Москва,2019,,0.0,0.0,29.10583853517831,2869.259884531767,485.0694911232434,29.10583853517831,16.37174148162963,100.0,14.35674261776347,14.35688224508199,-0.0139617571080719,91.65044468473364,0,35.3,37.8,70.87,0.9833321804611199,1.0,0.0,3.3709387910002544,3.3709387910002544,,,7.961809395542826,6.18429216134027,-0.00013962731852146248,-4.464738683874126,9.833321804611199,9.757022611351823,1.0,0.0,16.338118114759993,14.357745724283001,0.006782166732758022,100.0,42.2,48.5,54.126
г. Москва,2020,69.625975619432,0.0,69.625975619432,15.51733905502031,3982.105145032661,2637.186937044509,85.14331467445231,16.37761070643596,100.0,14.34082305710364,14.35674261776347,-1.579351420846342,91.65044468473364,0,35.3,37.8,70.87,0.9735461008088795,1.0,0.0,4.44433589168883,2.7419580474149448,4.243137710636628,,8.289565889356563,7.87746807388413,-0.015919560659829912,1.0733971006885756,9.735461008088794,9.757022611351823,1.0,0.0,16.338118114759993,14.357745724283001,0.006782166732758022,100.0,42.2,48.5,54.126
г. Москва,2021,14.58867676232366,0.0,14.58867676232366,13.97154944822267,3247.58800075662,3791.678725785688,28.56022621054633,16.38025004725118,100.0,14.43983737001492,14.34082305710364,10.40821020749589,91.65044468473364,0,35.3,37.8,70.87,0.984616182279127,1.0,0.0,3.352015057977353,2.6370230796613114,2.6802456635843597,,8.08566784617811,8.240564135572978,0.09901431291128127,-1.0923208337114771,9.84616182279127,9.757022611351823,1.0,0.0,16.338118114759993,14.357745724283001,0.006782166732758022,100.0,42.2,48.5,54.126
г. Санкт-Петербург,2012,7822.347921832754,0.0,7822.347921832754,1883.34227731667,3683.067221774764,3255.838226398549,9705.690199149423,15.4295727618625,100.0,14.1606796568168,14.13586682392727,2.512323321405208,92.47680067304842,0,55.2,35.4,58.77,0.920289260718981,1.0,1.0,9.180467610967133,7.540803284478802,8.964740034233284,,8.21150116818585,8.088205041121071,0.02481283288953051,,9.20289260718981,9.314087418118442,1.0,0.2,15.49722681671185,14.15777414233609,0.02000782640407799,100.0,37.55,43.95,63.64200000000001
г. Санкт-Петербург,2013,7278.977621835077,0.0,7278.977621835077,3261.590172695736,3491.795881490605,691.1549639804605,10540.56779453081,15.45131772541844,100.0,14.15677461138919,14.1606796568168,-0.3897430652952893,92.47680067304842,0,55.2,35.4,58.77,0.91796875,1.0,0.0,9.262986691093236,8.089970138468782,8.892745694767479,,8.158171462069655,6.538364059088814,-0.0039050454276097213,0.08251908012610265,9.1796875,9.314087418118442,1.0,0.2,15.49722681671185,14.15777414233609,0.02000782640407799,100.0,37.55,43.95,63.64200000000001
г. Санкт-Петербург,2014,4066.114835141324,0.0,4066.114835141324,871.9446844306266,3151.083189372972,1201.228076474007,4938.059519571951,15.47106019360235,100.0,14.14698247405845,14.15677461138919,-0.9744350459715334,92.47680067304842,0,55.2,35.4,58.77,0.9206892500691424,1.0,0.0,8.50472772320874,6.770725986610898,8.310443236568942,,8.055501542352276,7.091099709523999,-0.009792137330739692,-0.7582589678844958,9.206892500691424,9.314087418118442,1.0,0.2,15.49722681671185,14.15777414233609,0.02000782640407799,100.0,37.55,43.95,63.64200000000001
г. Санкт-Петербург,2015,323.4318355209974,0.0,323.4318355209974,944.5109132642431,2768.151566634085,2131.113119423348,1267.94274878524,15.48392222439974,100.0,14.14802334843004,14.14698247405845,0.1041416269320861,92.47680067304842,0,55.2,35.4,58.77,0.9157889058950885,1.0,0.0,7.145150983177559,6.850667241416096,5.778988382375395,,7.925935071970432,7.664399713478771,0.0010408743715899504,-1.359576740031181,9.157889058950886,9.314087418118442,1.0,0.2,15.49722681671185,14.15777414233609,0.02000782640407799,100.0,37.55,43.95,63.64200000000001
г. Санкт-Петербург,2016,357.2198020829848,0.0,357.2198020829848,693.9419246696666,2569.262628970579,2008.708196328774,1051.161726752651,15.49602128397198,100.0,14.1586637758273,14.14802334843004,1.069723806264844,92.47680067304842,0,55.2,35.4,58.77,0.9326251292055152,1.0,0.0,6.957651237966159,6.542388274973087,5.8783512844282155,,7.8513742219239,7.605247106046761,0.010640427397259344,-0.1874997452114,9.326251292055153,9.314087418118442,1.0,0.2,15.49722681671185,14.15777414233609,0.02000782640407799,100.0,37.55,43.95,63.64200000000001
г. Санкт-Петербург,2017,365.1939817335599,0.0,365.1939817335599,255.2507485319781,2641.149175456579,1356.442191766005,620.444730265538,15.51114176284808,100.0,14.15448323698953,14.1586637758273,-0.4171812549712661,92.47680067304842,0,32.7,39.7,58.77,0.9320385686547215,1.0,0.0,6.430436527777417,5.542246389584953,5.900428669213614,,7.878969395161081,7.212620515463675,-0.004180538837770698,-0.5272147101887423,9.320385686547215,9.314087418118442,1.0,0.2,15.49722681671185,14.15777414233609,0.02000782640407799,100.0,37.55,43.95,63.64200000000001
г. Санкт-Петербург,2018,2320.186584952241,0.0,2320.186584952241,219.9791489399416,2423.705225665057,235.4067907195263,2540.165733892183,15.52399511545948,100.0,14.17506466046437,14.15448323698953,2.079468150952701,92.47680067304842,0,32.7,39.7,58.77,0.8823537797771698,1.0,0.0,7.839984607447774,5.393532764314966,7.749402885974855,,7.793052733220705,5.46131504198667,0.020581423474840932,1.4095480796703574,8.823537797771698,9.314087418118442,1.0,0.2,15.49722681671185,14.15777414233609,0.02000782640407799,100.0,37.55,43.95,63.64200000000001
г. Санкт-Петербург,2019,307.6761619126157,0.0,307.6761619126157,300.3766066502799,2571.595646307409,2702.133333701365,608.0527685628956,15.53174946806365,100.0,14.18515022598853,14.17506466046437,1.013659625376828,92.47680067304842,0,32.7,39.7,75.01,0.9567556350432515,1.0,1.0,6.410261668599597,5.705037042857242,5.729047807479695,,7.852281859276291,7.901796863602199,0.010085565524159179,-1.429722938848177,9.567556350432515,9.314087418118442,1.0,0.2,15.49722681671185,14.15777414233609,0.02000782640407799,100.0,37.55,43.95,63.64200000000001
г. Санкт-Петербург,2020,1087.138071302089,0.0,1087.138071302089,1114.019619177079,3826.699980434918,4286.147091854024,2201.157690479168,15.53552927659848,100.0,14.15605260946941,14.18515022598853,-2.867835719912115,92.47680067304842,0,32.7,39.7,75.01,0.9658803834796741,1.0,0.0,7.696738723884743,7.0157300318016995,6.9913038995718875,,8.24975808685612,8.363143494589297,-0.029097616519118574,1.2864770552851459,9.65880383479674,9.314087418118442,1.0,0.2,15.49722681671185,14.15777414233609,0.02000782640407799,100.0,37.55,43.95,63.64200000000001
г. Санкт-Петербург,2021,178.6283663632069,0.0,178.6283663632069,1398.419105182634,2927.258275459231,4415.059597394884,1577.047471545841,15.5379583548938,100.0,14.33594508796805,14.15605260946941,19.70886434336661,92.47680067304842,0,32.7,39.7,75.01,0.9696977552748981,1.0,0.0,7.363309688948676,7.243097666980881,5.185307482052613,,7.981821521767021,8.39277661179064,0.17989247849863865,-0.3334290349360671,9.696977552748981,9.314087418118442,1.0,0.2,15.49722681671185,14.15777414233609,0.02000782640407799,100.0,37.55,43.95,63.64200000000001
